2026-10-09 10:16:54,979 INFO [run_eval] stage=m4 ablation=AblationConfig(perception=True, planning=True, rag=True, reflection=True, short_com=False, long_com=False)
2026-10-09 10:16:56,790 INFO [run_eval] evaluating 290 videos from /root/autodl-tmp/data/ucf_crime
2026-10-09 10:16:56,828 INFO [panda.knowledge] loading knowledge base from cache cache/knowledge_base_7a1382a565bb.json
2026-10-09 10:17:03,902 | INFO    | modelscope_hub.download | Downloading 31 files from sentence-transformers/all-MiniLM-L6-v2@master
Downloading:   0%|          | 0/31 [00:00<?, ?file/s]Downloading:  23%|██▎       | 7/31 [00:00<00:00, 59.33file/s]Downloading:  68%|██████▊   | 21/31 [00:00<00:00, 101.94file/s]Downloading: 100%|██████████| 31/31 [00:00<00:00, 87.98file/s] 
2026-10-09 10:17:04,270 INFO [panda.knowledge] modelscope model sentence-transformers/all-MiniLM-L6-v2 -> /root/.cache/modelscope/models/sentence-transformers--all-MiniLM-L6-v2/snapshots/master
2026-10-09 10:17:04,272 INFO [sentence_transformers.base.model] Loading SentenceTransformer model from /root/.cache/modelscope/models/sentence-transformers--all-MiniLM-L6-v2/snapshots/master.
Loading weights:   0%|          | 0/103 [00:00<?, ?it/s]Loading weights: 100%|██████████| 103/103 [00:00<00:00, 4995.24it/s]
2026-10-09 10:17:04,544 INFO [run_eval] video Abuse028_x264 (abnormal): 47 frames, fps=30.00
2026-10-09 10:17:04,546 INFO [panda.agent] === video Abuse028_x264: 47 frames, 10 clips ===
2026-10-09 10:17:04,547 INFO [panda.agent] perception: sampled 47 frames, sending 32 (token budget)
2026-10-09 10:17:06,823 INFO [httpx2] HTTP Request: POST http://localhost:8000/v1/chat/completions "HTTP/1.1 200 OK"
2026-10-09 10:17:08,104 INFO [httpx2] HTTP Request: POST http://localhost:8000/v1/chat/completions "HTTP/1.1 200 OK"
2026-10-09 10:17:09,819 INFO [httpx2] HTTP Request: POST http://localhost:8000/v1/chat/completions "HTTP/1.1 200 OK"
2026-10-09 10:17:11,888 INFO [httpx2] HTTP Request: POST http://localhost:8000/v1/chat/completions "HTTP/1.1 200 OK"
2026-10-09 10:17:11,889 INFO [panda.agent] perception done: {'Scene Overview': 'The video shows a gate with a small area around it. There is a person walking towards the gate from the right side of the frame.; The video shows a gate with a person walking through it.; The video shows a person walking up a staircase with a gate in the background.; The scene shows a gate with a path leading up to it, surrounded by some greenery and a building on one side. There are no people or vehicles visible in the frames.', 'Weather Condition': 'It appears to be daytime with clear weather as there are no visible clouds and the shadows are sharp and distinct.; The weather appears to be sunny and clear.; The weather appears to be sunny and clear, as indicated by the shadows cast on the ground.; The weather appears to be clear and sunny, as indicated by the shadows cast on the ground.', 'Video Quality': 'The video quality seems to be clear, with good visibility of the scene and the person walking towards the gate.; The video is clear and has good resolution.; The video quality is clear, with good visibility of the person and the surrounding environment.; The video quality seems to be clear, with good visibility of the surroundings and objects within the frame.', 'Potential Anomalies': 'There are no obvious signs of abnormal events such as fighting, stealing, or any other listed anomalies in these frames.; No potential anomalies detected.; There are no potential anomalies detected in this video.; There are no potential anomalies detected in these frames.'}
2026-10-09 10:17:11,892 INFO [panda.agent] planning: retrieved 0 rules
2026-10-09 10:17:11,892 WARNING [panda.models] MLLM request failed (attempt 1): MLLM API key missing: set KIMI_API_KEY (and optionally KIMI_BASE_URL) in the environment.
2026-10-09 10:17:11,892 WARNING [panda.models] MLLM request failed (attempt 2): MLLM API key missing: set KIMI_API_KEY (and optionally KIMI_BASE_URL) in the environment.
2026-10-09 10:17:11,892 ERROR [panda.models] MLLM failed to produce parseable JSON after retries
2026-10-09 10:17:11,892 WARNING [panda.agent] planning output not parseable; using empty plan
2026-10-09 10:17:11,892 INFO [panda.agent] planning done: preprocessing=, anomalies=
2026-10-09 10:17:13,568 INFO [httpx2] HTTP Request: POST http://localhost:8000/v1/chat/completions "HTTP/1.1 200 OK"
2026-10-09 10:17:13,570 INFO [panda.agent] clip 0 reason: score=0.100 status=normal
2026-10-09 10:17:15,486 INFO [httpx2] HTTP Request: POST http://localhost:8000/v1/chat/completions "HTTP/1.1 200 OK"
2026-10-09 10:17:15,488 INFO [panda.agent] clip 1 reason: score=0.000 status=normal
2026-10-09 10:17:17,129 INFO [httpx2] HTTP Request: POST http://localhost:8000/v1/chat/completions "HTTP/1.1 200 OK"
2026-10-09 10:17:17,130 INFO [panda.agent] clip 2 reason: score=0.000 status=normal
2026-10-09 10:17:18,863 INFO [httpx2] HTTP Request: POST http://localhost:8000/v1/chat/completions "HTTP/1.1 200 OK"
2026-10-09 10:17:18,865 INFO [panda.agent] clip 3 reason: score=0.000 status=normal
2026-10-09 10:17:20,096 INFO [httpx2] HTTP Request: POST http://localhost:8000/v1/chat/completions "HTTP/1.1 200 OK"
2026-10-09 10:17:20,098 INFO [panda.agent] clip 4 reason: score=0.000 status=normal
2026-10-09 10:17:21,796 INFO [httpx2] HTTP Request: POST http://localhost:8000/v1/chat/completions "HTTP/1.1 200 OK"
2026-10-09 10:17:21,798 INFO [panda.agent] clip 5 reason: score=0.000 status=normal
2026-10-09 10:17:23,508 INFO [httpx2] HTTP Request: POST http://localhost:8000/v1/chat/completions "HTTP/1.1 200 OK"
2026-10-09 10:17:23,511 INFO [panda.agent] clip 6 reason: score=0.000 status=normal
2026-10-09 10:17:25,292 INFO [httpx2] HTTP Request: POST http://localhost:8000/v1/chat/completions "HTTP/1.1 200 OK"
2026-10-09 10:17:25,294 INFO [panda.agent] clip 7 reason: score=0.000 status=normal
2026-10-09 10:17:27,309 INFO [httpx2] HTTP Request: POST http://localhost:8000/v1/chat/completions "HTTP/1.1 200 OK"
2026-10-09 10:17:27,310 INFO [panda.agent] clip 8 reason: score=0.000 status=normal
2026-10-09 10:17:29,204 INFO [httpx2] HTTP Request: POST http://localhost:8000/v1/chat/completions "HTTP/1.1 200 OK"
2026-10-09 10:17:29,205 INFO [panda.agent] clip 9 reason: score=0.000 status=normal
2026-10-09 10:17:29,206 INFO [panda.agent] === video Abuse028_x264 done: 10 clips ===
2026-10-09 10:17:29,248 INFO [run_eval] video Abuse028_x264 done in 24.7s: auc raw=44.32 smoothed=88.64
2026-10-09 10:17:29,248 INFO [run_eval] video Abuse030_x264 (abnormal): 51 frames, fps=30.00
2026-10-09 10:17:29,249 INFO [panda.agent] === video Abuse030_x264: 51 frames, 11 clips ===
2026-10-09 10:17:29,250 INFO [panda.agent] perception: sampled 51 frames, sending 32 (token budget)
2026-10-09 10:17:32,319 INFO [httpx2] HTTP Request: POST http://localhost:8000/v1/chat/completions "HTTP/1.1 200 OK"
2026-10-09 10:17:34,635 INFO [httpx2] HTTP Request: POST http://localhost:8000/v1/chat/completions "HTTP/1.1 200 OK"
2026-10-09 10:17:36,258 INFO [httpx2] HTTP Request: POST http://localhost:8000/v1/chat/completions "HTTP/1.1 200 OK"
2026-10-09 10:17:38,434 INFO [httpx2] HTTP Request: POST http://localhost:8000/v1/chat/completions "HTTP/1.1 200 OK"
2026-10-09 10:17:38,436 INFO [panda.agent] perception done: {'Scene Overview': 'The scene shows a street with a white van parked on the left side. There is a fence with a gate in the middle of the image. A dog is walking on the sidewalk near the gate.; The scene shows a street with a sidewalk, a road, and some buildings in the background. There is a white van parked on the side of the road, and a person walking on the sidewalk.; The scene shows a street with a sidewalk, a building, and a parked white van. There is a person walking on the sidewalk.; The scene takes place outside a building with a gate and a parking lot. A person is seen walking towards the gate with a dog.', 'Weather Condition': 'The weather appears to be overcast, as there are no visible shadows or bright sunlight. The lighting is even and diffused, suggesting it might be a cloudy day.; It appears to be daytime with clear weather conditions.; The weather appears to be clear and sunny, as there are no visible signs of rain or overcast skies.', 'Video Quality': "The video quality is moderate, with some graininess and noise present. The image is not very sharp, which could be due to the camera's resolution or the lighting conditions. The colors appear somewhat muted, possibly due to the overcast sky.; The video quality is moderate, with some noise and graininess visible. The image is slightly blurry, which may affect the clarity of details.; The video quality is clear, with good visibility of the surroundings and objects.; The video quality is moderate, with some noise and graininess present. The image is not very sharp, but the main subject is still discernible.", 'Potential Anomalies': 'There are no obvious signs of abnormal events in these frames. The dog walking on the sidewalk does not indicate any unusual activity.; There are no obvious signs of abnormal events such as fighting, stealing, or other criminal activities in these frames.; No potential anomalies detected.; There are no obvious signs of abnormal events in these frames.'}
2026-10-09 10:17:38,438 INFO [panda.agent] planning: retrieved 0 rules
2026-10-09 10:17:38,439 WARNING [panda.models] MLLM request failed (attempt 1): MLLM API key missing: set KIMI_API_KEY (and optionally KIMI_BASE_URL) in the environment.
2026-10-09 10:17:38,439 WARNING [panda.models] MLLM request failed (attempt 2): MLLM API key missing: set KIMI_API_KEY (and optionally KIMI_BASE_URL) in the environment.
2026-10-09 10:17:38,439 ERROR [panda.models] MLLM failed to produce parseable JSON after retries
2026-10-09 10:17:38,439 WARNING [panda.agent] planning output not parseable; using empty plan
2026-10-09 10:17:38,439 INFO [panda.agent] planning done: preprocessing=, anomalies=
2026-10-09 10:17:40,067 INFO [httpx2] HTTP Request: POST http://localhost:8000/v1/chat/completions "HTTP/1.1 200 OK"
2026-10-09 10:17:40,069 INFO [panda.agent] clip 0 reason: score=0.000 status=normal
2026-10-09 10:17:42,157 INFO [httpx2] HTTP Request: POST http://localhost:8000/v1/chat/completions "HTTP/1.1 200 OK"
2026-10-09 10:17:42,159 INFO [panda.agent] clip 1 reason: score=0.000 status=normal
2026-10-09 10:17:44,242 INFO [httpx2] HTTP Request: POST http://localhost:8000/v1/chat/completions "HTTP/1.1 200 OK"
2026-10-09 10:17:44,244 INFO [panda.agent] clip 2 reason: score=0.000 status=normal
2026-10-09 10:17:45,906 INFO [httpx2] HTTP Request: POST http://localhost:8000/v1/chat/completions "HTTP/1.1 200 OK"
2026-10-09 10:17:45,908 INFO [panda.agent] clip 3 reason: score=0.000 status=normal
2026-10-09 10:17:47,987 INFO [httpx2] HTTP Request: POST http://localhost:8000/v1/chat/completions "HTTP/1.1 200 OK"
2026-10-09 10:17:47,989 INFO [panda.agent] clip 4 reason: score=0.000 status=normal
2026-10-09 10:17:49,785 INFO [httpx2] HTTP Request: POST http://localhost:8000/v1/chat/completions "HTTP/1.1 200 OK"
2026-10-09 10:17:49,787 INFO [panda.agent] clip 5 reason: score=0.000 status=normal
2026-10-09 10:17:51,899 INFO [httpx2] HTTP Request: POST http://localhost:8000/v1/chat/completions "HTTP/1.1 200 OK"
2026-10-09 10:17:51,902 INFO [panda.agent] clip 6 reason: score=0.000 status=normal
2026-10-09 10:17:53,198 INFO [httpx2] HTTP Request: POST http://localhost:8000/v1/chat/completions "HTTP/1.1 200 OK"
2026-10-09 10:17:53,200 INFO [panda.agent] clip 7 reason: score=0.000 status=normal
2026-10-09 10:17:54,828 INFO [httpx2] HTTP Request: POST http://localhost:8000/v1/chat/completions "HTTP/1.1 200 OK"
2026-10-09 10:17:54,830 INFO [panda.agent] clip 8 reason: score=0.000 status=normal
2026-10-09 10:17:56,502 INFO [httpx2] HTTP Request: POST http://localhost:8000/v1/chat/completions "HTTP/1.1 200 OK"
2026-10-09 10:17:56,504 INFO [panda.agent] clip 9 reason: score=0.000 status=normal
2026-10-09 10:17:58,806 INFO [httpx2] HTTP Request: POST http://localhost:8000/v1/chat/completions "HTTP/1.1 200 OK"
2026-10-09 10:17:58,809 INFO [panda.agent] clip 10 reason: score=0.000 status=normal
2026-10-09 10:17:58,812 INFO [panda.agent] === video Abuse030_x264 done: 11 clips ===
2026-10-09 10:17:58,832 INFO [run_eval] video Abuse030_x264 done in 29.6s: auc raw=50.00 smoothed=50.00
2026-10-09 10:17:58,832 INFO [run_eval] video Arrest001_x264 (abnormal): 79 frames, fps=30.00
2026-10-09 10:17:58,833 INFO [panda.agent] === video Arrest001_x264: 79 frames, 16 clips ===
2026-10-09 10:17:58,834 INFO [panda.agent] perception: sampled 79 frames, sending 32 (token budget)
2026-10-09 10:18:00,646 INFO [httpx2] HTTP Request: POST http://localhost:8000/v1/chat/completions "HTTP/1.1 200 OK"
2026-10-09 10:18:02,709 INFO [httpx2] HTTP Request: POST http://localhost:8000/v1/chat/completions "HTTP/1.1 200 OK"
2026-10-09 10:18:05,842 INFO [httpx2] HTTP Request: POST http://localhost:8000/v1/chat/completions "HTTP/1.1 200 OK"
2026-10-09 10:18:07,782 INFO [httpx2] HTTP Request: POST http://localhost:8000/v1/chat/completions "HTTP/1.1 200 OK"
2026-10-09 10:18:07,785 INFO [panda.agent] perception done: {'Scene Overview': 'The scene takes place in an office setting with desks, chairs, and office equipment visible. There are no people present in the video.; The scene takes place in an office setting with desks, chairs, and computer equipment visible. The office appears to be moderately busy with people working at their desks.; The video shows a group of people in an office setting. The individuals appear to be engaged in some form of interaction or activity within the office space.; The scene takes place in an office setting with desks, computers, and office supplies visible. There are two individuals present, one seated at a desk and another standing near the entrance.', 'Weather Condition': 'The video appears to be taken indoors, so there is no weather condition to describe.; The weather condition cannot be determined from the video as it is an indoor scene.; The video appears to have been recorded during the daytime with natural light coming through the windows, indicating it was taken during the day under clear weather conditions.; The weather condition cannot be determined as the video is indoors.', 'Video Quality': "The video quality is clear, with good visibility of the office environment and objects within it.; The video quality is moderate, with some blurriness and noise present. The lighting is adequate for viewing the scene but not particularly bright or dim.; The video quality seems to be moderate, with visible details but not extremely sharp. There might be some slight motion blur, which could be due to the camera's movement or the speed at which the events are unfolding.; The video quality appears to be clear, with good visibility of the office environment and the individuals within it.", 'Potential Anomalies': "There are no potential anomalies detected in this video.; No potential anomalies are detected in these frames.; Based on the visual content, there doesn't seem to be any immediate indication of a specific abnormal event such as fighting, stealing, or other listed anomalies. However, the interaction between the individuals could potentially escalate into one of these situations if not managed properly.; No potential anomalies are detected in this video."}
2026-10-09 10:18:07,787 INFO [panda.agent] planning: retrieved 0 rules
2026-10-09 10:18:07,788 WARNING [panda.models] MLLM request failed (attempt 1): MLLM API key missing: set KIMI_API_KEY (and optionally KIMI_BASE_URL) in the environment.
2026-10-09 10:18:07,788 WARNING [panda.models] MLLM request failed (attempt 2): MLLM API key missing: set KIMI_API_KEY (and optionally KIMI_BASE_URL) in the environment.
2026-10-09 10:18:07,788 ERROR [panda.models] MLLM failed to produce parseable JSON after retries
2026-10-09 10:18:07,788 WARNING [panda.agent] planning output not parseable; using empty plan
2026-10-09 10:18:07,789 INFO [panda.agent] planning done: preprocessing=, anomalies=
2026-10-09 10:18:09,596 INFO [httpx2] HTTP Request: POST http://localhost:8000/v1/chat/completions "HTTP/1.1 200 OK"
2026-10-09 10:18:09,598 INFO [panda.agent] clip 0 reason: score=0.000 status=normal
2026-10-09 10:18:11,409 INFO [httpx2] HTTP Request: POST http://localhost:8000/v1/chat/completions "HTTP/1.1 200 OK"
2026-10-09 10:18:11,411 INFO [panda.agent] clip 1 reason: score=0.000 status=normal
2026-10-09 10:18:12,689 INFO [httpx2] HTTP Request: POST http://localhost:8000/v1/chat/completions "HTTP/1.1 200 OK"
2026-10-09 10:18:12,692 INFO [panda.agent] clip 2 reason: score=0.000 status=normal
2026-10-09 10:18:14,552 INFO [httpx2] HTTP Request: POST http://localhost:8000/v1/chat/completions "HTTP/1.1 200 OK"
2026-10-09 10:18:14,555 INFO [panda.agent] clip 3 reason: score=0.000 status=normal
2026-10-09 10:18:15,790 INFO [httpx2] HTTP Request: POST http://localhost:8000/v1/chat/completions "HTTP/1.1 200 OK"
2026-10-09 10:18:15,792 INFO [panda.agent] clip 4 reason: score=0.000 status=normal
2026-10-09 10:18:17,613 INFO [httpx2] HTTP Request: POST http://localhost:8000/v1/chat/completions "HTTP/1.1 200 OK"
2026-10-09 10:18:17,615 INFO [panda.agent] clip 5 reason: score=0.000 status=normal
2026-10-09 10:18:19,313 INFO [httpx2] HTTP Request: POST http://localhost:8000/v1/chat/completions "HTTP/1.1 200 OK"
2026-10-09 10:18:19,315 INFO [panda.agent] clip 6 reason: score=0.000 status=normal
2026-10-09 10:18:21,022 INFO [httpx2] HTTP Request: POST http://localhost:8000/v1/chat/completions "HTTP/1.1 200 OK"
2026-10-09 10:18:21,025 INFO [panda.agent] clip 7 reason: score=0.000 status=normal
2026-10-09 10:18:22,457 INFO [httpx2] HTTP Request: POST http://localhost:8000/v1/chat/completions "HTTP/1.1 200 OK"
2026-10-09 10:18:22,459 INFO [panda.agent] clip 8 reason: score=0.700 status=abnormal
2026-10-09 10:18:23,920 INFO [httpx2] HTTP Request: POST http://localhost:8000/v1/chat/completions "HTTP/1.1 200 OK"
2026-10-09 10:18:23,922 INFO [panda.agent] clip 9 reason: score=0.800 status=abnormal
2026-10-09 10:18:25,661 INFO [httpx2] HTTP Request: POST http://localhost:8000/v1/chat/completions "HTTP/1.1 200 OK"
2026-10-09 10:18:25,663 INFO [panda.agent] clip 10 reason: score=0.000 status=normal
2026-10-09 10:18:27,304 INFO [httpx2] HTTP Request: POST http://localhost:8000/v1/chat/completions "HTTP/1.1 200 OK"
2026-10-09 10:18:27,307 INFO [panda.agent] clip 11 reason: score=0.000 status=normal
2026-10-09 10:18:29,145 INFO [httpx2] HTTP Request: POST http://localhost:8000/v1/chat/completions "HTTP/1.1 200 OK"
2026-10-09 10:18:29,147 INFO [panda.agent] clip 12 reason: score=0.000 status=normal
2026-10-09 10:18:30,713 INFO [httpx2] HTTP Request: POST http://localhost:8000/v1/chat/completions "HTTP/1.1 200 OK"
2026-10-09 10:18:30,715 INFO [panda.agent] clip 13 reason: score=0.000 status=normal
2026-10-09 10:18:32,623 INFO [httpx2] HTTP Request: POST http://localhost:8000/v1/chat/completions "HTTP/1.1 200 OK"
2026-10-09 10:18:32,625 INFO [panda.agent] clip 14 reason: score=0.000 status=normal
2026-10-09 10:18:34,873 INFO [httpx2] HTTP Request: POST http://localhost:8000/v1/chat/completions "HTTP/1.1 200 OK"
2026-10-09 10:18:34,876 INFO [panda.agent] clip 15 reason: score=0.100 status=normal
2026-10-09 10:18:34,879 INFO [panda.agent] === video Arrest001_x264 done: 16 clips ===
2026-10-09 10:18:34,900 INFO [run_eval] video Arrest001_x264 done in 36.1s: auc raw=93.62 smoothed=99.13
2026-10-09 10:18:34,900 INFO [run_eval] video Arrest007_x264 (abnormal): 105 frames, fps=30.00
2026-10-09 10:18:34,902 INFO [panda.agent] === video Arrest007_x264: 105 frames, 21 clips ===
2026-10-09 10:18:34,903 INFO [panda.agent] perception: sampled 105 frames, sending 32 (token budget)
2026-10-09 10:18:36,607 INFO [httpx2] HTTP Request: POST http://localhost:8000/v1/chat/completions "HTTP/1.1 200 OK"
2026-10-09 10:18:38,716 INFO [httpx2] HTTP Request: POST http://localhost:8000/v1/chat/completions "HTTP/1.1 200 OK"
2026-10-09 10:18:40,965 INFO [httpx2] HTTP Request: POST http://localhost:8000/v1/chat/completions "HTTP/1.1 200 OK"
2026-10-09 10:18:42,631 INFO [httpx2] HTTP Request: POST http://localhost:8000/v1/chat/completions "HTTP/1.1 200 OK"
2026-10-09 10:18:42,633 INFO [panda.agent] perception done: {'Scene Overview': 'The video shows a man in a room with a washing machine. The man is seen opening the washing machine and taking out some clothes.; The scene takes place in a room with a desk, a chair, and a filing cabinet. A man is seen moving around the desk and interacting with objects on it.; The scene takes place in a room with a bench, a cabinet, and a printer. A person is lying on the floor, and two officers are present. One officer is standing over the person, while the other is walking towards them.; The video shows a room with a bench and a washing machine. A person enters the room and walks towards the door.', 'Weather Condition': 'The weather condition cannot be determined as the video is indoors.', 'Video Quality': 'The video quality appears to be clear and well-lit.; The video quality appears to be clear, with good visibility of the objects and the person in the room.; The video quality appears to be clear, with good visibility of the objects and people in the room.', 'Potential Anomalies': 'There are no potential anomalies detected in this video.; There are no obvious signs of abnormal events such as fighting, stealing, or vandalism in the video.; Based on the visual content, potential anomalies include Assault, Arrest, and Fighting.'}
2026-10-09 10:18:42,635 INFO [panda.agent] planning: retrieved 0 rules
2026-10-09 10:18:42,635 WARNING [panda.models] MLLM request failed (attempt 1): MLLM API key missing: set KIMI_API_KEY (and optionally KIMI_BASE_URL) in the environment.
2026-10-09 10:18:42,635 WARNING [panda.models] MLLM request failed (attempt 2): MLLM API key missing: set KIMI_API_KEY (and optionally KIMI_BASE_URL) in the environment.
2026-10-09 10:18:42,636 ERROR [panda.models] MLLM failed to produce parseable JSON after retries
2026-10-09 10:18:42,636 WARNING [panda.agent] planning output not parseable; using empty plan
2026-10-09 10:18:42,636 INFO [panda.agent] planning done: preprocessing=, anomalies=
2026-10-09 10:18:44,578 INFO [httpx2] HTTP Request: POST http://localhost:8000/v1/chat/completions "HTTP/1.1 200 OK"
2026-10-09 10:18:44,581 INFO [panda.agent] clip 0 reason: score=0.000 status=normal
2026-10-09 10:18:46,182 INFO [httpx2] HTTP Request: POST http://localhost:8000/v1/chat/completions "HTTP/1.1 200 OK"
2026-10-09 10:18:46,184 INFO [panda.agent] clip 1 reason: score=0.000 status=normal
2026-10-09 10:18:47,673 INFO [httpx2] HTTP Request: POST http://localhost:8000/v1/chat/completions "HTTP/1.1 200 OK"
2026-10-09 10:18:47,676 INFO [panda.agent] clip 2 reason: score=0.100 status=normal
2026-10-09 10:18:49,065 INFO [httpx2] HTTP Request: POST http://localhost:8000/v1/chat/completions "HTTP/1.1 200 OK"
2026-10-09 10:18:49,067 INFO [panda.agent] clip 3 reason: score=0.000 status=normal
2026-10-09 10:18:50,477 INFO [httpx2] HTTP Request: POST http://localhost:8000/v1/chat/completions "HTTP/1.1 200 OK"
2026-10-09 10:18:50,480 INFO [panda.agent] clip 4 reason: score=0.000 status=normal
2026-10-09 10:18:52,339 INFO [httpx2] HTTP Request: POST http://localhost:8000/v1/chat/completions "HTTP/1.1 200 OK"
2026-10-09 10:18:52,341 INFO [panda.agent] clip 5 reason: score=0.000 status=normal
2026-10-09 10:18:53,762 INFO [httpx2] HTTP Request: POST http://localhost:8000/v1/chat/completions "HTTP/1.1 200 OK"
2026-10-09 10:18:53,764 INFO [panda.agent] clip 6 reason: score=0.000 status=normal
2026-10-09 10:18:55,127 INFO [httpx2] HTTP Request: POST http://localhost:8000/v1/chat/completions "HTTP/1.1 200 OK"
2026-10-09 10:18:55,129 INFO [panda.agent] clip 7 reason: score=0.000 status=normal
2026-10-09 10:18:56,574 INFO [httpx2] HTTP Request: POST http://localhost:8000/v1/chat/completions "HTTP/1.1 200 OK"
2026-10-09 10:18:56,577 INFO [panda.agent] clip 8 reason: score=0.000 status=normal
2026-10-09 10:18:57,926 INFO [httpx2] HTTP Request: POST http://localhost:8000/v1/chat/completions "HTTP/1.1 200 OK"
2026-10-09 10:18:57,927 INFO [panda.agent] clip 9 reason: score=0.100 status=normal
2026-10-09 10:18:59,667 INFO [httpx2] HTTP Request: POST http://localhost:8000/v1/chat/completions "HTTP/1.1 200 OK"
2026-10-09 10:18:59,670 INFO [panda.agent] clip 10 reason: score=0.000 status=normal
2026-10-09 10:19:01,403 INFO [httpx2] HTTP Request: POST http://localhost:8000/v1/chat/completions "HTTP/1.1 200 OK"
2026-10-09 10:19:01,406 INFO [panda.agent] clip 11 reason: score=0.800 status=abnormal
2026-10-09 10:19:03,544 INFO [httpx2] HTTP Request: POST http://localhost:8000/v1/chat/completions "HTTP/1.1 200 OK"
2026-10-09 10:19:03,546 INFO [panda.agent] clip 12 reason: score=0.200 status=insufficient
2026-10-09 10:19:03,549 WARNING [panda.models] MLLM request failed (attempt 1): MLLM API key missing: set KIMI_API_KEY (and optionally KIMI_BASE_URL) in the environment.
2026-10-09 10:19:03,549 WARNING [panda.models] MLLM request failed (attempt 2): MLLM API key missing: set KIMI_API_KEY (and optionally KIMI_BASE_URL) in the environment.
2026-10-09 10:19:03,549 ERROR [panda.models] MLLM failed to produce parseable JSON after retries
2026-10-09 10:19:03,549 WARNING [panda.agent] reflection output not parseable; using empty reflection
2026-10-09 10:19:03,550 INFO [panda.agent] clip 12 reflection round 1: tools=[]
2026-10-09 10:19:03,551 INFO [panda.agent] clip 12: reflection suggested no tools
2026-10-09 10:19:05,824 INFO [httpx2] HTTP Request: POST http://localhost:8000/v1/chat/completions "HTTP/1.1 200 OK"
2026-10-09 10:19:05,826 INFO [panda.agent] clip 12 re-reason (round 1): score=0.200 status=insufficient
2026-10-09 10:19:05,829 WARNING [panda.models] MLLM request failed (attempt 1): MLLM API key missing: set KIMI_API_KEY (and optionally KIMI_BASE_URL) in the environment.
2026-10-09 10:19:05,829 WARNING [panda.models] MLLM request failed (attempt 2): MLLM API key missing: set KIMI_API_KEY (and optionally KIMI_BASE_URL) in the environment.
2026-10-09 10:19:05,829 ERROR [panda.models] MLLM failed to produce parseable JSON after retries
2026-10-09 10:19:05,829 WARNING [panda.agent] reflection output not parseable; using empty reflection
2026-10-09 10:19:05,829 INFO [panda.agent] clip 12 reflection round 2: tools=[]
2026-10-09 10:19:05,831 INFO [panda.agent] clip 12: reflection suggested no tools
2026-10-09 10:19:08,105 INFO [httpx2] HTTP Request: POST http://localhost:8000/v1/chat/completions "HTTP/1.1 200 OK"
2026-10-09 10:19:08,107 INFO [panda.agent] clip 12 re-reason (round 2): score=0.200 status=insufficient
2026-10-09 10:19:08,110 WARNING [panda.models] MLLM request failed (attempt 1): MLLM API key missing: set KIMI_API_KEY (and optionally KIMI_BASE_URL) in the environment.
2026-10-09 10:19:08,110 WARNING [panda.models] MLLM request failed (attempt 2): MLLM API key missing: set KIMI_API_KEY (and optionally KIMI_BASE_URL) in the environment.
2026-10-09 10:19:08,111 ERROR [panda.models] MLLM failed to produce parseable JSON after retries
2026-10-09 10:19:08,111 WARNING [panda.agent] reflection output not parseable; using empty reflection
2026-10-09 10:19:08,111 INFO [panda.agent] clip 12 reflection round 3: tools=[]
2026-10-09 10:19:08,113 INFO [panda.agent] clip 12: reflection suggested no tools
2026-10-09 10:19:10,381 INFO [httpx2] HTTP Request: POST http://localhost:8000/v1/chat/completions "HTTP/1.1 200 OK"
2026-10-09 10:19:10,384 INFO [panda.agent] clip 12 re-reason (round 3): score=0.200 status=insufficient
2026-10-09 10:19:10,386 INFO [panda.agent] clip 12: still insufficient after 3 rounds; fallback score 0.50
2026-10-09 10:19:12,100 INFO [httpx2] HTTP Request: POST http://localhost:8000/v1/chat/completions "HTTP/1.1 200 OK"
2026-10-09 10:19:12,102 INFO [panda.agent] clip 13 reason: score=0.200 status=insufficient
2026-10-09 10:19:12,105 WARNING [panda.models] MLLM request failed (attempt 1): MLLM API key missing: set KIMI_API_KEY (and optionally KIMI_BASE_URL) in the environment.
2026-10-09 10:19:12,105 WARNING [panda.models] MLLM request failed (attempt 2): MLLM API key missing: set KIMI_API_KEY (and optionally KIMI_BASE_URL) in the environment.
2026-10-09 10:19:12,105 ERROR [panda.models] MLLM failed to produce parseable JSON after retries
2026-10-09 10:19:12,106 WARNING [panda.agent] reflection output not parseable; using empty reflection
2026-10-09 10:19:12,106 INFO [panda.agent] clip 13 reflection round 1: tools=[]
2026-10-09 10:19:12,107 INFO [panda.agent] clip 13: reflection suggested no tools
2026-10-09 10:19:13,912 INFO [httpx2] HTTP Request: POST http://localhost:8000/v1/chat/completions "HTTP/1.1 200 OK"
2026-10-09 10:19:13,914 INFO [panda.agent] clip 13 re-reason (round 1): score=0.000 status=normal
2026-10-09 10:19:15,591 INFO [httpx2] HTTP Request: POST http://localhost:8000/v1/chat/completions "HTTP/1.1 200 OK"
2026-10-09 10:19:15,594 INFO [panda.agent] clip 14 reason: score=0.000 status=normal
2026-10-09 10:19:17,421 INFO [httpx2] HTTP Request: POST http://localhost:8000/v1/chat/completions "HTTP/1.1 200 OK"
2026-10-09 10:19:17,423 INFO [panda.agent] clip 15 reason: score=0.000 status=normal
2026-10-09 10:19:19,086 INFO [httpx2] HTTP Request: POST http://localhost:8000/v1/chat/completions "HTTP/1.1 200 OK"
2026-10-09 10:19:19,089 INFO [panda.agent] clip 16 reason: score=0.000 status=normal
2026-10-09 10:19:20,807 INFO [httpx2] HTTP Request: POST http://localhost:8000/v1/chat/completions "HTTP/1.1 200 OK"
2026-10-09 10:19:20,809 INFO [panda.agent] clip 17 reason: score=0.000 status=normal
2026-10-09 10:19:22,150 INFO [httpx2] HTTP Request: POST http://localhost:8000/v1/chat/completions "HTTP/1.1 200 OK"
2026-10-09 10:19:22,153 INFO [panda.agent] clip 18 reason: score=0.000 status=normal
2026-10-09 10:19:24,052 INFO [httpx2] HTTP Request: POST http://localhost:8000/v1/chat/completions "HTTP/1.1 200 OK"
2026-10-09 10:19:24,054 INFO [panda.agent] clip 19 reason: score=0.000 status=normal
2026-10-09 10:19:25,989 INFO [httpx2] HTTP Request: POST http://localhost:8000/v1/chat/completions "HTTP/1.1 200 OK"
2026-10-09 10:19:25,991 INFO [panda.agent] clip 20 reason: score=0.000 status=normal
2026-10-09 10:19:25,994 INFO [panda.agent] === video Arrest007_x264 done: 21 clips ===
2026-10-09 10:19:26,014 INFO [run_eval] video Arrest007_x264 done in 51.1s: auc raw=69.44 smoothed=93.29
2026-10-09 10:19:26,015 INFO [run_eval] video Arrest024_x264 (abnormal): 121 frames, fps=30.00
2026-10-09 10:19:26,016 INFO [panda.agent] === video Arrest024_x264: 121 frames, 25 clips ===
2026-10-09 10:19:26,017 INFO [panda.agent] perception: sampled 121 frames, sending 32 (token budget)
2026-10-09 10:19:29,307 INFO [httpx2] HTTP Request: POST http://localhost:8000/v1/chat/completions "HTTP/1.1 200 OK"
2026-10-09 10:19:32,198 INFO [httpx2] HTTP Request: POST http://localhost:8000/v1/chat/completions "HTTP/1.1 200 OK"
2026-10-09 10:19:34,888 INFO [httpx2] HTTP Request: POST http://localhost:8000/v1/chat/completions "HTTP/1.1 200 OK"
2026-10-09 10:19:38,428 INFO [httpx2] HTTP Request: POST http://localhost:8000/v1/chat/completions "HTTP/1.1 200 OK"
2026-10-09 10:19:38,430 INFO [panda.agent] perception done: {'Scene Overview': 'The video shows a busy urban street with multiple lanes of traffic. There are several cars moving in both directions, and pedestrians can be seen walking along the sidewalks. The scene appears to be during the daytime, as there is ample natural light illuminating the area.; The scene takes place on a street with multiple cars parked along the side. There are people walking around and some individuals appear to be involved in a car accident.; The scene takes place on a street with parked cars along the side. There is a white car that appears to have been involved in an accident, with its door open and debris scattered around it.; The scene takes place on a busy street with multiple vehicles and pedestrians. There is a white car that has collided with another vehicle, causing damage to both cars. The area appears to be a public road with no specific building or structure dominating the view.', 'Weather Condition': 'The weather condition seems to be clear and sunny, as indicated by the bright lighting and shadows cast by the vehicles and pedestrians.; The weather appears to be clear and sunny, as there are no signs of rain or overcast skies.; The weather condition seems to be overcast, as there are no strong shadows visible on the ground.; The weather condition seems to be clear as there are no visible signs of rain, snow, or fog. The lighting suggests it could be daytime with enough natural light for visibility.', 'Video Quality': 'The video quality appears to be clear, with good visibility of the vehicles and pedestrians. However, the image is in black and white, which may affect the perception of certain details such as color and texture.; The video quality is clear, with good visibility of the objects and people in the scene. The camera angle provides a wide view of the street and the surrounding area.; The video quality appears to be clear, with good resolution and sharpness, allowing for easy identification of objects and people in the scene. There is no noticeable noise or blurriness that would affect the interpretation of the video content.', 'Potential Anomalies': 'Based on the visual content, there are no obvious signs of abnormal events such as fighting, stealing, or accidents. The traffic flow appears to be smooth, and the pedestrians seem to be walking normally without any unusual behavior.; Based on the visual content, potential anomalies include a car accident, which seems to have occurred between two vehicles. There are also people who may be involved in the incident, but it is not clear if they are the cause or effect of the accident.; Based on the visual content, potential anomalies include a car accident, which could lead to fighting or road accidents if there are injuries or damage to other vehicles.; Based on the visual content, the potential anomalies that may have occurred include a Road Accident, which is evident from the collision between the two vehicles. There is also a possibility of Injury or Damage to the vehicles and people involved.'}
2026-10-09 10:19:38,432 INFO [panda.agent] planning: retrieved 0 rules
2026-10-09 10:19:38,432 WARNING [panda.models] MLLM request failed (attempt 1): MLLM API key missing: set KIMI_API_KEY (and optionally KIMI_BASE_URL) in the environment.
2026-10-09 10:19:38,432 WARNING [panda.models] MLLM request failed (attempt 2): MLLM API key missing: set KIMI_API_KEY (and optionally KIMI_BASE_URL) in the environment.
2026-10-09 10:19:38,433 ERROR [panda.models] MLLM failed to produce parseable JSON after retries
2026-10-09 10:19:38,433 WARNING [panda.agent] planning output not parseable; using empty plan
2026-10-09 10:19:38,433 INFO [panda.agent] planning done: preprocessing=, anomalies=
2026-10-09 10:19:40,119 INFO [httpx2] HTTP Request: POST http://localhost:8000/v1/chat/completions "HTTP/1.1 200 OK"
2026-10-09 10:19:40,121 INFO [panda.agent] clip 0 reason: score=0.000 status=normal
2026-10-09 10:19:41,815 INFO [httpx2] HTTP Request: POST http://localhost:8000/v1/chat/completions "HTTP/1.1 200 OK"
2026-10-09 10:19:41,818 INFO [panda.agent] clip 1 reason: score=0.000 status=normal
2026-10-09 10:19:43,653 INFO [httpx2] HTTP Request: POST http://localhost:8000/v1/chat/completions "HTTP/1.1 200 OK"
2026-10-09 10:19:43,655 INFO [panda.agent] clip 2 reason: score=0.800 status=abnormal
2026-10-09 10:19:45,585 INFO [httpx2] HTTP Request: POST http://localhost:8000/v1/chat/completions "HTTP/1.1 200 OK"
2026-10-09 10:19:45,587 INFO [panda.agent] clip 3 reason: score=0.000 status=normal
2026-10-09 10:19:47,593 INFO [httpx2] HTTP Request: POST http://localhost:8000/v1/chat/completions "HTTP/1.1 200 OK"
2026-10-09 10:19:47,595 INFO [panda.agent] clip 4 reason: score=0.000 status=normal
2026-10-09 10:19:49,264 INFO [httpx2] HTTP Request: POST http://localhost:8000/v1/chat/completions "HTTP/1.1 200 OK"
2026-10-09 10:19:49,266 INFO [panda.agent] clip 5 reason: score=0.000 status=normal
2026-10-09 10:19:51,155 INFO [httpx2] HTTP Request: POST http://localhost:8000/v1/chat/completions "HTTP/1.1 200 OK"
2026-10-09 10:19:51,157 INFO [panda.agent] clip 6 reason: score=0.800 status=abnormal
2026-10-09 10:19:53,163 INFO [httpx2] HTTP Request: POST http://localhost:8000/v1/chat/completions "HTTP/1.1 200 OK"
2026-10-09 10:19:53,165 INFO [panda.agent] clip 7 reason: score=0.800 status=abnormal
2026-10-09 10:19:55,195 INFO [httpx2] HTTP Request: POST http://localhost:8000/v1/chat/completions "HTTP/1.1 200 OK"
2026-10-09 10:19:55,198 INFO [panda.agent] clip 8 reason: score=0.900 status=abnormal
2026-10-09 10:19:56,823 INFO [httpx2] HTTP Request: POST http://localhost:8000/v1/chat/completions "HTTP/1.1 200 OK"
2026-10-09 10:19:56,825 INFO [panda.agent] clip 9 reason: score=0.800 status=abnormal
2026-10-09 10:19:58,831 INFO [httpx2] HTTP Request: POST http://localhost:8000/v1/chat/completions "HTTP/1.1 200 OK"
2026-10-09 10:19:58,833 INFO [panda.agent] clip 10 reason: score=0.800 status=abnormal
2026-10-09 10:20:00,718 INFO [httpx2] HTTP Request: POST http://localhost:8000/v1/chat/completions "HTTP/1.1 200 OK"
2026-10-09 10:20:00,720 INFO [panda.agent] clip 11 reason: score=0.800 status=abnormal
2026-10-09 10:20:03,125 INFO [httpx2] HTTP Request: POST http://localhost:8000/v1/chat/completions "HTTP/1.1 200 OK"
2026-10-09 10:20:03,127 INFO [panda.agent] clip 12 reason: score=0.800 status=abnormal
2026-10-09 10:20:05,118 INFO [httpx2] HTTP Request: POST http://localhost:8000/v1/chat/completions "HTTP/1.1 200 OK"
2026-10-09 10:20:05,119 INFO [panda.agent] clip 13 reason: score=0.900 status=abnormal
2026-10-09 10:20:06,320 INFO [httpx2] HTTP Request: POST http://localhost:8000/v1/chat/completions "HTTP/1.1 200 OK"
2026-10-09 10:20:06,321 INFO [panda.agent] clip 14 reason: score=0.800 status=abnormal
2026-10-09 10:20:07,937 INFO [httpx2] HTTP Request: POST http://localhost:8000/v1/chat/completions "HTTP/1.1 200 OK"
2026-10-09 10:20:07,938 INFO [panda.agent] clip 15 reason: score=0.800 status=abnormal
2026-10-09 10:20:09,625 INFO [httpx2] HTTP Request: POST http://localhost:8000/v1/chat/completions "HTTP/1.1 200 OK"
2026-10-09 10:20:09,626 INFO [panda.agent] clip 16 reason: score=0.800 status=abnormal
2026-10-09 10:20:11,678 INFO [httpx2] HTTP Request: POST http://localhost:8000/v1/chat/completions "HTTP/1.1 200 OK"
2026-10-09 10:20:11,680 INFO [panda.agent] clip 17 reason: score=0.800 status=abnormal
2026-10-09 10:20:13,285 INFO [httpx2] HTTP Request: POST http://localhost:8000/v1/chat/completions "HTTP/1.1 200 OK"
2026-10-09 10:20:13,287 INFO [panda.agent] clip 18 reason: score=0.900 status=abnormal
2026-10-09 10:20:15,392 INFO [httpx2] HTTP Request: POST http://localhost:8000/v1/chat/completions "HTTP/1.1 200 OK"
2026-10-09 10:20:15,395 INFO [panda.agent] clip 19 reason: score=0.800 status=abnormal
2026-10-09 10:20:17,408 INFO [httpx2] HTTP Request: POST http://localhost:8000/v1/chat/completions "HTTP/1.1 200 OK"
2026-10-09 10:20:17,411 INFO [panda.agent] clip 20 reason: score=0.800 status=abnormal
2026-10-09 10:20:19,207 INFO [httpx2] HTTP Request: POST http://localhost:8000/v1/chat/completions "HTTP/1.1 200 OK"
2026-10-09 10:20:19,210 INFO [panda.agent] clip 21 reason: score=0.000 status=normal
2026-10-09 10:20:20,768 INFO [httpx2] HTTP Request: POST http://localhost:8000/v1/chat/completions "HTTP/1.1 200 OK"
2026-10-09 10:20:20,770 INFO [panda.agent] clip 22 reason: score=0.800 status=abnormal
2026-10-09 10:20:23,142 INFO [httpx2] HTTP Request: POST http://localhost:8000/v1/chat/completions "HTTP/1.1 200 OK"
2026-10-09 10:20:23,144 INFO [panda.agent] clip 23 reason: score=0.800 status=abnormal
2026-10-09 10:20:25,098 INFO [httpx2] HTTP Request: POST http://localhost:8000/v1/chat/completions "HTTP/1.1 200 OK"
2026-10-09 10:20:25,101 INFO [panda.agent] clip 24 reason: score=0.800 status=abnormal
2026-10-09 10:20:25,104 INFO [panda.agent] === video Arrest024_x264 done: 25 clips ===
2026-10-09 10:20:25,124 INFO [run_eval] video Arrest024_x264 done in 59.1s: auc raw=83.82 smoothed=97.20
2026-10-09 10:20:25,124 INFO [run_eval] video Arrest030_x264 (abnormal): 288 frames, fps=30.00
2026-10-09 10:20:25,126 INFO [panda.agent] === video Arrest030_x264: 288 frames, 58 clips ===
2026-10-09 10:20:25,127 INFO [panda.agent] perception: sampled 288 frames, sending 32 (token budget)
2026-10-09 10:20:26,832 INFO [httpx2] HTTP Request: POST http://localhost:8000/v1/chat/completions "HTTP/1.1 200 OK"
2026-10-09 10:20:28,874 INFO [httpx2] HTTP Request: POST http://localhost:8000/v1/chat/completions "HTTP/1.1 200 OK"
2026-10-09 10:20:31,810 INFO [httpx2] HTTP Request: POST http://localhost:8000/v1/chat/completions "HTTP/1.1 200 OK"
2026-10-09 10:20:34,735 INFO [httpx2] HTTP Request: POST http://localhost:8000/v1/chat/completions "HTTP/1.1 200 OK"
2026-10-09 10:20:34,737 INFO [panda.agent] perception done: {'Scene Overview': 'The video shows a bank vault room with two people entering the room. The room has a counter, a safe, and some lockers.; The video shows a bank ATM area with two people interacting with the ATM machine. One person is wearing a yellow shirt and the other is wearing a white jacket.; The video shows a security camera view of a store entrance. A man is seen entering the store with a large bag. He is followed by another person who appears to be a security guard. The man with the bag is then seen lying on the ground, possibly injured or unconscious.; The video shows a security camera view inside a building, possibly a store or office, with a door leading outside. There are two individuals standing near the door, one of whom appears to be a security guard holding a weapon. The scene suggests a tense situation.', 'Weather Condition': 'The weather condition cannot be determined as the video is shot indoors.; The weather condition cannot be determined as the video is taken indoors.; The video was taken at night under artificial lighting, as indicated by the dark sky and the illuminated interior of the store.; The weather condition cannot be determined from the video as it is an indoor scene.', 'Video Quality': 'The video quality is clear, with good resolution and no noticeable noise or blurriness.; The video quality appears to be clear, with good visibility of the subjects and their actions.; The video has a low resolution and appears to be from a security camera, which is typical for such footage. The image quality is not very sharp, but it is sufficient to discern the main activities taking place.; The video quality is low, with a grainy appearance and poor resolution, making it difficult to discern fine details. The lighting is dim, and there is some motion blur present.', 'Potential Anomalies': 'Stealing; There are no obvious signs of abnormal events such as fighting, stealing, or vandalism in these frames.; Based on the visual content, potential anomalies include Assault, Injury, and Robbery.; Based on the visual content, potential anomalies include Assault, Arson, and Shooting. The presence of a weapon held by one of the individuals suggests a high-risk situation.'}
2026-10-09 10:20:34,739 INFO [panda.agent] planning: retrieved 0 rules
2026-10-09 10:20:34,740 WARNING [panda.models] MLLM request failed (attempt 1): MLLM API key missing: set KIMI_API_KEY (and optionally KIMI_BASE_URL) in the environment.
2026-10-09 10:20:34,740 WARNING [panda.models] MLLM request failed (attempt 2): MLLM API key missing: set KIMI_API_KEY (and optionally KIMI_BASE_URL) in the environment.
2026-10-09 10:20:34,740 ERROR [panda.models] MLLM failed to produce parseable JSON after retries
2026-10-09 10:20:34,740 WARNING [panda.agent] planning output not parseable; using empty plan
2026-10-09 10:20:34,740 INFO [panda.agent] planning done: preprocessing=, anomalies=
2026-10-09 10:20:36,679 INFO [httpx2] HTTP Request: POST http://localhost:8000/v1/chat/completions "HTTP/1.1 200 OK"
2026-10-09 10:20:36,682 INFO [panda.agent] clip 0 reason: score=0.000 status=normal
2026-10-09 10:20:38,690 INFO [httpx2] HTTP Request: POST http://localhost:8000/v1/chat/completions "HTTP/1.1 200 OK"
2026-10-09 10:20:38,692 INFO [panda.agent] clip 1 reason: score=0.000 status=normal
2026-10-09 10:20:40,561 INFO [httpx2] HTTP Request: POST http://localhost:8000/v1/chat/completions "HTTP/1.1 200 OK"
2026-10-09 10:20:40,563 INFO [panda.agent] clip 2 reason: score=0.000 status=normal
2026-10-09 10:20:42,516 INFO [httpx2] HTTP Request: POST http://localhost:8000/v1/chat/completions "HTTP/1.1 200 OK"
2026-10-09 10:20:42,519 INFO [panda.agent] clip 3 reason: score=0.000 status=normal
2026-10-09 10:20:44,596 INFO [httpx2] HTTP Request: POST http://localhost:8000/v1/chat/completions "HTTP/1.1 200 OK"
2026-10-09 10:20:44,599 INFO [panda.agent] clip 4 reason: score=0.200 status=insufficient
2026-10-09 10:20:44,602 WARNING [panda.models] MLLM request failed (attempt 1): MLLM API key missing: set KIMI_API_KEY (and optionally KIMI_BASE_URL) in the environment.
2026-10-09 10:20:44,602 WARNING [panda.models] MLLM request failed (attempt 2): MLLM API key missing: set KIMI_API_KEY (and optionally KIMI_BASE_URL) in the environment.
2026-10-09 10:20:44,602 ERROR [panda.models] MLLM failed to produce parseable JSON after retries
2026-10-09 10:20:44,602 WARNING [panda.agent] reflection output not parseable; using empty reflection
2026-10-09 10:20:44,602 INFO [panda.agent] clip 4 reflection round 1: tools=[]
2026-10-09 10:20:44,604 INFO [panda.agent] clip 4: reflection suggested no tools
2026-10-09 10:20:46,219 INFO [httpx2] HTTP Request: POST http://localhost:8000/v1/chat/completions "HTTP/1.1 200 OK"
2026-10-09 10:20:46,222 INFO [panda.agent] clip 4 re-reason (round 1): score=0.200 status=insufficient
2026-10-09 10:20:46,224 WARNING [panda.models] MLLM request failed (attempt 1): MLLM API key missing: set KIMI_API_KEY (and optionally KIMI_BASE_URL) in the environment.
2026-10-09 10:20:46,224 WARNING [panda.models] MLLM request failed (attempt 2): MLLM API key missing: set KIMI_API_KEY (and optionally KIMI_BASE_URL) in the environment.
2026-10-09 10:20:46,225 ERROR [panda.models] MLLM failed to produce parseable JSON after retries
2026-10-09 10:20:46,225 WARNING [panda.agent] reflection output not parseable; using empty reflection
2026-10-09 10:20:46,225 INFO [panda.agent] clip 4 reflection round 2: tools=[]
2026-10-09 10:20:46,226 INFO [panda.agent] clip 4: reflection suggested no tools
2026-10-09 10:20:47,854 INFO [httpx2] HTTP Request: POST http://localhost:8000/v1/chat/completions "HTTP/1.1 200 OK"
2026-10-09 10:20:47,856 INFO [panda.agent] clip 4 re-reason (round 2): score=0.200 status=insufficient
2026-10-09 10:20:47,859 WARNING [panda.models] MLLM request failed (attempt 1): MLLM API key missing: set KIMI_API_KEY (and optionally KIMI_BASE_URL) in the environment.
2026-10-09 10:20:47,859 WARNING [panda.models] MLLM request failed (attempt 2): MLLM API key missing: set KIMI_API_KEY (and optionally KIMI_BASE_URL) in the environment.
2026-10-09 10:20:47,859 ERROR [panda.models] MLLM failed to produce parseable JSON after retries
2026-10-09 10:20:47,859 WARNING [panda.agent] reflection output not parseable; using empty reflection
2026-10-09 10:20:47,859 INFO [panda.agent] clip 4 reflection round 3: tools=[]
2026-10-09 10:20:47,861 INFO [panda.agent] clip 4: reflection suggested no tools
2026-10-09 10:20:49,490 INFO [httpx2] HTTP Request: POST http://localhost:8000/v1/chat/completions "HTTP/1.1 200 OK"
2026-10-09 10:20:49,492 INFO [panda.agent] clip 4 re-reason (round 3): score=0.200 status=insufficient
2026-10-09 10:20:49,495 INFO [panda.agent] clip 4: still insufficient after 3 rounds; fallback score 0.50
2026-10-09 10:20:51,680 INFO [httpx2] HTTP Request: POST http://localhost:8000/v1/chat/completions "HTTP/1.1 200 OK"
2026-10-09 10:20:51,683 INFO [panda.agent] clip 5 reason: score=0.200 status=insufficient
2026-10-09 10:20:51,685 WARNING [panda.models] MLLM request failed (attempt 1): MLLM API key missing: set KIMI_API_KEY (and optionally KIMI_BASE_URL) in the environment.
2026-10-09 10:20:51,686 WARNING [panda.models] MLLM request failed (attempt 2): MLLM API key missing: set KIMI_API_KEY (and optionally KIMI_BASE_URL) in the environment.
2026-10-09 10:20:51,686 ERROR [panda.models] MLLM failed to produce parseable JSON after retries
2026-10-09 10:20:51,686 WARNING [panda.agent] reflection output not parseable; using empty reflection
2026-10-09 10:20:51,686 INFO [panda.agent] clip 5 reflection round 1: tools=[]
2026-10-09 10:20:51,688 INFO [panda.agent] clip 5: reflection suggested no tools
2026-10-09 10:20:53,976 INFO [httpx2] HTTP Request: POST http://localhost:8000/v1/chat/completions "HTTP/1.1 200 OK"
2026-10-09 10:20:53,978 INFO [panda.agent] clip 5 re-reason (round 1): score=0.200 status=insufficient
2026-10-09 10:20:53,980 WARNING [panda.models] MLLM request failed (attempt 1): MLLM API key missing: set KIMI_API_KEY (and optionally KIMI_BASE_URL) in the environment.
2026-10-09 10:20:53,981 WARNING [panda.models] MLLM request failed (attempt 2): MLLM API key missing: set KIMI_API_KEY (and optionally KIMI_BASE_URL) in the environment.
2026-10-09 10:20:53,981 ERROR [panda.models] MLLM failed to produce parseable JSON after retries
2026-10-09 10:20:53,981 WARNING [panda.agent] reflection output not parseable; using empty reflection
2026-10-09 10:20:53,981 INFO [panda.agent] clip 5 reflection round 2: tools=[]
2026-10-09 10:20:53,983 INFO [panda.agent] clip 5: reflection suggested no tools
2026-10-09 10:20:56,280 INFO [httpx2] HTTP Request: POST http://localhost:8000/v1/chat/completions "HTTP/1.1 200 OK"
2026-10-09 10:20:56,282 INFO [panda.agent] clip 5 re-reason (round 2): score=0.200 status=insufficient
2026-10-09 10:20:56,285 WARNING [panda.models] MLLM request failed (attempt 1): MLLM API key missing: set KIMI_API_KEY (and optionally KIMI_BASE_URL) in the environment.
2026-10-09 10:20:56,285 WARNING [panda.models] MLLM request failed (attempt 2): MLLM API key missing: set KIMI_API_KEY (and optionally KIMI_BASE_URL) in the environment.
2026-10-09 10:20:56,285 ERROR [panda.models] MLLM failed to produce parseable JSON after retries
2026-10-09 10:20:56,285 WARNING [panda.agent] reflection output not parseable; using empty reflection
2026-10-09 10:20:56,285 INFO [panda.agent] clip 5 reflection round 3: tools=[]
2026-10-09 10:20:56,287 INFO [panda.agent] clip 5: reflection suggested no tools
2026-10-09 10:20:58,574 INFO [httpx2] HTTP Request: POST http://localhost:8000/v1/chat/completions "HTTP/1.1 200 OK"
2026-10-09 10:20:58,576 INFO [panda.agent] clip 5 re-reason (round 3): score=0.200 status=insufficient
2026-10-09 10:20:58,579 INFO [panda.agent] clip 5: still insufficient after 3 rounds; fallback score 0.50
2026-10-09 10:21:00,880 INFO [httpx2] HTTP Request: POST http://localhost:8000/v1/chat/completions "HTTP/1.1 200 OK"
2026-10-09 10:21:00,883 INFO [panda.agent] clip 6 reason: score=0.200 status=insufficient
2026-10-09 10:21:00,886 WARNING [panda.models] MLLM request failed (attempt 1): MLLM API key missing: set KIMI_API_KEY (and optionally KIMI_BASE_URL) in the environment.
2026-10-09 10:21:00,886 WARNING [panda.models] MLLM request failed (attempt 2): MLLM API key missing: set KIMI_API_KEY (and optionally KIMI_BASE_URL) in the environment.
2026-10-09 10:21:00,886 ERROR [panda.models] MLLM failed to produce parseable JSON after retries
2026-10-09 10:21:00,886 WARNING [panda.agent] reflection output not parseable; using empty reflection
2026-10-09 10:21:00,886 INFO [panda.agent] clip 6 reflection round 1: tools=[]
2026-10-09 10:21:00,888 INFO [panda.agent] clip 6: reflection suggested no tools
2026-10-09 10:21:03,044 INFO [httpx2] HTTP Request: POST http://localhost:8000/v1/chat/completions "HTTP/1.1 200 OK"
2026-10-09 10:21:03,046 INFO [panda.agent] clip 6 re-reason (round 1): score=0.200 status=insufficient
2026-10-09 10:21:03,049 WARNING [panda.models] MLLM request failed (attempt 1): MLLM API key missing: set KIMI_API_KEY (and optionally KIMI_BASE_URL) in the environment.
2026-10-09 10:21:03,049 WARNING [panda.models] MLLM request failed (attempt 2): MLLM API key missing: set KIMI_API_KEY (and optionally KIMI_BASE_URL) in the environment.
2026-10-09 10:21:03,049 ERROR [panda.models] MLLM failed to produce parseable JSON after retries
2026-10-09 10:21:03,049 WARNING [panda.agent] reflection output not parseable; using empty reflection
2026-10-09 10:21:03,049 INFO [panda.agent] clip 6 reflection round 2: tools=[]
2026-10-09 10:21:03,051 INFO [panda.agent] clip 6: reflection suggested no tools
2026-10-09 10:21:05,217 INFO [httpx2] HTTP Request: POST http://localhost:8000/v1/chat/completions "HTTP/1.1 200 OK"
2026-10-09 10:21:05,219 INFO [panda.agent] clip 6 re-reason (round 2): score=0.200 status=insufficient
2026-10-09 10:21:05,221 WARNING [panda.models] MLLM request failed (attempt 1): MLLM API key missing: set KIMI_API_KEY (and optionally KIMI_BASE_URL) in the environment.
2026-10-09 10:21:05,222 WARNING [panda.models] MLLM request failed (attempt 2): MLLM API key missing: set KIMI_API_KEY (and optionally KIMI_BASE_URL) in the environment.
2026-10-09 10:21:05,222 ERROR [panda.models] MLLM failed to produce parseable JSON after retries
2026-10-09 10:21:05,222 WARNING [panda.agent] reflection output not parseable; using empty reflection
2026-10-09 10:21:05,222 INFO [panda.agent] clip 6 reflection round 3: tools=[]
2026-10-09 10:21:05,224 INFO [panda.agent] clip 6: reflection suggested no tools
2026-10-09 10:21:07,382 INFO [httpx2] HTTP Request: POST http://localhost:8000/v1/chat/completions "HTTP/1.1 200 OK"
2026-10-09 10:21:07,384 INFO [panda.agent] clip 6 re-reason (round 3): score=0.200 status=insufficient
2026-10-09 10:21:07,387 INFO [panda.agent] clip 6: still insufficient after 3 rounds; fallback score 0.50
2026-10-09 10:21:09,083 INFO [httpx2] HTTP Request: POST http://localhost:8000/v1/chat/completions "HTTP/1.1 200 OK"
2026-10-09 10:21:09,085 INFO [panda.agent] clip 7 reason: score=0.800 status=abnormal
2026-10-09 10:21:10,945 INFO [httpx2] HTTP Request: POST http://localhost:8000/v1/chat/completions "HTTP/1.1 200 OK"
2026-10-09 10:21:10,946 INFO [panda.agent] clip 8 reason: score=0.700 status=abnormal
2026-10-09 10:21:12,418 INFO [httpx2] HTTP Request: POST http://localhost:8000/v1/chat/completions "HTTP/1.1 200 OK"
2026-10-09 10:21:12,419 INFO [panda.agent] clip 9 reason: score=0.700 status=abnormal
2026-10-09 10:21:14,499 INFO [httpx2] HTTP Request: POST http://localhost:8000/v1/chat/completions "HTTP/1.1 200 OK"
2026-10-09 10:21:14,502 INFO [panda.agent] clip 10 reason: score=0.800 status=abnormal
2026-10-09 10:21:15,888 INFO [httpx2] HTTP Request: POST http://localhost:8000/v1/chat/completions "HTTP/1.1 200 OK"
2026-10-09 10:21:15,890 INFO [panda.agent] clip 11 reason: score=0.800 status=abnormal
2026-10-09 10:21:17,486 INFO [httpx2] HTTP Request: POST http://localhost:8000/v1/chat/completions "HTTP/1.1 200 OK"
2026-10-09 10:21:17,489 INFO [panda.agent] clip 12 reason: score=0.800 status=abnormal
2026-10-09 10:21:19,089 INFO [httpx2] HTTP Request: POST http://localhost:8000/v1/chat/completions "HTTP/1.1 200 OK"
2026-10-09 10:21:19,092 INFO [panda.agent] clip 13 reason: score=0.600 status=abnormal
2026-10-09 10:21:20,787 INFO [httpx2] HTTP Request: POST http://localhost:8000/v1/chat/completions "HTTP/1.1 200 OK"
2026-10-09 10:21:20,789 INFO [panda.agent] clip 14 reason: score=0.000 status=normal
2026-10-09 10:21:22,269 INFO [httpx2] HTTP Request: POST http://localhost:8000/v1/chat/completions "HTTP/1.1 200 OK"
2026-10-09 10:21:22,271 INFO [panda.agent] clip 15 reason: score=0.700 status=abnormal
2026-10-09 10:21:23,790 INFO [httpx2] HTTP Request: POST http://localhost:8000/v1/chat/completions "HTTP/1.1 200 OK"
2026-10-09 10:21:23,792 INFO [panda.agent] clip 16 reason: score=0.200 status=insufficient
2026-10-09 10:21:23,793 WARNING [panda.models] MLLM request failed (attempt 1): MLLM API key missing: set KIMI_API_KEY (and optionally KIMI_BASE_URL) in the environment.
2026-10-09 10:21:23,793 WARNING [panda.models] MLLM request failed (attempt 2): MLLM API key missing: set KIMI_API_KEY (and optionally KIMI_BASE_URL) in the environment.
2026-10-09 10:21:23,793 ERROR [panda.models] MLLM failed to produce parseable JSON after retries
2026-10-09 10:21:23,793 WARNING [panda.agent] reflection output not parseable; using empty reflection
2026-10-09 10:21:23,793 INFO [panda.agent] clip 16 reflection round 1: tools=[]
2026-10-09 10:21:23,794 INFO [panda.agent] clip 16: reflection suggested no tools
2026-10-09 10:21:25,174 INFO [httpx2] HTTP Request: POST http://localhost:8000/v1/chat/completions "HTTP/1.1 200 OK"
2026-10-09 10:21:25,177 INFO [panda.agent] clip 16 re-reason (round 1): score=0.200 status=insufficient
2026-10-09 10:21:25,179 WARNING [panda.models] MLLM request failed (attempt 1): MLLM API key missing: set KIMI_API_KEY (and optionally KIMI_BASE_URL) in the environment.
2026-10-09 10:21:25,180 WARNING [panda.models] MLLM request failed (attempt 2): MLLM API key missing: set KIMI_API_KEY (and optionally KIMI_BASE_URL) in the environment.
2026-10-09 10:21:25,180 ERROR [panda.models] MLLM failed to produce parseable JSON after retries
2026-10-09 10:21:25,180 WARNING [panda.agent] reflection output not parseable; using empty reflection
2026-10-09 10:21:25,180 INFO [panda.agent] clip 16 reflection round 2: tools=[]
2026-10-09 10:21:25,182 INFO [panda.agent] clip 16: reflection suggested no tools
2026-10-09 10:21:26,572 INFO [httpx2] HTTP Request: POST http://localhost:8000/v1/chat/completions "HTTP/1.1 200 OK"
2026-10-09 10:21:26,574 INFO [panda.agent] clip 16 re-reason (round 2): score=0.200 status=insufficient
2026-10-09 10:21:26,577 WARNING [panda.models] MLLM request failed (attempt 1): MLLM API key missing: set KIMI_API_KEY (and optionally KIMI_BASE_URL) in the environment.
2026-10-09 10:21:26,577 WARNING [panda.models] MLLM request failed (attempt 2): MLLM API key missing: set KIMI_API_KEY (and optionally KIMI_BASE_URL) in the environment.
2026-10-09 10:21:26,577 ERROR [panda.models] MLLM failed to produce parseable JSON after retries
2026-10-09 10:21:26,577 WARNING [panda.agent] reflection output not parseable; using empty reflection
2026-10-09 10:21:26,577 INFO [panda.agent] clip 16 reflection round 3: tools=[]
2026-10-09 10:21:26,579 INFO [panda.agent] clip 16: reflection suggested no tools
2026-10-09 10:21:27,972 INFO [httpx2] HTTP Request: POST http://localhost:8000/v1/chat/completions "HTTP/1.1 200 OK"
2026-10-09 10:21:27,974 INFO [panda.agent] clip 16 re-reason (round 3): score=0.200 status=insufficient
2026-10-09 10:21:27,977 INFO [panda.agent] clip 16: still insufficient after 3 rounds; fallback score 0.50
2026-10-09 10:21:29,495 INFO [httpx2] HTTP Request: POST http://localhost:8000/v1/chat/completions "HTTP/1.1 200 OK"
2026-10-09 10:21:29,498 INFO [panda.agent] clip 17 reason: score=0.000 status=normal
2026-10-09 10:21:30,927 INFO [httpx2] HTTP Request: POST http://localhost:8000/v1/chat/completions "HTTP/1.1 200 OK"
2026-10-09 10:21:30,929 INFO [panda.agent] clip 18 reason: score=0.700 status=abnormal
2026-10-09 10:21:32,724 INFO [httpx2] HTTP Request: POST http://localhost:8000/v1/chat/completions "HTTP/1.1 200 OK"
2026-10-09 10:21:32,727 INFO [panda.agent] clip 19 reason: score=0.800 status=abnormal
2026-10-09 10:21:34,369 INFO [httpx2] HTTP Request: POST http://localhost:8000/v1/chat/completions "HTTP/1.1 200 OK"
2026-10-09 10:21:34,372 INFO [panda.agent] clip 20 reason: score=0.800 status=abnormal
2026-10-09 10:21:36,168 INFO [httpx2] HTTP Request: POST http://localhost:8000/v1/chat/completions "HTTP/1.1 200 OK"
2026-10-09 10:21:36,170 INFO [panda.agent] clip 21 reason: score=0.200 status=insufficient
2026-10-09 10:21:36,172 WARNING [panda.models] MLLM request failed (attempt 1): MLLM API key missing: set KIMI_API_KEY (and optionally KIMI_BASE_URL) in the environment.
2026-10-09 10:21:36,172 WARNING [panda.models] MLLM request failed (attempt 2): MLLM API key missing: set KIMI_API_KEY (and optionally KIMI_BASE_URL) in the environment.
2026-10-09 10:21:36,172 ERROR [panda.models] MLLM failed to produce parseable JSON after retries
2026-10-09 10:21:36,172 WARNING [panda.agent] reflection output not parseable; using empty reflection
2026-10-09 10:21:36,172 INFO [panda.agent] clip 21 reflection round 1: tools=[]
2026-10-09 10:21:36,173 INFO [panda.agent] clip 21: reflection suggested no tools
2026-10-09 10:21:37,576 INFO [httpx2] HTTP Request: POST http://localhost:8000/v1/chat/completions "HTTP/1.1 200 OK"
2026-10-09 10:21:37,578 INFO [panda.agent] clip 21 re-reason (round 1): score=0.000 status=normal
2026-10-09 10:21:38,873 INFO [httpx2] HTTP Request: POST http://localhost:8000/v1/chat/completions "HTTP/1.1 200 OK"
2026-10-09 10:21:38,875 INFO [panda.agent] clip 22 reason: score=0.800 status=abnormal
2026-10-09 10:21:40,317 INFO [httpx2] HTTP Request: POST http://localhost:8000/v1/chat/completions "HTTP/1.1 200 OK"
2026-10-09 10:21:40,317 INFO [panda.agent] clip 23 reason: score=0.000 status=normal
2026-10-09 10:21:41,937 INFO [httpx2] HTTP Request: POST http://localhost:8000/v1/chat/completions "HTTP/1.1 200 OK"
2026-10-09 10:21:41,938 INFO [panda.agent] clip 24 reason: score=0.000 status=normal
2026-10-09 10:21:43,366 INFO [httpx2] HTTP Request: POST http://localhost:8000/v1/chat/completions "HTTP/1.1 200 OK"
2026-10-09 10:21:43,369 INFO [panda.agent] clip 25 reason: score=0.000 status=normal
2026-10-09 10:21:44,780 INFO [httpx2] HTTP Request: POST http://localhost:8000/v1/chat/completions "HTTP/1.1 200 OK"
2026-10-09 10:21:44,782 INFO [panda.agent] clip 26 reason: score=0.700 status=abnormal
2026-10-09 10:21:46,773 INFO [httpx2] HTTP Request: POST http://localhost:8000/v1/chat/completions "HTTP/1.1 200 OK"
2026-10-09 10:21:46,776 INFO [panda.agent] clip 27 reason: score=0.800 status=abnormal
2026-10-09 10:21:48,709 INFO [httpx2] HTTP Request: POST http://localhost:8000/v1/chat/completions "HTTP/1.1 200 OK"
2026-10-09 10:21:48,711 INFO [panda.agent] clip 28 reason: score=0.700 status=abnormal
2026-10-09 10:21:50,554 INFO [httpx2] HTTP Request: POST http://localhost:8000/v1/chat/completions "HTTP/1.1 200 OK"
2026-10-09 10:21:50,556 INFO [panda.agent] clip 29 reason: score=0.800 status=abnormal
2026-10-09 10:21:52,220 INFO [httpx2] HTTP Request: POST http://localhost:8000/v1/chat/completions "HTTP/1.1 200 OK"
2026-10-09 10:21:52,222 INFO [panda.agent] clip 30 reason: score=0.700 status=abnormal
2026-10-09 10:21:53,940 INFO [httpx2] HTTP Request: POST http://localhost:8000/v1/chat/completions "HTTP/1.1 200 OK"
2026-10-09 10:21:53,942 INFO [panda.agent] clip 31 reason: score=0.800 status=abnormal
2026-10-09 10:21:55,828 INFO [httpx2] HTTP Request: POST http://localhost:8000/v1/chat/completions "HTTP/1.1 200 OK"
2026-10-09 10:21:55,830 INFO [panda.agent] clip 32 reason: score=0.000 status=normal
2026-10-09 10:21:57,339 INFO [httpx2] HTTP Request: POST http://localhost:8000/v1/chat/completions "HTTP/1.1 200 OK"
2026-10-09 10:21:57,341 INFO [panda.agent] clip 33 reason: score=0.700 status=abnormal
2026-10-09 10:21:58,937 INFO [httpx2] HTTP Request: POST http://localhost:8000/v1/chat/completions "HTTP/1.1 200 OK"
2026-10-09 10:21:58,940 INFO [panda.agent] clip 34 reason: score=0.000 status=normal
2026-10-09 10:22:00,751 INFO [httpx2] HTTP Request: POST http://localhost:8000/v1/chat/completions "HTTP/1.1 200 OK"
2026-10-09 10:22:00,753 INFO [panda.agent] clip 35 reason: score=0.700 status=abnormal
2026-10-09 10:22:02,497 INFO [httpx2] HTTP Request: POST http://localhost:8000/v1/chat/completions "HTTP/1.1 200 OK"
2026-10-09 10:22:02,499 INFO [panda.agent] clip 36 reason: score=0.700 status=abnormal
2026-10-09 10:22:03,945 INFO [httpx2] HTTP Request: POST http://localhost:8000/v1/chat/completions "HTTP/1.1 200 OK"
2026-10-09 10:22:03,947 INFO [panda.agent] clip 37 reason: score=0.800 status=abnormal
2026-10-09 10:22:05,850 INFO [httpx2] HTTP Request: POST http://localhost:8000/v1/chat/completions "HTTP/1.1 200 OK"
2026-10-09 10:22:05,852 INFO [panda.agent] clip 38 reason: score=0.700 status=abnormal
2026-10-09 10:22:07,252 INFO [httpx2] HTTP Request: POST http://localhost:8000/v1/chat/completions "HTTP/1.1 200 OK"
2026-10-09 10:22:07,255 INFO [panda.agent] clip 39 reason: score=0.800 status=abnormal
2026-10-09 10:22:08,973 INFO [httpx2] HTTP Request: POST http://localhost:8000/v1/chat/completions "HTTP/1.1 200 OK"
2026-10-09 10:22:08,975 INFO [panda.agent] clip 40 reason: score=0.800 status=abnormal
2026-10-09 10:22:10,501 INFO [httpx2] HTTP Request: POST http://localhost:8000/v1/chat/completions "HTTP/1.1 200 OK"
2026-10-09 10:22:10,503 INFO [panda.agent] clip 41 reason: score=0.900 status=abnormal
2026-10-09 10:22:11,834 INFO [httpx2] HTTP Request: POST http://localhost:8000/v1/chat/completions "HTTP/1.1 200 OK"
2026-10-09 10:22:11,835 INFO [panda.agent] clip 42 reason: score=0.800 status=abnormal
2026-10-09 10:22:13,773 INFO [httpx2] HTTP Request: POST http://localhost:8000/v1/chat/completions "HTTP/1.1 200 OK"
2026-10-09 10:22:13,775 INFO [panda.agent] clip 43 reason: score=0.800 status=abnormal
2026-10-09 10:22:15,513 INFO [httpx2] HTTP Request: POST http://localhost:8000/v1/chat/completions "HTTP/1.1 200 OK"
2026-10-09 10:22:15,514 INFO [panda.agent] clip 44 reason: score=0.000 status=normal
2026-10-09 10:22:17,060 INFO [httpx2] HTTP Request: POST http://localhost:8000/v1/chat/completions "HTTP/1.1 200 OK"
2026-10-09 10:22:17,062 INFO [panda.agent] clip 45 reason: score=0.800 status=abnormal
2026-10-09 10:22:18,845 INFO [httpx2] HTTP Request: POST http://localhost:8000/v1/chat/completions "HTTP/1.1 200 OK"
2026-10-09 10:22:18,846 INFO [panda.agent] clip 46 reason: score=0.800 status=abnormal
2026-10-09 10:22:20,241 INFO [httpx2] HTTP Request: POST http://localhost:8000/v1/chat/completions "HTTP/1.1 200 OK"
2026-10-09 10:22:20,242 INFO [panda.agent] clip 47 reason: score=0.800 status=abnormal
2026-10-09 10:22:21,549 INFO [httpx2] HTTP Request: POST http://localhost:8000/v1/chat/completions "HTTP/1.1 200 OK"
2026-10-09 10:22:21,550 INFO [panda.agent] clip 48 reason: score=0.700 status=abnormal
2026-10-09 10:22:23,280 INFO [httpx2] HTTP Request: POST http://localhost:8000/v1/chat/completions "HTTP/1.1 200 OK"
2026-10-09 10:22:23,282 INFO [panda.agent] clip 49 reason: score=0.800 status=abnormal
2026-10-09 10:22:24,958 INFO [httpx2] HTTP Request: POST http://localhost:8000/v1/chat/completions "HTTP/1.1 200 OK"
2026-10-09 10:22:24,960 INFO [panda.agent] clip 50 reason: score=0.000 status=normal
2026-10-09 10:22:26,630 INFO [httpx2] HTTP Request: POST http://localhost:8000/v1/chat/completions "HTTP/1.1 200 OK"
2026-10-09 10:22:26,630 INFO [panda.agent] clip 51 reason: score=0.000 status=normal
2026-10-09 10:22:28,398 INFO [httpx2] HTTP Request: POST http://localhost:8000/v1/chat/completions "HTTP/1.1 200 OK"
2026-10-09 10:22:28,399 INFO [panda.agent] clip 52 reason: score=0.000 status=normal
2026-10-09 10:22:29,571 INFO [httpx2] HTTP Request: POST http://localhost:8000/v1/chat/completions "HTTP/1.1 200 OK"
2026-10-09 10:22:29,573 INFO [panda.agent] clip 53 reason: score=0.800 status=abnormal
2026-10-09 10:22:30,924 INFO [httpx2] HTTP Request: POST http://localhost:8000/v1/chat/completions "HTTP/1.1 200 OK"
2026-10-09 10:22:30,924 INFO [panda.agent] clip 54 reason: score=0.800 status=abnormal
2026-10-09 10:22:32,227 INFO [httpx2] HTTP Request: POST http://localhost:8000/v1/chat/completions "HTTP/1.1 200 OK"
2026-10-09 10:22:32,228 INFO [panda.agent] clip 55 reason: score=0.800 status=abnormal
2026-10-09 10:22:33,957 INFO [httpx2] HTTP Request: POST http://localhost:8000/v1/chat/completions "HTTP/1.1 200 OK"
2026-10-09 10:22:33,959 INFO [panda.agent] clip 56 reason: score=0.000 status=normal
2026-10-09 10:22:35,166 INFO [httpx2] HTTP Request: POST http://localhost:8000/v1/chat/completions "HTTP/1.1 200 OK"
2026-10-09 10:22:35,168 INFO [panda.agent] clip 57 reason: score=0.800 status=abnormal
2026-10-09 10:22:35,171 INFO [panda.agent] === video Arrest030_x264 done: 58 clips ===
2026-10-09 10:22:35,191 INFO [run_eval] video Arrest030_x264 done in 130.1s: auc raw=76.75 smoothed=82.94
2026-10-09 10:22:35,192 INFO [run_eval] video Arrest039_x264 (abnormal): 528 frames, fps=30.00
2026-10-09 10:22:35,194 INFO [panda.agent] === video Arrest039_x264: 528 frames, 106 clips ===
2026-10-09 10:22:35,195 INFO [panda.agent] perception: sampled 300 frames, sending 32 (token budget)
2026-10-09 10:22:37,078 INFO [httpx2] HTTP Request: POST http://localhost:8000/v1/chat/completions "HTTP/1.1 200 OK"
2026-10-09 10:22:39,223 INFO [httpx2] HTTP Request: POST http://localhost:8000/v1/chat/completions "HTTP/1.1 200 OK"
2026-10-09 10:22:40,969 INFO [httpx2] HTTP Request: POST http://localhost:8000/v1/chat/completions "HTTP/1.1 200 OK"
2026-10-09 10:22:42,899 INFO [httpx2] HTTP Request: POST http://localhost:8000/v1/chat/completions "HTTP/1.1 200 OK"
2026-10-09 10:22:42,900 INFO [panda.agent] perception done: {'Scene Overview': 'The video shows a waiting room with chairs and tables. There is a reception desk at the right side of the room.; The video shows a man walking through a lobby area with a few chairs and tables. The man is wearing a black shirt and jeans.; The video shows a waiting room with chairs and tables. There are people sitting and standing around. A person is lying on the floor.; The scene takes place in a hospital waiting room with a patient lying on a stretcher being attended to by medical staff. The patient is then taken away by police officers.', 'Weather Condition': 'It appears to be daytime as there is natural light coming through the windows.; The weather condition appears to be daytime with natural light coming through the windows.; It appears to be daytime with natural light coming through the windows.; The weather condition cannot be determined as the video is shot indoors.', 'Video Quality': "The video is clear and has good resolution, allowing for easy identification of objects and people in the scene.; The video quality is clear and the image is well-lit, allowing for good visibility of the scene and the man's actions.; The video quality appears to be clear and well-lit, with no noticeable noise or blurriness.", 'Potential Anomalies': 'There are no obvious signs of abnormal events in these frames.; There are no obvious signs of abnormal events such as fighting, stealing, or vandalism in these frames.; Fighting; Abuse, Assault, Fighting'}
2026-10-09 10:22:42,901 INFO [panda.agent] planning: retrieved 0 rules
2026-10-09 10:22:42,901 WARNING [panda.models] MLLM request failed (attempt 1): MLLM API key missing: set KIMI_API_KEY (and optionally KIMI_BASE_URL) in the environment.
2026-10-09 10:22:42,901 WARNING [panda.models] MLLM request failed (attempt 2): MLLM API key missing: set KIMI_API_KEY (and optionally KIMI_BASE_URL) in the environment.
2026-10-09 10:22:42,902 ERROR [panda.models] MLLM failed to produce parseable JSON after retries
2026-10-09 10:22:42,902 WARNING [panda.agent] planning output not parseable; using empty plan
2026-10-09 10:22:42,902 INFO [panda.agent] planning done: preprocessing=, anomalies=
2026-10-09 10:22:44,539 INFO [httpx2] HTTP Request: POST http://localhost:8000/v1/chat/completions "HTTP/1.1 200 OK"
2026-10-09 10:22:44,540 INFO [panda.agent] clip 0 reason: score=0.000 status=normal
2026-10-09 10:22:46,226 INFO [httpx2] HTTP Request: POST http://localhost:8000/v1/chat/completions "HTTP/1.1 200 OK"
2026-10-09 10:22:46,227 INFO [panda.agent] clip 1 reason: score=0.000 status=normal
2026-10-09 10:22:47,836 INFO [httpx2] HTTP Request: POST http://localhost:8000/v1/chat/completions "HTTP/1.1 200 OK"
2026-10-09 10:22:47,838 INFO [panda.agent] clip 2 reason: score=0.000 status=normal
2026-10-09 10:22:49,457 INFO [httpx2] HTTP Request: POST http://localhost:8000/v1/chat/completions "HTTP/1.1 200 OK"
2026-10-09 10:22:49,459 INFO [panda.agent] clip 3 reason: score=0.000 status=normal
2026-10-09 10:22:51,095 INFO [httpx2] HTTP Request: POST http://localhost:8000/v1/chat/completions "HTTP/1.1 200 OK"
2026-10-09 10:22:51,096 INFO [panda.agent] clip 4 reason: score=0.000 status=normal
2026-10-09 10:22:52,709 INFO [httpx2] HTTP Request: POST http://localhost:8000/v1/chat/completions "HTTP/1.1 200 OK"
2026-10-09 10:22:52,710 INFO [panda.agent] clip 5 reason: score=0.000 status=normal
2026-10-09 10:22:54,761 INFO [httpx2] HTTP Request: POST http://localhost:8000/v1/chat/completions "HTTP/1.1 200 OK"
2026-10-09 10:22:54,763 INFO [panda.agent] clip 6 reason: score=0.100 status=normal
2026-10-09 10:22:56,056 INFO [httpx2] HTTP Request: POST http://localhost:8000/v1/chat/completions "HTTP/1.1 200 OK"
2026-10-09 10:22:56,058 INFO [panda.agent] clip 7 reason: score=0.000 status=normal
2026-10-09 10:22:57,988 INFO [httpx2] HTTP Request: POST http://localhost:8000/v1/chat/completions "HTTP/1.1 200 OK"
2026-10-09 10:22:57,989 INFO [panda.agent] clip 8 reason: score=0.000 status=normal
2026-10-09 10:22:59,836 INFO [httpx2] HTTP Request: POST http://localhost:8000/v1/chat/completions "HTTP/1.1 200 OK"
2026-10-09 10:22:59,837 INFO [panda.agent] clip 9 reason: score=0.000 status=normal
2026-10-09 10:23:01,299 INFO [httpx2] HTTP Request: POST http://localhost:8000/v1/chat/completions "HTTP/1.1 200 OK"
2026-10-09 10:23:01,301 INFO [panda.agent] clip 10 reason: score=0.000 status=normal
2026-10-09 10:23:02,638 INFO [httpx2] HTTP Request: POST http://localhost:8000/v1/chat/completions "HTTP/1.1 200 OK"
2026-10-09 10:23:02,639 INFO [panda.agent] clip 11 reason: score=0.000 status=normal
2026-10-09 10:23:03,990 INFO [httpx2] HTTP Request: POST http://localhost:8000/v1/chat/completions "HTTP/1.1 200 OK"
2026-10-09 10:23:03,992 INFO [panda.agent] clip 12 reason: score=0.000 status=normal
2026-10-09 10:23:05,811 INFO [httpx2] HTTP Request: POST http://localhost:8000/v1/chat/completions "HTTP/1.1 200 OK"
2026-10-09 10:23:05,812 INFO [panda.agent] clip 13 reason: score=0.000 status=normal
2026-10-09 10:23:07,405 INFO [httpx2] HTTP Request: POST http://localhost:8000/v1/chat/completions "HTTP/1.1 200 OK"
2026-10-09 10:23:07,407 INFO [panda.agent] clip 14 reason: score=0.000 status=normal
2026-10-09 10:23:08,773 INFO [httpx2] HTTP Request: POST http://localhost:8000/v1/chat/completions "HTTP/1.1 200 OK"
2026-10-09 10:23:08,775 INFO [panda.agent] clip 15 reason: score=0.100 status=normal
2026-10-09 10:23:10,064 INFO [httpx2] HTTP Request: POST http://localhost:8000/v1/chat/completions "HTTP/1.1 200 OK"
2026-10-09 10:23:10,066 INFO [panda.agent] clip 16 reason: score=0.000 status=normal
2026-10-09 10:23:11,581 INFO [httpx2] HTTP Request: POST http://localhost:8000/v1/chat/completions "HTTP/1.1 200 OK"
2026-10-09 10:23:11,584 INFO [panda.agent] clip 17 reason: score=0.000 status=normal
2026-10-09 10:23:13,275 INFO [httpx2] HTTP Request: POST http://localhost:8000/v1/chat/completions "HTTP/1.1 200 OK"
2026-10-09 10:23:13,278 INFO [panda.agent] clip 18 reason: score=0.000 status=normal
2026-10-09 10:23:14,514 INFO [httpx2] HTTP Request: POST http://localhost:8000/v1/chat/completions "HTTP/1.1 200 OK"
2026-10-09 10:23:14,517 INFO [panda.agent] clip 19 reason: score=0.000 status=normal
2026-10-09 10:23:16,122 INFO [httpx2] HTTP Request: POST http://localhost:8000/v1/chat/completions "HTTP/1.1 200 OK"
2026-10-09 10:23:16,124 INFO [panda.agent] clip 20 reason: score=0.000 status=normal
2026-10-09 10:23:17,871 INFO [httpx2] HTTP Request: POST http://localhost:8000/v1/chat/completions "HTTP/1.1 200 OK"
2026-10-09 10:23:17,873 INFO [panda.agent] clip 21 reason: score=0.000 status=normal
2026-10-09 10:23:19,506 INFO [httpx2] HTTP Request: POST http://localhost:8000/v1/chat/completions "HTTP/1.1 200 OK"
2026-10-09 10:23:19,509 INFO [panda.agent] clip 22 reason: score=0.000 status=normal
2026-10-09 10:23:21,134 INFO [httpx2] HTTP Request: POST http://localhost:8000/v1/chat/completions "HTTP/1.1 200 OK"
2026-10-09 10:23:21,136 INFO [panda.agent] clip 23 reason: score=0.000 status=normal
2026-10-09 10:23:22,741 INFO [httpx2] HTTP Request: POST http://localhost:8000/v1/chat/completions "HTTP/1.1 200 OK"
2026-10-09 10:23:22,743 INFO [panda.agent] clip 24 reason: score=0.000 status=normal
2026-10-09 10:23:24,414 INFO [httpx2] HTTP Request: POST http://localhost:8000/v1/chat/completions "HTTP/1.1 200 OK"
2026-10-09 10:23:24,416 INFO [panda.agent] clip 25 reason: score=0.100 status=normal
2026-10-09 10:23:25,716 INFO [httpx2] HTTP Request: POST http://localhost:8000/v1/chat/completions "HTTP/1.1 200 OK"
2026-10-09 10:23:25,718 INFO [panda.agent] clip 26 reason: score=0.000 status=normal
2026-10-09 10:23:27,157 INFO [httpx2] HTTP Request: POST http://localhost:8000/v1/chat/completions "HTTP/1.1 200 OK"
2026-10-09 10:23:27,159 INFO [panda.agent] clip 27 reason: score=0.000 status=normal
2026-10-09 10:23:28,613 INFO [httpx2] HTTP Request: POST http://localhost:8000/v1/chat/completions "HTTP/1.1 200 OK"
2026-10-09 10:23:28,615 INFO [panda.agent] clip 28 reason: score=0.000 status=normal
2026-10-09 10:23:30,213 INFO [httpx2] HTTP Request: POST http://localhost:8000/v1/chat/completions "HTTP/1.1 200 OK"
2026-10-09 10:23:30,215 INFO [panda.agent] clip 29 reason: score=0.000 status=normal
2026-10-09 10:23:31,880 INFO [httpx2] HTTP Request: POST http://localhost:8000/v1/chat/completions "HTTP/1.1 200 OK"
2026-10-09 10:23:31,881 INFO [panda.agent] clip 30 reason: score=0.000 status=normal
2026-10-09 10:23:33,115 INFO [httpx2] HTTP Request: POST http://localhost:8000/v1/chat/completions "HTTP/1.1 200 OK"
2026-10-09 10:23:33,116 INFO [panda.agent] clip 31 reason: score=0.000 status=normal
2026-10-09 10:23:34,728 INFO [httpx2] HTTP Request: POST http://localhost:8000/v1/chat/completions "HTTP/1.1 200 OK"
2026-10-09 10:23:34,729 INFO [panda.agent] clip 32 reason: score=0.000 status=normal
2026-10-09 10:23:36,257 INFO [httpx2] HTTP Request: POST http://localhost:8000/v1/chat/completions "HTTP/1.1 200 OK"
2026-10-09 10:23:36,259 INFO [panda.agent] clip 33 reason: score=0.100 status=normal
2026-10-09 10:23:38,270 INFO [httpx2] HTTP Request: POST http://localhost:8000/v1/chat/completions "HTTP/1.1 200 OK"
2026-10-09 10:23:38,273 INFO [panda.agent] clip 34 reason: score=0.100 status=normal
2026-10-09 10:23:39,689 INFO [httpx2] HTTP Request: POST http://localhost:8000/v1/chat/completions "HTTP/1.1 200 OK"
2026-10-09 10:23:39,690 INFO [panda.agent] clip 35 reason: score=0.000 status=normal
2026-10-09 10:23:41,689 INFO [httpx2] HTTP Request: POST http://localhost:8000/v1/chat/completions "HTTP/1.1 200 OK"
2026-10-09 10:23:41,690 INFO [panda.agent] clip 36 reason: score=0.000 status=normal
2026-10-09 10:23:43,010 INFO [httpx2] HTTP Request: POST http://localhost:8000/v1/chat/completions "HTTP/1.1 200 OK"
2026-10-09 10:23:43,012 INFO [panda.agent] clip 37 reason: score=0.000 status=normal
2026-10-09 10:23:44,251 INFO [httpx2] HTTP Request: POST http://localhost:8000/v1/chat/completions "HTTP/1.1 200 OK"
2026-10-09 10:23:44,253 INFO [panda.agent] clip 38 reason: score=0.000 status=normal
2026-10-09 10:23:45,756 INFO [httpx2] HTTP Request: POST http://localhost:8000/v1/chat/completions "HTTP/1.1 200 OK"
2026-10-09 10:23:45,758 INFO [panda.agent] clip 39 reason: score=0.000 status=normal
2026-10-09 10:23:47,086 INFO [httpx2] HTTP Request: POST http://localhost:8000/v1/chat/completions "HTTP/1.1 200 OK"
2026-10-09 10:23:47,088 INFO [panda.agent] clip 40 reason: score=0.000 status=normal
2026-10-09 10:23:48,338 INFO [httpx2] HTTP Request: POST http://localhost:8000/v1/chat/completions "HTTP/1.1 200 OK"
2026-10-09 10:23:48,340 INFO [panda.agent] clip 41 reason: score=0.000 status=normal
2026-10-09 10:23:50,631 INFO [httpx2] HTTP Request: POST http://localhost:8000/v1/chat/completions "HTTP/1.1 200 OK"
2026-10-09 10:23:50,633 INFO [panda.agent] clip 42 reason: score=0.000 status=normal
2026-10-09 10:23:52,127 INFO [httpx2] HTTP Request: POST http://localhost:8000/v1/chat/completions "HTTP/1.1 200 OK"
2026-10-09 10:23:52,130 INFO [panda.agent] clip 43 reason: score=0.000 status=normal
2026-10-09 10:23:53,390 INFO [httpx2] HTTP Request: POST http://localhost:8000/v1/chat/completions "HTTP/1.1 200 OK"
2026-10-09 10:23:53,392 INFO [panda.agent] clip 44 reason: score=0.000 status=normal
2026-10-09 10:23:54,615 INFO [httpx2] HTTP Request: POST http://localhost:8000/v1/chat/completions "HTTP/1.1 200 OK"
2026-10-09 10:23:54,617 INFO [panda.agent] clip 45 reason: score=0.000 status=normal
2026-10-09 10:23:55,941 INFO [httpx2] HTTP Request: POST http://localhost:8000/v1/chat/completions "HTTP/1.1 200 OK"
2026-10-09 10:23:55,943 INFO [panda.agent] clip 46 reason: score=0.000 status=normal
2026-10-09 10:23:57,610 INFO [httpx2] HTTP Request: POST http://localhost:8000/v1/chat/completions "HTTP/1.1 200 OK"
2026-10-09 10:23:57,612 INFO [panda.agent] clip 47 reason: score=0.100 status=normal
2026-10-09 10:23:58,952 INFO [httpx2] HTTP Request: POST http://localhost:8000/v1/chat/completions "HTTP/1.1 200 OK"
2026-10-09 10:23:58,955 INFO [panda.agent] clip 48 reason: score=0.000 status=normal
2026-10-09 10:23:59,846 INFO [httpx2] HTTP Request: POST http://localhost:8000/v1/chat/completions "HTTP/1.1 200 OK"
2026-10-09 10:23:59,848 INFO [panda.agent] clip 49 reason: score=0.200 status=insufficient
2026-10-09 10:23:59,851 WARNING [panda.models] MLLM request failed (attempt 1): MLLM API key missing: set KIMI_API_KEY (and optionally KIMI_BASE_URL) in the environment.
2026-10-09 10:23:59,851 WARNING [panda.models] MLLM request failed (attempt 2): MLLM API key missing: set KIMI_API_KEY (and optionally KIMI_BASE_URL) in the environment.
2026-10-09 10:23:59,851 ERROR [panda.models] MLLM failed to produce parseable JSON after retries
2026-10-09 10:23:59,851 WARNING [panda.agent] reflection output not parseable; using empty reflection
2026-10-09 10:23:59,852 INFO [panda.agent] clip 49 reflection round 1: tools=[]
2026-10-09 10:23:59,853 INFO [panda.agent] clip 49: reflection suggested no tools
2026-10-09 10:24:00,631 INFO [httpx2] HTTP Request: POST http://localhost:8000/v1/chat/completions "HTTP/1.1 200 OK"
2026-10-09 10:24:00,633 INFO [panda.agent] clip 49 re-reason (round 1): score=0.200 status=insufficient
2026-10-09 10:24:00,636 WARNING [panda.models] MLLM request failed (attempt 1): MLLM API key missing: set KIMI_API_KEY (and optionally KIMI_BASE_URL) in the environment.
2026-10-09 10:24:00,636 WARNING [panda.models] MLLM request failed (attempt 2): MLLM API key missing: set KIMI_API_KEY (and optionally KIMI_BASE_URL) in the environment.
2026-10-09 10:24:00,636 ERROR [panda.models] MLLM failed to produce parseable JSON after retries
2026-10-09 10:24:00,636 WARNING [panda.agent] reflection output not parseable; using empty reflection
2026-10-09 10:24:00,637 INFO [panda.agent] clip 49 reflection round 2: tools=[]
2026-10-09 10:24:00,638 INFO [panda.agent] clip 49: reflection suggested no tools
2026-10-09 10:24:01,418 INFO [httpx2] HTTP Request: POST http://localhost:8000/v1/chat/completions "HTTP/1.1 200 OK"
2026-10-09 10:24:01,420 INFO [panda.agent] clip 49 re-reason (round 2): score=0.200 status=insufficient
2026-10-09 10:24:01,423 WARNING [panda.models] MLLM request failed (attempt 1): MLLM API key missing: set KIMI_API_KEY (and optionally KIMI_BASE_URL) in the environment.
2026-10-09 10:24:01,423 WARNING [panda.models] MLLM request failed (attempt 2): MLLM API key missing: set KIMI_API_KEY (and optionally KIMI_BASE_URL) in the environment.
2026-10-09 10:24:01,423 ERROR [panda.models] MLLM failed to produce parseable JSON after retries
2026-10-09 10:24:01,423 WARNING [panda.agent] reflection output not parseable; using empty reflection
2026-10-09 10:24:01,423 INFO [panda.agent] clip 49 reflection round 3: tools=[]
2026-10-09 10:24:01,425 INFO [panda.agent] clip 49: reflection suggested no tools
2026-10-09 10:24:02,207 INFO [httpx2] HTTP Request: POST http://localhost:8000/v1/chat/completions "HTTP/1.1 200 OK"
2026-10-09 10:24:02,209 INFO [panda.agent] clip 49 re-reason (round 3): score=0.200 status=insufficient
2026-10-09 10:24:02,212 INFO [panda.agent] clip 49: still insufficient after 3 rounds; fallback score 0.50
2026-10-09 10:24:03,809 INFO [httpx2] HTTP Request: POST http://localhost:8000/v1/chat/completions "HTTP/1.1 200 OK"
2026-10-09 10:24:03,810 INFO [panda.agent] clip 50 reason: score=0.000 status=normal
2026-10-09 10:24:05,690 INFO [httpx2] HTTP Request: POST http://localhost:8000/v1/chat/completions "HTTP/1.1 200 OK"
2026-10-09 10:24:05,693 INFO [panda.agent] clip 51 reason: score=0.200 status=insufficient
2026-10-09 10:24:05,696 WARNING [panda.models] MLLM request failed (attempt 1): MLLM API key missing: set KIMI_API_KEY (and optionally KIMI_BASE_URL) in the environment.
2026-10-09 10:24:05,696 WARNING [panda.models] MLLM request failed (attempt 2): MLLM API key missing: set KIMI_API_KEY (and optionally KIMI_BASE_URL) in the environment.
2026-10-09 10:24:05,696 ERROR [panda.models] MLLM failed to produce parseable JSON after retries
2026-10-09 10:24:05,696 WARNING [panda.agent] reflection output not parseable; using empty reflection
2026-10-09 10:24:05,696 INFO [panda.agent] clip 51 reflection round 1: tools=[]
2026-10-09 10:24:05,698 INFO [panda.agent] clip 51: reflection suggested no tools
2026-10-09 10:24:07,452 INFO [httpx2] HTTP Request: POST http://localhost:8000/v1/chat/completions "HTTP/1.1 200 OK"
2026-10-09 10:24:07,454 INFO [panda.agent] clip 51 re-reason (round 1): score=0.200 status=insufficient
2026-10-09 10:24:07,456 WARNING [panda.models] MLLM request failed (attempt 1): MLLM API key missing: set KIMI_API_KEY (and optionally KIMI_BASE_URL) in the environment.
2026-10-09 10:24:07,457 WARNING [panda.models] MLLM request failed (attempt 2): MLLM API key missing: set KIMI_API_KEY (and optionally KIMI_BASE_URL) in the environment.
2026-10-09 10:24:07,457 ERROR [panda.models] MLLM failed to produce parseable JSON after retries
2026-10-09 10:24:07,457 WARNING [panda.agent] reflection output not parseable; using empty reflection
2026-10-09 10:24:07,457 INFO [panda.agent] clip 51 reflection round 2: tools=[]
2026-10-09 10:24:07,459 INFO [panda.agent] clip 51: reflection suggested no tools
2026-10-09 10:24:09,226 INFO [httpx2] HTTP Request: POST http://localhost:8000/v1/chat/completions "HTTP/1.1 200 OK"
2026-10-09 10:24:09,228 INFO [panda.agent] clip 51 re-reason (round 2): score=0.200 status=insufficient
2026-10-09 10:24:09,231 WARNING [panda.models] MLLM request failed (attempt 1): MLLM API key missing: set KIMI_API_KEY (and optionally KIMI_BASE_URL) in the environment.
2026-10-09 10:24:09,231 WARNING [panda.models] MLLM request failed (attempt 2): MLLM API key missing: set KIMI_API_KEY (and optionally KIMI_BASE_URL) in the environment.
2026-10-09 10:24:09,231 ERROR [panda.models] MLLM failed to produce parseable JSON after retries
2026-10-09 10:24:09,231 WARNING [panda.agent] reflection output not parseable; using empty reflection
2026-10-09 10:24:09,231 INFO [panda.agent] clip 51 reflection round 3: tools=[]
2026-10-09 10:24:09,233 INFO [panda.agent] clip 51: reflection suggested no tools
2026-10-09 10:24:11,000 INFO [httpx2] HTTP Request: POST http://localhost:8000/v1/chat/completions "HTTP/1.1 200 OK"
2026-10-09 10:24:11,001 INFO [panda.agent] clip 51 re-reason (round 3): score=0.200 status=insufficient
2026-10-09 10:24:11,003 INFO [panda.agent] clip 51: still insufficient after 3 rounds; fallback score 0.50
2026-10-09 10:24:12,587 INFO [httpx2] HTTP Request: POST http://localhost:8000/v1/chat/completions "HTTP/1.1 200 OK"
2026-10-09 10:24:12,588 INFO [panda.agent] clip 52 reason: score=0.000 status=normal
2026-10-09 10:24:14,209 INFO [httpx2] HTTP Request: POST http://localhost:8000/v1/chat/completions "HTTP/1.1 200 OK"
2026-10-09 10:24:14,211 INFO [panda.agent] clip 53 reason: score=0.000 status=normal
2026-10-09 10:24:15,820 INFO [httpx2] HTTP Request: POST http://localhost:8000/v1/chat/completions "HTTP/1.1 200 OK"
2026-10-09 10:24:15,823 INFO [panda.agent] clip 54 reason: score=0.000 status=normal
2026-10-09 10:24:17,096 INFO [httpx2] HTTP Request: POST http://localhost:8000/v1/chat/completions "HTTP/1.1 200 OK"
2026-10-09 10:24:17,099 INFO [panda.agent] clip 55 reason: score=0.000 status=normal
2026-10-09 10:24:18,779 INFO [httpx2] HTTP Request: POST http://localhost:8000/v1/chat/completions "HTTP/1.1 200 OK"
2026-10-09 10:24:18,781 INFO [panda.agent] clip 56 reason: score=0.800 status=abnormal
2026-10-09 10:24:20,919 INFO [httpx2] HTTP Request: POST http://localhost:8000/v1/chat/completions "HTTP/1.1 200 OK"
2026-10-09 10:24:20,920 INFO [panda.agent] clip 57 reason: score=0.000 status=normal
2026-10-09 10:24:22,651 INFO [httpx2] HTTP Request: POST http://localhost:8000/v1/chat/completions "HTTP/1.1 200 OK"
2026-10-09 10:24:22,652 INFO [panda.agent] clip 58 reason: score=0.000 status=normal
2026-10-09 10:24:24,705 INFO [httpx2] HTTP Request: POST http://localhost:8000/v1/chat/completions "HTTP/1.1 200 OK"
2026-10-09 10:24:24,707 INFO [panda.agent] clip 59 reason: score=0.000 status=normal
2026-10-09 10:24:26,355 INFO [httpx2] HTTP Request: POST http://localhost:8000/v1/chat/completions "HTTP/1.1 200 OK"
2026-10-09 10:24:26,356 INFO [panda.agent] clip 60 reason: score=0.000 status=normal
2026-10-09 10:24:28,336 INFO [httpx2] HTTP Request: POST http://localhost:8000/v1/chat/completions "HTTP/1.1 200 OK"
2026-10-09 10:24:28,337 INFO [panda.agent] clip 61 reason: score=0.000 status=normal
2026-10-09 10:24:29,931 INFO [httpx2] HTTP Request: POST http://localhost:8000/v1/chat/completions "HTTP/1.1 200 OK"
2026-10-09 10:24:29,932 INFO [panda.agent] clip 62 reason: score=0.000 status=normal
2026-10-09 10:24:31,737 INFO [httpx2] HTTP Request: POST http://localhost:8000/v1/chat/completions "HTTP/1.1 200 OK"
2026-10-09 10:24:31,738 INFO [panda.agent] clip 63 reason: score=0.000 status=normal
2026-10-09 10:24:33,785 INFO [httpx2] HTTP Request: POST http://localhost:8000/v1/chat/completions "HTTP/1.1 200 OK"
2026-10-09 10:24:33,787 INFO [panda.agent] clip 64 reason: score=0.000 status=normal
2026-10-09 10:24:36,214 INFO [httpx2] HTTP Request: POST http://localhost:8000/v1/chat/completions "HTTP/1.1 200 OK"
2026-10-09 10:24:36,215 INFO [panda.agent] clip 65 reason: score=0.000 status=normal
2026-10-09 10:24:38,115 INFO [httpx2] HTTP Request: POST http://localhost:8000/v1/chat/completions "HTTP/1.1 200 OK"
2026-10-09 10:24:38,116 INFO [panda.agent] clip 66 reason: score=0.100 status=normal
2026-10-09 10:24:39,211 INFO [httpx2] HTTP Request: POST http://localhost:8000/v1/chat/completions "HTTP/1.1 200 OK"
2026-10-09 10:24:39,212 INFO [panda.agent] clip 67 reason: score=0.300 status=insufficient
2026-10-09 10:24:39,214 WARNING [panda.models] MLLM request failed (attempt 1): MLLM API key missing: set KIMI_API_KEY (and optionally KIMI_BASE_URL) in the environment.
2026-10-09 10:24:39,214 WARNING [panda.models] MLLM request failed (attempt 2): MLLM API key missing: set KIMI_API_KEY (and optionally KIMI_BASE_URL) in the environment.
2026-10-09 10:24:39,214 ERROR [panda.models] MLLM failed to produce parseable JSON after retries
2026-10-09 10:24:39,214 WARNING [panda.agent] reflection output not parseable; using empty reflection
2026-10-09 10:24:39,214 INFO [panda.agent] clip 67 reflection round 1: tools=[]
2026-10-09 10:24:39,215 INFO [panda.agent] clip 67: reflection suggested no tools
2026-10-09 10:24:40,150 INFO [httpx2] HTTP Request: POST http://localhost:8000/v1/chat/completions "HTTP/1.1 200 OK"
2026-10-09 10:24:40,152 INFO [panda.agent] clip 67 re-reason (round 1): score=0.300 status=insufficient
2026-10-09 10:24:40,153 WARNING [panda.models] MLLM request failed (attempt 1): MLLM API key missing: set KIMI_API_KEY (and optionally KIMI_BASE_URL) in the environment.
2026-10-09 10:24:40,153 WARNING [panda.models] MLLM request failed (attempt 2): MLLM API key missing: set KIMI_API_KEY (and optionally KIMI_BASE_URL) in the environment.
2026-10-09 10:24:40,153 ERROR [panda.models] MLLM failed to produce parseable JSON after retries
2026-10-09 10:24:40,153 WARNING [panda.agent] reflection output not parseable; using empty reflection
2026-10-09 10:24:40,153 INFO [panda.agent] clip 67 reflection round 2: tools=[]
2026-10-09 10:24:40,154 INFO [panda.agent] clip 67: reflection suggested no tools
2026-10-09 10:24:41,117 INFO [httpx2] HTTP Request: POST http://localhost:8000/v1/chat/completions "HTTP/1.1 200 OK"
2026-10-09 10:24:41,118 INFO [panda.agent] clip 67 re-reason (round 2): score=0.300 status=insufficient
2026-10-09 10:24:41,119 WARNING [panda.models] MLLM request failed (attempt 1): MLLM API key missing: set KIMI_API_KEY (and optionally KIMI_BASE_URL) in the environment.
2026-10-09 10:24:41,119 WARNING [panda.models] MLLM request failed (attempt 2): MLLM API key missing: set KIMI_API_KEY (and optionally KIMI_BASE_URL) in the environment.
2026-10-09 10:24:41,119 ERROR [panda.models] MLLM failed to produce parseable JSON after retries
2026-10-09 10:24:41,120 WARNING [panda.agent] reflection output not parseable; using empty reflection
2026-10-09 10:24:41,120 INFO [panda.agent] clip 67 reflection round 3: tools=[]
2026-10-09 10:24:41,120 INFO [panda.agent] clip 67: reflection suggested no tools
2026-10-09 10:24:42,057 INFO [httpx2] HTTP Request: POST http://localhost:8000/v1/chat/completions "HTTP/1.1 200 OK"
2026-10-09 10:24:42,058 INFO [panda.agent] clip 67 re-reason (round 3): score=0.300 status=insufficient
2026-10-09 10:24:42,060 INFO [panda.agent] clip 67: still insufficient after 3 rounds; fallback score 0.50
2026-10-09 10:24:44,268 INFO [httpx2] HTTP Request: POST http://localhost:8000/v1/chat/completions "HTTP/1.1 200 OK"
2026-10-09 10:24:44,271 INFO [panda.agent] clip 68 reason: score=0.000 status=normal
2026-10-09 10:24:45,739 INFO [httpx2] HTTP Request: POST http://localhost:8000/v1/chat/completions "HTTP/1.1 200 OK"
2026-10-09 10:24:45,740 INFO [panda.agent] clip 69 reason: score=0.000 status=normal
2026-10-09 10:24:47,169 INFO [httpx2] HTTP Request: POST http://localhost:8000/v1/chat/completions "HTTP/1.1 200 OK"
2026-10-09 10:24:47,172 INFO [panda.agent] clip 70 reason: score=0.000 status=normal
2026-10-09 10:24:49,076 INFO [httpx2] HTTP Request: POST http://localhost:8000/v1/chat/completions "HTTP/1.1 200 OK"
2026-10-09 10:24:49,078 INFO [panda.agent] clip 71 reason: score=0.100 status=normal
2026-10-09 10:24:51,232 INFO [httpx2] HTTP Request: POST http://localhost:8000/v1/chat/completions "HTTP/1.1 200 OK"
2026-10-09 10:24:51,233 INFO [panda.agent] clip 72 reason: score=0.000 status=normal
2026-10-09 10:24:53,109 INFO [httpx2] HTTP Request: POST http://localhost:8000/v1/chat/completions "HTTP/1.1 200 OK"
2026-10-09 10:24:53,110 INFO [panda.agent] clip 73 reason: score=0.000 status=normal
2026-10-09 10:24:54,824 INFO [httpx2] HTTP Request: POST http://localhost:8000/v1/chat/completions "HTTP/1.1 200 OK"
2026-10-09 10:24:54,825 INFO [panda.agent] clip 74 reason: score=0.000 status=normal
2026-10-09 10:24:55,744 INFO [httpx2] HTTP Request: POST http://localhost:8000/v1/chat/completions "HTTP/1.1 200 OK"
2026-10-09 10:24:55,745 INFO [panda.agent] clip 75 reason: score=0.200 status=insufficient
2026-10-09 10:24:55,746 WARNING [panda.models] MLLM request failed (attempt 1): MLLM API key missing: set KIMI_API_KEY (and optionally KIMI_BASE_URL) in the environment.
2026-10-09 10:24:55,747 WARNING [panda.models] MLLM request failed (attempt 2): MLLM API key missing: set KIMI_API_KEY (and optionally KIMI_BASE_URL) in the environment.
2026-10-09 10:24:55,747 ERROR [panda.models] MLLM failed to produce parseable JSON after retries
2026-10-09 10:24:55,747 WARNING [panda.agent] reflection output not parseable; using empty reflection
2026-10-09 10:24:55,747 INFO [panda.agent] clip 75 reflection round 1: tools=[]
2026-10-09 10:24:55,747 INFO [panda.agent] clip 75: reflection suggested no tools
2026-10-09 10:24:56,528 INFO [httpx2] HTTP Request: POST http://localhost:8000/v1/chat/completions "HTTP/1.1 200 OK"
2026-10-09 10:24:56,529 INFO [panda.agent] clip 75 re-reason (round 1): score=0.200 status=insufficient
2026-10-09 10:24:56,530 WARNING [panda.models] MLLM request failed (attempt 1): MLLM API key missing: set KIMI_API_KEY (and optionally KIMI_BASE_URL) in the environment.
2026-10-09 10:24:56,530 WARNING [panda.models] MLLM request failed (attempt 2): MLLM API key missing: set KIMI_API_KEY (and optionally KIMI_BASE_URL) in the environment.
2026-10-09 10:24:56,530 ERROR [panda.models] MLLM failed to produce parseable JSON after retries
2026-10-09 10:24:56,530 WARNING [panda.agent] reflection output not parseable; using empty reflection
2026-10-09 10:24:56,530 INFO [panda.agent] clip 75 reflection round 2: tools=[]
2026-10-09 10:24:56,530 INFO [panda.agent] clip 75: reflection suggested no tools
2026-10-09 10:24:57,307 INFO [httpx2] HTTP Request: POST http://localhost:8000/v1/chat/completions "HTTP/1.1 200 OK"
2026-10-09 10:24:57,308 INFO [panda.agent] clip 75 re-reason (round 2): score=0.200 status=insufficient
2026-10-09 10:24:57,310 WARNING [panda.models] MLLM request failed (attempt 1): MLLM API key missing: set KIMI_API_KEY (and optionally KIMI_BASE_URL) in the environment.
2026-10-09 10:24:57,310 WARNING [panda.models] MLLM request failed (attempt 2): MLLM API key missing: set KIMI_API_KEY (and optionally KIMI_BASE_URL) in the environment.
2026-10-09 10:24:57,310 ERROR [panda.models] MLLM failed to produce parseable JSON after retries
2026-10-09 10:24:57,310 WARNING [panda.agent] reflection output not parseable; using empty reflection
2026-10-09 10:24:57,310 INFO [panda.agent] clip 75 reflection round 3: tools=[]
2026-10-09 10:24:57,311 INFO [panda.agent] clip 75: reflection suggested no tools
2026-10-09 10:24:58,078 INFO [httpx2] HTTP Request: POST http://localhost:8000/v1/chat/completions "HTTP/1.1 200 OK"
2026-10-09 10:24:58,080 INFO [panda.agent] clip 75 re-reason (round 3): score=0.200 status=insufficient
2026-10-09 10:24:58,082 INFO [panda.agent] clip 75: still insufficient after 3 rounds; fallback score 0.50
2026-10-09 10:24:59,024 INFO [httpx2] HTTP Request: POST http://localhost:8000/v1/chat/completions "HTTP/1.1 200 OK"
2026-10-09 10:24:59,025 INFO [panda.agent] clip 76 reason: score=0.200 status=insufficient
2026-10-09 10:24:59,026 WARNING [panda.models] MLLM request failed (attempt 1): MLLM API key missing: set KIMI_API_KEY (and optionally KIMI_BASE_URL) in the environment.
2026-10-09 10:24:59,026 WARNING [panda.models] MLLM request failed (attempt 2): MLLM API key missing: set KIMI_API_KEY (and optionally KIMI_BASE_URL) in the environment.
2026-10-09 10:24:59,026 ERROR [panda.models] MLLM failed to produce parseable JSON after retries
2026-10-09 10:24:59,026 WARNING [panda.agent] reflection output not parseable; using empty reflection
2026-10-09 10:24:59,026 INFO [panda.agent] clip 76 reflection round 1: tools=[]
2026-10-09 10:24:59,026 INFO [panda.agent] clip 76: reflection suggested no tools
2026-10-09 10:25:00,680 INFO [httpx2] HTTP Request: POST http://localhost:8000/v1/chat/completions "HTTP/1.1 200 OK"
2026-10-09 10:25:00,681 INFO [panda.agent] clip 76 re-reason (round 1): score=0.100 status=normal
2026-10-09 10:25:02,501 INFO [httpx2] HTTP Request: POST http://localhost:8000/v1/chat/completions "HTTP/1.1 200 OK"
2026-10-09 10:25:02,502 INFO [panda.agent] clip 77 reason: score=0.000 status=normal
2026-10-09 10:25:04,279 INFO [httpx2] HTTP Request: POST http://localhost:8000/v1/chat/completions "HTTP/1.1 200 OK"
2026-10-09 10:25:04,280 INFO [panda.agent] clip 78 reason: score=0.000 status=normal
2026-10-09 10:25:06,144 INFO [httpx2] HTTP Request: POST http://localhost:8000/v1/chat/completions "HTTP/1.1 200 OK"
2026-10-09 10:25:06,145 INFO [panda.agent] clip 79 reason: score=0.000 status=normal
2026-10-09 10:25:07,796 INFO [httpx2] HTTP Request: POST http://localhost:8000/v1/chat/completions "HTTP/1.1 200 OK"
2026-10-09 10:25:07,798 INFO [panda.agent] clip 80 reason: score=0.000 status=normal
2026-10-09 10:25:09,619 INFO [httpx2] HTTP Request: POST http://localhost:8000/v1/chat/completions "HTTP/1.1 200 OK"
2026-10-09 10:25:09,620 INFO [panda.agent] clip 81 reason: score=0.100 status=normal
2026-10-09 10:25:11,384 INFO [httpx2] HTTP Request: POST http://localhost:8000/v1/chat/completions "HTTP/1.1 200 OK"
2026-10-09 10:25:11,385 INFO [panda.agent] clip 82 reason: score=0.000 status=normal
2026-10-09 10:25:13,201 INFO [httpx2] HTTP Request: POST http://localhost:8000/v1/chat/completions "HTTP/1.1 200 OK"
2026-10-09 10:25:13,202 INFO [panda.agent] clip 83 reason: score=0.100 status=normal
2026-10-09 10:25:14,637 INFO [httpx2] HTTP Request: POST http://localhost:8000/v1/chat/completions "HTTP/1.1 200 OK"
2026-10-09 10:25:14,638 INFO [panda.agent] clip 84 reason: score=0.700 status=abnormal
2026-10-09 10:25:16,919 INFO [httpx2] HTTP Request: POST http://localhost:8000/v1/chat/completions "HTTP/1.1 200 OK"
2026-10-09 10:25:16,920 INFO [panda.agent] clip 85 reason: score=0.200 status=insufficient
2026-10-09 10:25:16,921 WARNING [panda.models] MLLM request failed (attempt 1): MLLM API key missing: set KIMI_API_KEY (and optionally KIMI_BASE_URL) in the environment.
2026-10-09 10:25:16,921 WARNING [panda.models] MLLM request failed (attempt 2): MLLM API key missing: set KIMI_API_KEY (and optionally KIMI_BASE_URL) in the environment.
2026-10-09 10:25:16,921 ERROR [panda.models] MLLM failed to produce parseable JSON after retries
2026-10-09 10:25:16,921 WARNING [panda.agent] reflection output not parseable; using empty reflection
2026-10-09 10:25:16,921 INFO [panda.agent] clip 85 reflection round 1: tools=[]
2026-10-09 10:25:16,922 INFO [panda.agent] clip 85: reflection suggested no tools
2026-10-09 10:25:19,044 INFO [httpx2] HTTP Request: POST http://localhost:8000/v1/chat/completions "HTTP/1.1 200 OK"
2026-10-09 10:25:19,045 INFO [panda.agent] clip 85 re-reason (round 1): score=0.200 status=insufficient
2026-10-09 10:25:19,046 WARNING [panda.models] MLLM request failed (attempt 1): MLLM API key missing: set KIMI_API_KEY (and optionally KIMI_BASE_URL) in the environment.
2026-10-09 10:25:19,046 WARNING [panda.models] MLLM request failed (attempt 2): MLLM API key missing: set KIMI_API_KEY (and optionally KIMI_BASE_URL) in the environment.
2026-10-09 10:25:19,046 ERROR [panda.models] MLLM failed to produce parseable JSON after retries
2026-10-09 10:25:19,046 WARNING [panda.agent] reflection output not parseable; using empty reflection
2026-10-09 10:25:19,046 INFO [panda.agent] clip 85 reflection round 2: tools=[]
2026-10-09 10:25:19,047 INFO [panda.agent] clip 85: reflection suggested no tools
2026-10-09 10:25:21,182 INFO [httpx2] HTTP Request: POST http://localhost:8000/v1/chat/completions "HTTP/1.1 200 OK"
2026-10-09 10:25:21,184 INFO [panda.agent] clip 85 re-reason (round 2): score=0.200 status=insufficient
2026-10-09 10:25:21,186 WARNING [panda.models] MLLM request failed (attempt 1): MLLM API key missing: set KIMI_API_KEY (and optionally KIMI_BASE_URL) in the environment.
2026-10-09 10:25:21,186 WARNING [panda.models] MLLM request failed (attempt 2): MLLM API key missing: set KIMI_API_KEY (and optionally KIMI_BASE_URL) in the environment.
2026-10-09 10:25:21,186 ERROR [panda.models] MLLM failed to produce parseable JSON after retries
2026-10-09 10:25:21,186 WARNING [panda.agent] reflection output not parseable; using empty reflection
2026-10-09 10:25:21,186 INFO [panda.agent] clip 85 reflection round 3: tools=[]
2026-10-09 10:25:21,187 INFO [panda.agent] clip 85: reflection suggested no tools
2026-10-09 10:25:23,310 INFO [httpx2] HTTP Request: POST http://localhost:8000/v1/chat/completions "HTTP/1.1 200 OK"
2026-10-09 10:25:23,311 INFO [panda.agent] clip 85 re-reason (round 3): score=0.200 status=insufficient
2026-10-09 10:25:23,312 INFO [panda.agent] clip 85: still insufficient after 3 rounds; fallback score 0.50
2026-10-09 10:25:24,509 INFO [httpx2] HTTP Request: POST http://localhost:8000/v1/chat/completions "HTTP/1.1 200 OK"
2026-10-09 10:25:24,511 INFO [panda.agent] clip 86 reason: score=0.700 status=abnormal
2026-10-09 10:25:26,886 INFO [httpx2] HTTP Request: POST http://localhost:8000/v1/chat/completions "HTTP/1.1 200 OK"
2026-10-09 10:25:26,888 INFO [panda.agent] clip 87 reason: score=0.900 status=abnormal
2026-10-09 10:25:29,407 INFO [httpx2] HTTP Request: POST http://localhost:8000/v1/chat/completions "HTTP/1.1 200 OK"
2026-10-09 10:25:29,408 INFO [panda.agent] clip 88 reason: score=0.700 status=abnormal
2026-10-09 10:25:31,705 INFO [httpx2] HTTP Request: POST http://localhost:8000/v1/chat/completions "HTTP/1.1 200 OK"
2026-10-09 10:25:31,707 INFO [panda.agent] clip 89 reason: score=0.000 status=normal
2026-10-09 10:25:33,530 INFO [httpx2] HTTP Request: POST http://localhost:8000/v1/chat/completions "HTTP/1.1 200 OK"
2026-10-09 10:25:33,530 INFO [panda.agent] clip 90 reason: score=0.800 status=abnormal
2026-10-09 10:25:35,495 INFO [httpx2] HTTP Request: POST http://localhost:8000/v1/chat/completions "HTTP/1.1 200 OK"
2026-10-09 10:25:35,498 INFO [panda.agent] clip 91 reason: score=0.100 status=normal
2026-10-09 10:25:37,535 INFO [httpx2] HTTP Request: POST http://localhost:8000/v1/chat/completions "HTTP/1.1 200 OK"
2026-10-09 10:25:37,537 INFO [panda.agent] clip 92 reason: score=0.000 status=normal
2026-10-09 10:25:39,594 INFO [httpx2] HTTP Request: POST http://localhost:8000/v1/chat/completions "HTTP/1.1 200 OK"
2026-10-09 10:25:39,596 INFO [panda.agent] clip 93 reason: score=0.800 status=abnormal
2026-10-09 10:25:41,375 INFO [httpx2] HTTP Request: POST http://localhost:8000/v1/chat/completions "HTTP/1.1 200 OK"
2026-10-09 10:25:41,377 INFO [panda.agent] clip 94 reason: score=0.800 status=abnormal
2026-10-09 10:25:42,675 INFO [httpx2] HTTP Request: POST http://localhost:8000/v1/chat/completions "HTTP/1.1 200 OK"
2026-10-09 10:25:42,677 INFO [panda.agent] clip 95 reason: score=0.800 status=abnormal
2026-10-09 10:25:45,181 INFO [httpx2] HTTP Request: POST http://localhost:8000/v1/chat/completions "HTTP/1.1 200 OK"
2026-10-09 10:25:45,184 INFO [panda.agent] clip 96 reason: score=0.800 status=abnormal
2026-10-09 10:25:46,966 INFO [httpx2] HTTP Request: POST http://localhost:8000/v1/chat/completions "HTTP/1.1 200 OK"
2026-10-09 10:25:46,968 INFO [panda.agent] clip 97 reason: score=0.800 status=abnormal
2026-10-09 10:25:48,482 INFO [httpx2] HTTP Request: POST http://localhost:8000/v1/chat/completions "HTTP/1.1 200 OK"
2026-10-09 10:25:48,485 INFO [panda.agent] clip 98 reason: score=0.700 status=abnormal
2026-10-09 10:25:50,253 INFO [httpx2] HTTP Request: POST http://localhost:8000/v1/chat/completions "HTTP/1.1 200 OK"
2026-10-09 10:25:50,254 INFO [panda.agent] clip 99 reason: score=0.800 status=abnormal
2026-10-09 10:25:52,652 INFO [httpx2] HTTP Request: POST http://localhost:8000/v1/chat/completions "HTTP/1.1 200 OK"
2026-10-09 10:25:52,653 INFO [panda.agent] clip 100 reason: score=0.100 status=normal
2026-10-09 10:25:54,280 INFO [httpx2] HTTP Request: POST http://localhost:8000/v1/chat/completions "HTTP/1.1 200 OK"
2026-10-09 10:25:54,282 INFO [panda.agent] clip 101 reason: score=0.000 status=normal
2026-10-09 10:25:56,018 INFO [httpx2] HTTP Request: POST http://localhost:8000/v1/chat/completions "HTTP/1.1 200 OK"
2026-10-09 10:25:56,019 INFO [panda.agent] clip 102 reason: score=0.000 status=normal
2026-10-09 10:25:57,702 INFO [httpx2] HTTP Request: POST http://localhost:8000/v1/chat/completions "HTTP/1.1 200 OK"
2026-10-09 10:25:57,703 INFO [panda.agent] clip 103 reason: score=0.100 status=normal
2026-10-09 10:25:59,696 INFO [httpx2] HTTP Request: POST http://localhost:8000/v1/chat/completions "HTTP/1.1 200 OK"
2026-10-09 10:25:59,698 INFO [panda.agent] clip 104 reason: score=0.000 status=normal
2026-10-09 10:26:01,389 INFO [httpx2] HTTP Request: POST http://localhost:8000/v1/chat/completions "HTTP/1.1 200 OK"
2026-10-09 10:26:01,391 INFO [panda.agent] clip 105 reason: score=0.000 status=normal
2026-10-09 10:26:01,394 INFO [panda.agent] === video Arrest039_x264 done: 106 clips ===
2026-10-09 10:26:01,410 INFO [run_eval] video Arrest039_x264 done in 206.2s: auc raw=46.30 smoothed=52.77
2026-10-09 10:26:01,410 INFO [run_eval] video Arson007_x264 (abnormal): 208 frames, fps=30.00
2026-10-09 10:26:01,412 INFO [panda.agent] === video Arson007_x264: 208 frames, 42 clips ===
2026-10-09 10:26:01,413 INFO [panda.agent] perception: sampled 208 frames, sending 32 (token budget)
2026-10-09 10:26:03,603 INFO [httpx2] HTTP Request: POST http://localhost:8000/v1/chat/completions "HTTP/1.1 200 OK"
2026-10-09 10:26:06,425 INFO [httpx2] HTTP Request: POST http://localhost:8000/v1/chat/completions "HTTP/1.1 200 OK"
2026-10-09 10:26:09,593 INFO [httpx2] HTTP Request: POST http://localhost:8000/v1/chat/completions "HTTP/1.1 200 OK"
2026-10-09 10:26:11,443 INFO [httpx2] HTTP Request: POST http://localhost:8000/v1/chat/completions "HTTP/1.1 200 OK"
2026-10-09 10:26:11,444 INFO [panda.agent] perception done: {'Scene Overview': 'The scene shows a residential area with a tree and some bushes in the foreground. There is a person walking towards the camera in the first three frames, and then another person appears in the last three frames.; The video shows a security camera view of a hallway with Christmas trees decorated with lights. The scene appears to be inside a building, possibly a mall or a public space, as there are no visible windows or outdoor elements.; The video shows a nighttime scene at a residential area with Christmas decorations. The area appears to be a hallway or entranceway leading to a building. There are several Christmas trees decorated with lights, and the surroundings are dimly lit.; A nighttime scene with Christmas trees decorated with lights. The camera angle is from a security camera, capturing the area around the trees.', 'Weather Condition': 'The weather condition appears to be nighttime, as the scene is dark and illuminated by artificial lighting.; The video is in black and white, indicating that it was recorded at night or in low-light conditions. There is no indication of weather conditions such as sunny, overcast, or rainy.; The weather condition is not directly observable as the video is in black and white, but it appears to be nighttime with artificial lighting illuminating the scene.; Nighttime with no visible weather conditions affecting visibility.', 'Video Quality': 'The video quality is clear, with good visibility of the surroundings and the people in the scene.; The video quality appears to be clear, with good resolution and minimal noise. The timestamp suggests that the video was recorded at a consistent frame rate.; The video quality is moderate, with some graininess and noise present due to the low-light conditions. The image is somewhat blurry, which may affect the clarity of details.; The video appears to be of moderate quality, with some graininess possibly due to the night vision mode used by the security camera.', 'Potential Anomalies': 'There are no obvious signs of abnormal events in these frames.; There are no significant anomalies detected in these frames. The scene remains static with no movement or activity observed.; Based on the visual content, there are no obvious signs of abnormal events such as fighting, stealing, or other criminal activities. However, the dim lighting and lack of activity could make it difficult to detect any potential anomalies.; No significant anomalies detected in these frames.'}
2026-10-09 10:26:11,445 INFO [panda.agent] planning: retrieved 0 rules
2026-10-09 10:26:11,445 WARNING [panda.models] MLLM request failed (attempt 1): MLLM API key missing: set KIMI_API_KEY (and optionally KIMI_BASE_URL) in the environment.
2026-10-09 10:26:11,445 WARNING [panda.models] MLLM request failed (attempt 2): MLLM API key missing: set KIMI_API_KEY (and optionally KIMI_BASE_URL) in the environment.
2026-10-09 10:26:11,445 ERROR [panda.models] MLLM failed to produce parseable JSON after retries
2026-10-09 10:26:11,445 WARNING [panda.agent] planning output not parseable; using empty plan
2026-10-09 10:26:11,445 INFO [panda.agent] planning done: preprocessing=, anomalies=
2026-10-09 10:26:12,763 INFO [httpx2] HTTP Request: POST http://localhost:8000/v1/chat/completions "HTTP/1.1 200 OK"
2026-10-09 10:26:12,765 INFO [panda.agent] clip 0 reason: score=0.000 status=normal
2026-10-09 10:26:14,614 INFO [httpx2] HTTP Request: POST http://localhost:8000/v1/chat/completions "HTTP/1.1 200 OK"
2026-10-09 10:26:14,616 INFO [panda.agent] clip 1 reason: score=0.000 status=normal
2026-10-09 10:26:15,947 INFO [httpx2] HTTP Request: POST http://localhost:8000/v1/chat/completions "HTTP/1.1 200 OK"
2026-10-09 10:26:15,949 INFO [panda.agent] clip 2 reason: score=0.000 status=normal
2026-10-09 10:26:17,563 INFO [httpx2] HTTP Request: POST http://localhost:8000/v1/chat/completions "HTTP/1.1 200 OK"
2026-10-09 10:26:17,566 INFO [panda.agent] clip 3 reason: score=0.000 status=normal
2026-10-09 10:26:19,347 INFO [httpx2] HTTP Request: POST http://localhost:8000/v1/chat/completions "HTTP/1.1 200 OK"
2026-10-09 10:26:19,349 INFO [panda.agent] clip 4 reason: score=0.000 status=normal
2026-10-09 10:26:21,274 INFO [httpx2] HTTP Request: POST http://localhost:8000/v1/chat/completions "HTTP/1.1 200 OK"
2026-10-09 10:26:21,276 INFO [panda.agent] clip 5 reason: score=0.000 status=normal
2026-10-09 10:26:22,933 INFO [httpx2] HTTP Request: POST http://localhost:8000/v1/chat/completions "HTTP/1.1 200 OK"
2026-10-09 10:26:22,934 INFO [panda.agent] clip 6 reason: score=0.000 status=normal
2026-10-09 10:26:24,185 INFO [httpx2] HTTP Request: POST http://localhost:8000/v1/chat/completions "HTTP/1.1 200 OK"
2026-10-09 10:26:24,187 INFO [panda.agent] clip 7 reason: score=0.000 status=normal
2026-10-09 10:26:25,845 INFO [httpx2] HTTP Request: POST http://localhost:8000/v1/chat/completions "HTTP/1.1 200 OK"
2026-10-09 10:26:25,846 INFO [panda.agent] clip 8 reason: score=0.000 status=normal
2026-10-09 10:26:27,505 INFO [httpx2] HTTP Request: POST http://localhost:8000/v1/chat/completions "HTTP/1.1 200 OK"
2026-10-09 10:26:27,507 INFO [panda.agent] clip 9 reason: score=0.000 status=normal
2026-10-09 10:26:28,790 INFO [httpx2] HTTP Request: POST http://localhost:8000/v1/chat/completions "HTTP/1.1 200 OK"
2026-10-09 10:26:28,792 INFO [panda.agent] clip 10 reason: score=0.000 status=normal
2026-10-09 10:26:30,439 INFO [httpx2] HTTP Request: POST http://localhost:8000/v1/chat/completions "HTTP/1.1 200 OK"
2026-10-09 10:26:30,440 INFO [panda.agent] clip 11 reason: score=0.000 status=normal
2026-10-09 10:26:32,087 INFO [httpx2] HTTP Request: POST http://localhost:8000/v1/chat/completions "HTTP/1.1 200 OK"
2026-10-09 10:26:32,089 INFO [panda.agent] clip 12 reason: score=0.000 status=normal
2026-10-09 10:26:33,409 INFO [httpx2] HTTP Request: POST http://localhost:8000/v1/chat/completions "HTTP/1.1 200 OK"
2026-10-09 10:26:33,411 INFO [panda.agent] clip 13 reason: score=0.000 status=normal
2026-10-09 10:26:35,511 INFO [httpx2] HTTP Request: POST http://localhost:8000/v1/chat/completions "HTTP/1.1 200 OK"
2026-10-09 10:26:35,514 INFO [panda.agent] clip 14 reason: score=0.000 status=normal
2026-10-09 10:26:37,172 INFO [httpx2] HTTP Request: POST http://localhost:8000/v1/chat/completions "HTTP/1.1 200 OK"
2026-10-09 10:26:37,174 INFO [panda.agent] clip 15 reason: score=0.000 status=normal
2026-10-09 10:26:38,823 INFO [httpx2] HTTP Request: POST http://localhost:8000/v1/chat/completions "HTTP/1.1 200 OK"
2026-10-09 10:26:38,825 INFO [panda.agent] clip 16 reason: score=0.000 status=normal
2026-10-09 10:26:40,486 INFO [httpx2] HTTP Request: POST http://localhost:8000/v1/chat/completions "HTTP/1.1 200 OK"
2026-10-09 10:26:40,488 INFO [panda.agent] clip 17 reason: score=0.000 status=normal
2026-10-09 10:26:42,136 INFO [httpx2] HTTP Request: POST http://localhost:8000/v1/chat/completions "HTTP/1.1 200 OK"
2026-10-09 10:26:42,138 INFO [panda.agent] clip 18 reason: score=0.000 status=normal
2026-10-09 10:26:43,793 INFO [httpx2] HTTP Request: POST http://localhost:8000/v1/chat/completions "HTTP/1.1 200 OK"
2026-10-09 10:26:43,795 INFO [panda.agent] clip 19 reason: score=0.000 status=normal
2026-10-09 10:26:45,432 INFO [httpx2] HTTP Request: POST http://localhost:8000/v1/chat/completions "HTTP/1.1 200 OK"
2026-10-09 10:26:45,432 INFO [panda.agent] clip 20 reason: score=0.000 status=normal
2026-10-09 10:26:47,135 INFO [httpx2] HTTP Request: POST http://localhost:8000/v1/chat/completions "HTTP/1.1 200 OK"
2026-10-09 10:26:47,136 INFO [panda.agent] clip 21 reason: score=0.000 status=normal
2026-10-09 10:26:48,817 INFO [httpx2] HTTP Request: POST http://localhost:8000/v1/chat/completions "HTTP/1.1 200 OK"
2026-10-09 10:26:48,818 INFO [panda.agent] clip 22 reason: score=0.000 status=normal
2026-10-09 10:26:50,458 INFO [httpx2] HTTP Request: POST http://localhost:8000/v1/chat/completions "HTTP/1.1 200 OK"
2026-10-09 10:26:50,459 INFO [panda.agent] clip 23 reason: score=0.000 status=normal
2026-10-09 10:26:52,107 INFO [httpx2] HTTP Request: POST http://localhost:8000/v1/chat/completions "HTTP/1.1 200 OK"
2026-10-09 10:26:52,108 INFO [panda.agent] clip 24 reason: score=0.000 status=normal
2026-10-09 10:26:53,732 INFO [httpx2] HTTP Request: POST http://localhost:8000/v1/chat/completions "HTTP/1.1 200 OK"
2026-10-09 10:26:53,733 INFO [panda.agent] clip 25 reason: score=0.000 status=normal
2026-10-09 10:26:55,554 INFO [httpx2] HTTP Request: POST http://localhost:8000/v1/chat/completions "HTTP/1.1 200 OK"
2026-10-09 10:26:55,556 INFO [panda.agent] clip 26 reason: score=0.000 status=normal
2026-10-09 10:26:57,408 INFO [httpx2] HTTP Request: POST http://localhost:8000/v1/chat/completions "HTTP/1.1 200 OK"
2026-10-09 10:26:57,410 INFO [panda.agent] clip 27 reason: score=0.000 status=normal
2026-10-09 10:26:59,113 INFO [httpx2] HTTP Request: POST http://localhost:8000/v1/chat/completions "HTTP/1.1 200 OK"
2026-10-09 10:26:59,114 INFO [panda.agent] clip 28 reason: score=0.000 status=normal
2026-10-09 10:27:00,942 INFO [httpx2] HTTP Request: POST http://localhost:8000/v1/chat/completions "HTTP/1.1 200 OK"
2026-10-09 10:27:00,943 INFO [panda.agent] clip 29 reason: score=0.000 status=normal
2026-10-09 10:27:02,229 INFO [httpx2] HTTP Request: POST http://localhost:8000/v1/chat/completions "HTTP/1.1 200 OK"
2026-10-09 10:27:02,230 INFO [panda.agent] clip 30 reason: score=0.000 status=normal
2026-10-09 10:27:03,883 INFO [httpx2] HTTP Request: POST http://localhost:8000/v1/chat/completions "HTTP/1.1 200 OK"
2026-10-09 10:27:03,885 INFO [panda.agent] clip 31 reason: score=0.000 status=normal
2026-10-09 10:27:05,180 INFO [httpx2] HTTP Request: POST http://localhost:8000/v1/chat/completions "HTTP/1.1 200 OK"
2026-10-09 10:27:05,181 INFO [panda.agent] clip 32 reason: score=0.000 status=normal
2026-10-09 10:27:06,460 INFO [httpx2] HTTP Request: POST http://localhost:8000/v1/chat/completions "HTTP/1.1 200 OK"
2026-10-09 10:27:06,461 INFO [panda.agent] clip 33 reason: score=0.000 status=normal
2026-10-09 10:27:07,765 INFO [httpx2] HTTP Request: POST http://localhost:8000/v1/chat/completions "HTTP/1.1 200 OK"
2026-10-09 10:27:07,767 INFO [panda.agent] clip 34 reason: score=0.000 status=normal
2026-10-09 10:27:09,439 INFO [httpx2] HTTP Request: POST http://localhost:8000/v1/chat/completions "HTTP/1.1 200 OK"
2026-10-09 10:27:09,441 INFO [panda.agent] clip 35 reason: score=0.000 status=normal
2026-10-09 10:27:11,124 INFO [httpx2] HTTP Request: POST http://localhost:8000/v1/chat/completions "HTTP/1.1 200 OK"
2026-10-09 10:27:11,125 INFO [panda.agent] clip 36 reason: score=0.000 status=normal
2026-10-09 10:27:12,790 INFO [httpx2] HTTP Request: POST http://localhost:8000/v1/chat/completions "HTTP/1.1 200 OK"
2026-10-09 10:27:12,791 INFO [panda.agent] clip 37 reason: score=0.000 status=normal
2026-10-09 10:27:14,522 INFO [httpx2] HTTP Request: POST http://localhost:8000/v1/chat/completions "HTTP/1.1 200 OK"
2026-10-09 10:27:14,523 INFO [panda.agent] clip 38 reason: score=0.000 status=normal
2026-10-09 10:27:16,069 INFO [httpx2] HTTP Request: POST http://localhost:8000/v1/chat/completions "HTTP/1.1 200 OK"
2026-10-09 10:27:16,072 INFO [panda.agent] clip 39 reason: score=0.000 status=normal
2026-10-09 10:27:17,526 INFO [httpx2] HTTP Request: POST http://localhost:8000/v1/chat/completions "HTTP/1.1 200 OK"
2026-10-09 10:27:17,527 INFO [panda.agent] clip 40 reason: score=0.000 status=normal
2026-10-09 10:27:18,884 INFO [httpx2] HTTP Request: POST http://localhost:8000/v1/chat/completions "HTTP/1.1 200 OK"
2026-10-09 10:27:18,886 INFO [panda.agent] clip 41 reason: score=0.000 status=normal
2026-10-09 10:27:18,887 INFO [panda.agent] === video Arson007_x264 done: 42 clips ===
2026-10-09 10:27:18,899 INFO [run_eval] video Arson007_x264 done in 77.5s: auc raw=50.00 smoothed=50.00
2026-10-09 10:27:18,899 INFO [run_eval] video Arson009_x264 (abnormal): 25 frames, fps=30.00
2026-10-09 10:27:18,901 INFO [panda.agent] === video Arson009_x264: 25 frames, 5 clips ===
2026-10-09 10:27:22,093 INFO [httpx2] HTTP Request: POST http://localhost:8000/v1/chat/completions "HTTP/1.1 200 OK"
2026-10-09 10:27:24,754 INFO [httpx2] HTTP Request: POST http://localhost:8000/v1/chat/completions "HTTP/1.1 200 OK"
2026-10-09 10:27:28,320 INFO [httpx2] HTTP Request: POST http://localhost:8000/v1/chat/completions "HTTP/1.1 200 OK"
2026-10-09 10:27:31,855 INFO [httpx2] HTTP Request: POST http://localhost:8000/v1/chat/completions "HTTP/1.1 200 OK"
2026-10-09 10:27:31,858 INFO [panda.agent] perception done: {'Scene Overview': "The scene shows a white van parked in a dimly lit parking area at night. The area appears to be enclosed with walls on either side, suggesting it might be a private or semi-private parking space.; The video shows a parking lot with a white van parked in it. A person wearing a white shirt is seen walking towards the van. The scene appears to be at night.; The scene takes place in a parking lot at night. Two individuals wearing reflective vests are standing near a white van. The area appears to be dimly lit, with the primary light source coming from the vehicle's headlights.; The scene appears to be inside a building, possibly a residential or commercial space, given the presence of what looks like a door or window with a frame. The lighting is very dim, suggesting it might be nighttime or the area is poorly lit. There is a figure that seems to be moving quickly, possibly running or being in a hurry.", 'Weather Condition': 'The video is taken at night under low-light conditions, as indicated by the darkness and the use of artificial lighting from the camera itself.; The weather condition is not specified in the video, but it appears to be nighttime.; The weather condition cannot be determined as the video is in black and white, but it seems to be nighttime with no visible precipitation.; The video does not provide any direct information about weather conditions as it is an indoor shot. However, the darkness suggests it could be nighttime or the area lacks sufficient lighting.', 'Video Quality': 'The video quality is relatively clear but suffers from low-light conditions, which affects the visibility of details. The frames are somewhat grainy, indicating possible noise due to the low light environment.; The video quality is clear, with good visibility of the objects and people in the scene.; The video quality is low, with a grainy texture and poor visibility due to the darkness and the limited light source. The image is also affected by motion blur, which makes it difficult to discern fine details.; The video quality is low, with poor visibility due to the darkness and lack of lighting. The image is grainy, which may indicate motion blur or low resolution.', 'Potential Anomalies': 'There are no immediate signs of abnormal events such as fighting, stealing, or other listed anomalies in these frames. However, the presence of a person near the van could potentially lead to such events if they were to interact with the vehicle or its contents.; Based on the visual content, there are no obvious signs of abnormal events such as fighting, stealing, or vandalism. However, the person walking towards the van could potentially be involved in an abnormal event if they were to interact with the van in an unexpected way.; Based on the visual content, potential anomalies include Arson, Assault, and Vandalism. The presence of two individuals wearing reflective vests near a vehicle suggests that they might be involved in some sort of activity, possibly related to the vehicle. However, without more context, it is difficult to determine the exact nature of their actions.; Based on the dim lighting and the quick movement of the figure, potential anomalies include Robbery, Stealing, or other criminal activities such as Burglary or Shoplifting. The exact nature of the activity cannot be determined from this single frame.'}
2026-10-09 10:27:31,860 INFO [panda.agent] planning: retrieved 0 rules
2026-10-09 10:27:31,860 WARNING [panda.models] MLLM request failed (attempt 1): MLLM API key missing: set KIMI_API_KEY (and optionally KIMI_BASE_URL) in the environment.
2026-10-09 10:27:31,860 WARNING [panda.models] MLLM request failed (attempt 2): MLLM API key missing: set KIMI_API_KEY (and optionally KIMI_BASE_URL) in the environment.
2026-10-09 10:27:31,860 ERROR [panda.models] MLLM failed to produce parseable JSON after retries
2026-10-09 10:27:31,861 WARNING [panda.agent] planning output not parseable; using empty plan
2026-10-09 10:27:31,861 INFO [panda.agent] planning done: preprocessing=, anomalies=
2026-10-09 10:27:33,208 INFO [httpx2] HTTP Request: POST http://localhost:8000/v1/chat/completions "HTTP/1.1 200 OK"
2026-10-09 10:27:33,209 INFO [panda.agent] clip 0 reason: score=0.000 status=normal
2026-10-09 10:27:34,797 INFO [httpx2] HTTP Request: POST http://localhost:8000/v1/chat/completions "HTTP/1.1 200 OK"
2026-10-09 10:27:34,799 INFO [panda.agent] clip 1 reason: score=0.000 status=normal
2026-10-09 10:27:36,384 INFO [httpx2] HTTP Request: POST http://localhost:8000/v1/chat/completions "HTTP/1.1 200 OK"
2026-10-09 10:27:36,385 INFO [panda.agent] clip 2 reason: score=0.900 status=abnormal
2026-10-09 10:27:38,073 INFO [httpx2] HTTP Request: POST http://localhost:8000/v1/chat/completions "HTTP/1.1 200 OK"
2026-10-09 10:27:38,075 INFO [panda.agent] clip 3 reason: score=0.800 status=abnormal
2026-10-09 10:27:40,023 INFO [httpx2] HTTP Request: POST http://localhost:8000/v1/chat/completions "HTTP/1.1 200 OK"
2026-10-09 10:27:40,024 INFO [panda.agent] clip 4 reason: score=0.900 status=abnormal
2026-10-09 10:27:40,025 INFO [panda.agent] === video Arson009_x264 done: 5 clips ===
2026-10-09 10:27:40,032 INFO [run_eval] video Arson009_x264 done in 21.1s: auc raw=15.91 smoothed=31.82
2026-10-09 10:27:40,032 INFO [run_eval] video Arson010_x264 (abnormal): 105 frames, fps=30.00
2026-10-09 10:27:40,033 INFO [panda.agent] === video Arson010_x264: 105 frames, 21 clips ===
2026-10-09 10:27:40,033 INFO [panda.agent] perception: sampled 105 frames, sending 32 (token budget)
2026-10-09 10:27:42,201 INFO [httpx2] HTTP Request: POST http://localhost:8000/v1/chat/completions "HTTP/1.1 200 OK"
2026-10-09 10:27:45,128 INFO [httpx2] HTTP Request: POST http://localhost:8000/v1/chat/completions "HTTP/1.1 200 OK"
2026-10-09 10:27:48,315 INFO [httpx2] HTTP Request: POST http://localhost:8000/v1/chat/completions "HTTP/1.1 200 OK"
2026-10-09 10:27:51,417 INFO [httpx2] HTTP Request: POST http://localhost:8000/v1/chat/completions "HTTP/1.1 200 OK"
2026-10-09 10:27:51,418 INFO [panda.agent] perception done: {'Scene Overview': 'The scene shows a street with parked vehicles, including a white van and a motorcycle. There are two people walking near the vehicles.; The scene shows a parking lot with two white vans parked side by side. A person wearing dark clothing is seen walking towards one of the vans.; The scene takes place in a parking lot with two white vans parked side by side. A man on a motorcycle enters the scene from the left, and another person approaches him. The man on the motorcycle gets off his bike and walks towards the second person.; The scene shows a parking lot with two white vans parked side by side. A person wearing dark clothing is seen walking towards one of the vans. The area appears to be outdoors, possibly at night, as the lighting is dim.', 'Weather Condition': 'The weather appears to be nighttime with artificial lighting illuminating the area.; The weather appears to be overcast, as the lighting is dim and there are no visible shadows indicating direct sunlight.; The weather condition seems to be overcast or nighttime, given the dim lighting and lack of shadows.', 'Video Quality': "The video quality is moderate, with some graininess and noise present. The image is slightly blurry, which may affect the clarity of details.; The video quality is low, with a grainy texture and poor resolution, making it difficult to discern fine details. The image is also slightly blurry, which could be due to motion blur or camera shake.; The video quality is somewhat blurry, possibly due to low resolution or motion blur, making it difficult to discern fine details. The lighting is also poor, which could be due to the time of day or the camera's exposure settings.; The video quality appears to be low, with some graininess and a slightly blurry image. The lighting is poor, which may affect the clarity of the video.", 'Potential Anomalies': "There are no obvious signs of abnormal events such as fighting, stealing, or other criminal activities in these frames.; Based on the visual content, potential anomalies include Abnormal Behavior (the person's actions), Vandalism (if the person interacts with the van in a way that causes damage), and Theft (if the person takes something from the van).; Based on the visual content, potential anomalies include Abnormal Behavior (the interaction between the two individuals), but there is not enough information to determine if any of the specified abnormal events have occurred.; Based on the visual content, potential anomalies such as Abduction, Arson, Assault, Burglary, Fighting, Robbery, Shooting, or Vandalism could occur. However, more context would be needed to determine if any of these events have actually taken place."}
2026-10-09 10:27:51,419 INFO [panda.agent] planning: retrieved 0 rules
2026-10-09 10:27:51,419 WARNING [panda.models] MLLM request failed (attempt 1): MLLM API key missing: set KIMI_API_KEY (and optionally KIMI_BASE_URL) in the environment.
2026-10-09 10:27:51,419 WARNING [panda.models] MLLM request failed (attempt 2): MLLM API key missing: set KIMI_API_KEY (and optionally KIMI_BASE_URL) in the environment.
2026-10-09 10:27:51,419 ERROR [panda.models] MLLM failed to produce parseable JSON after retries
2026-10-09 10:27:51,419 WARNING [panda.agent] planning output not parseable; using empty plan
2026-10-09 10:27:51,419 INFO [panda.agent] planning done: preprocessing=, anomalies=
2026-10-09 10:27:53,655 INFO [httpx2] HTTP Request: POST http://localhost:8000/v1/chat/completions "HTTP/1.1 200 OK"
2026-10-09 10:27:53,657 INFO [panda.agent] clip 0 reason: score=0.000 status=normal
2026-10-09 10:27:55,244 INFO [httpx2] HTTP Request: POST http://localhost:8000/v1/chat/completions "HTTP/1.1 200 OK"
2026-10-09 10:27:55,245 INFO [panda.agent] clip 1 reason: score=0.000 status=normal
2026-10-09 10:27:56,954 INFO [httpx2] HTTP Request: POST http://localhost:8000/v1/chat/completions "HTTP/1.1 200 OK"
2026-10-09 10:27:56,955 INFO [panda.agent] clip 2 reason: score=0.000 status=normal
2026-10-09 10:27:58,484 INFO [httpx2] HTTP Request: POST http://localhost:8000/v1/chat/completions "HTTP/1.1 200 OK"
2026-10-09 10:27:58,485 INFO [panda.agent] clip 3 reason: score=0.100 status=normal
2026-10-09 10:28:00,626 INFO [httpx2] HTTP Request: POST http://localhost:8000/v1/chat/completions "HTTP/1.1 200 OK"
2026-10-09 10:28:00,627 INFO [panda.agent] clip 4 reason: score=0.200 status=insufficient
2026-10-09 10:28:00,628 WARNING [panda.models] MLLM request failed (attempt 1): MLLM API key missing: set KIMI_API_KEY (and optionally KIMI_BASE_URL) in the environment.
2026-10-09 10:28:00,628 WARNING [panda.models] MLLM request failed (attempt 2): MLLM API key missing: set KIMI_API_KEY (and optionally KIMI_BASE_URL) in the environment.
2026-10-09 10:28:00,628 ERROR [panda.models] MLLM failed to produce parseable JSON after retries
2026-10-09 10:28:00,628 WARNING [panda.agent] reflection output not parseable; using empty reflection
2026-10-09 10:28:00,628 INFO [panda.agent] clip 4 reflection round 1: tools=[]
2026-10-09 10:28:00,629 INFO [panda.agent] clip 4: reflection suggested no tools
2026-10-09 10:28:02,649 INFO [httpx2] HTTP Request: POST http://localhost:8000/v1/chat/completions "HTTP/1.1 200 OK"
2026-10-09 10:28:02,650 INFO [panda.agent] clip 4 re-reason (round 1): score=0.200 status=insufficient
2026-10-09 10:28:02,652 WARNING [panda.models] MLLM request failed (attempt 1): MLLM API key missing: set KIMI_API_KEY (and optionally KIMI_BASE_URL) in the environment.
2026-10-09 10:28:02,652 WARNING [panda.models] MLLM request failed (attempt 2): MLLM API key missing: set KIMI_API_KEY (and optionally KIMI_BASE_URL) in the environment.
2026-10-09 10:28:02,652 ERROR [panda.models] MLLM failed to produce parseable JSON after retries
2026-10-09 10:28:02,652 WARNING [panda.agent] reflection output not parseable; using empty reflection
2026-10-09 10:28:02,652 INFO [panda.agent] clip 4 reflection round 2: tools=[]
2026-10-09 10:28:02,652 INFO [panda.agent] clip 4: reflection suggested no tools
2026-10-09 10:28:04,686 INFO [httpx2] HTTP Request: POST http://localhost:8000/v1/chat/completions "HTTP/1.1 200 OK"
2026-10-09 10:28:04,688 INFO [panda.agent] clip 4 re-reason (round 2): score=0.200 status=insufficient
2026-10-09 10:28:04,689 WARNING [panda.models] MLLM request failed (attempt 1): MLLM API key missing: set KIMI_API_KEY (and optionally KIMI_BASE_URL) in the environment.
2026-10-09 10:28:04,690 WARNING [panda.models] MLLM request failed (attempt 2): MLLM API key missing: set KIMI_API_KEY (and optionally KIMI_BASE_URL) in the environment.
2026-10-09 10:28:04,690 ERROR [panda.models] MLLM failed to produce parseable JSON after retries
2026-10-09 10:28:04,690 WARNING [panda.agent] reflection output not parseable; using empty reflection
2026-10-09 10:28:04,690 INFO [panda.agent] clip 4 reflection round 3: tools=[]
2026-10-09 10:28:04,691 INFO [panda.agent] clip 4: reflection suggested no tools
2026-10-09 10:28:06,714 INFO [httpx2] HTTP Request: POST http://localhost:8000/v1/chat/completions "HTTP/1.1 200 OK"
2026-10-09 10:28:06,715 INFO [panda.agent] clip 4 re-reason (round 3): score=0.200 status=insufficient
2026-10-09 10:28:06,717 INFO [panda.agent] clip 4: still insufficient after 3 rounds; fallback score 0.50
2026-10-09 10:28:08,577 INFO [httpx2] HTTP Request: POST http://localhost:8000/v1/chat/completions "HTTP/1.1 200 OK"
2026-10-09 10:28:08,579 INFO [panda.agent] clip 5 reason: score=0.200 status=insufficient
2026-10-09 10:28:08,581 WARNING [panda.models] MLLM request failed (attempt 1): MLLM API key missing: set KIMI_API_KEY (and optionally KIMI_BASE_URL) in the environment.
2026-10-09 10:28:08,581 WARNING [panda.models] MLLM request failed (attempt 2): MLLM API key missing: set KIMI_API_KEY (and optionally KIMI_BASE_URL) in the environment.
2026-10-09 10:28:08,581 ERROR [panda.models] MLLM failed to produce parseable JSON after retries
2026-10-09 10:28:08,581 WARNING [panda.agent] reflection output not parseable; using empty reflection
2026-10-09 10:28:08,581 INFO [panda.agent] clip 5 reflection round 1: tools=[]
2026-10-09 10:28:08,582 INFO [panda.agent] clip 5: reflection suggested no tools
2026-10-09 10:28:10,170 INFO [httpx2] HTTP Request: POST http://localhost:8000/v1/chat/completions "HTTP/1.1 200 OK"
2026-10-09 10:28:10,172 INFO [panda.agent] clip 5 re-reason (round 1): score=0.000 status=normal
2026-10-09 10:28:12,094 INFO [httpx2] HTTP Request: POST http://localhost:8000/v1/chat/completions "HTTP/1.1 200 OK"
2026-10-09 10:28:12,097 INFO [panda.agent] clip 6 reason: score=0.200 status=insufficient
2026-10-09 10:28:12,099 WARNING [panda.models] MLLM request failed (attempt 1): MLLM API key missing: set KIMI_API_KEY (and optionally KIMI_BASE_URL) in the environment.
2026-10-09 10:28:12,100 WARNING [panda.models] MLLM request failed (attempt 2): MLLM API key missing: set KIMI_API_KEY (and optionally KIMI_BASE_URL) in the environment.
2026-10-09 10:28:12,100 ERROR [panda.models] MLLM failed to produce parseable JSON after retries
2026-10-09 10:28:12,100 WARNING [panda.agent] reflection output not parseable; using empty reflection
2026-10-09 10:28:12,100 INFO [panda.agent] clip 6 reflection round 1: tools=[]
2026-10-09 10:28:12,102 INFO [panda.agent] clip 6: reflection suggested no tools
2026-10-09 10:28:13,892 INFO [httpx2] HTTP Request: POST http://localhost:8000/v1/chat/completions "HTTP/1.1 200 OK"
2026-10-09 10:28:13,894 INFO [panda.agent] clip 6 re-reason (round 1): score=0.200 status=insufficient
2026-10-09 10:28:13,895 WARNING [panda.models] MLLM request failed (attempt 1): MLLM API key missing: set KIMI_API_KEY (and optionally KIMI_BASE_URL) in the environment.
2026-10-09 10:28:13,896 WARNING [panda.models] MLLM request failed (attempt 2): MLLM API key missing: set KIMI_API_KEY (and optionally KIMI_BASE_URL) in the environment.
2026-10-09 10:28:13,896 ERROR [panda.models] MLLM failed to produce parseable JSON after retries
2026-10-09 10:28:13,896 WARNING [panda.agent] reflection output not parseable; using empty reflection
2026-10-09 10:28:13,896 INFO [panda.agent] clip 6 reflection round 2: tools=[]
2026-10-09 10:28:13,897 INFO [panda.agent] clip 6: reflection suggested no tools
2026-10-09 10:28:15,691 INFO [httpx2] HTTP Request: POST http://localhost:8000/v1/chat/completions "HTTP/1.1 200 OK"
2026-10-09 10:28:15,693 INFO [panda.agent] clip 6 re-reason (round 2): score=0.200 status=insufficient
2026-10-09 10:28:15,694 WARNING [panda.models] MLLM request failed (attempt 1): MLLM API key missing: set KIMI_API_KEY (and optionally KIMI_BASE_URL) in the environment.
2026-10-09 10:28:15,694 WARNING [panda.models] MLLM request failed (attempt 2): MLLM API key missing: set KIMI_API_KEY (and optionally KIMI_BASE_URL) in the environment.
2026-10-09 10:28:15,694 ERROR [panda.models] MLLM failed to produce parseable JSON after retries
2026-10-09 10:28:15,694 WARNING [panda.agent] reflection output not parseable; using empty reflection
2026-10-09 10:28:15,695 INFO [panda.agent] clip 6 reflection round 3: tools=[]
2026-10-09 10:28:15,695 INFO [panda.agent] clip 6: reflection suggested no tools
2026-10-09 10:28:17,503 INFO [httpx2] HTTP Request: POST http://localhost:8000/v1/chat/completions "HTTP/1.1 200 OK"
2026-10-09 10:28:17,505 INFO [panda.agent] clip 6 re-reason (round 3): score=0.200 status=insufficient
2026-10-09 10:28:17,506 INFO [panda.agent] clip 6: still insufficient after 3 rounds; fallback score 0.50
2026-10-09 10:28:18,711 INFO [httpx2] HTTP Request: POST http://localhost:8000/v1/chat/completions "HTTP/1.1 200 OK"
2026-10-09 10:28:18,713 INFO [panda.agent] clip 7 reason: score=0.000 status=normal
2026-10-09 10:28:20,585 INFO [httpx2] HTTP Request: POST http://localhost:8000/v1/chat/completions "HTTP/1.1 200 OK"
2026-10-09 10:28:20,587 INFO [panda.agent] clip 8 reason: score=0.000 status=normal
2026-10-09 10:28:21,998 INFO [httpx2] HTTP Request: POST http://localhost:8000/v1/chat/completions "HTTP/1.1 200 OK"
2026-10-09 10:28:21,999 INFO [panda.agent] clip 9 reason: score=0.000 status=normal
2026-10-09 10:28:24,383 INFO [httpx2] HTTP Request: POST http://localhost:8000/v1/chat/completions "HTTP/1.1 200 OK"
2026-10-09 10:28:24,385 INFO [panda.agent] clip 10 reason: score=0.000 status=normal
2026-10-09 10:28:26,049 INFO [httpx2] HTTP Request: POST http://localhost:8000/v1/chat/completions "HTTP/1.1 200 OK"
2026-10-09 10:28:26,050 INFO [panda.agent] clip 11 reason: score=0.000 status=normal
2026-10-09 10:28:27,378 INFO [httpx2] HTTP Request: POST http://localhost:8000/v1/chat/completions "HTTP/1.1 200 OK"
2026-10-09 10:28:27,380 INFO [panda.agent] clip 12 reason: score=0.200 status=insufficient
2026-10-09 10:28:27,382 WARNING [panda.models] MLLM request failed (attempt 1): MLLM API key missing: set KIMI_API_KEY (and optionally KIMI_BASE_URL) in the environment.
2026-10-09 10:28:27,382 WARNING [panda.models] MLLM request failed (attempt 2): MLLM API key missing: set KIMI_API_KEY (and optionally KIMI_BASE_URL) in the environment.
2026-10-09 10:28:27,382 ERROR [panda.models] MLLM failed to produce parseable JSON after retries
2026-10-09 10:28:27,382 WARNING [panda.agent] reflection output not parseable; using empty reflection
2026-10-09 10:28:27,383 INFO [panda.agent] clip 12 reflection round 1: tools=[]
2026-10-09 10:28:27,384 INFO [panda.agent] clip 12: reflection suggested no tools
2026-10-09 10:28:28,587 INFO [httpx2] HTTP Request: POST http://localhost:8000/v1/chat/completions "HTTP/1.1 200 OK"
2026-10-09 10:28:28,589 INFO [panda.agent] clip 12 re-reason (round 1): score=0.200 status=insufficient
2026-10-09 10:28:28,591 WARNING [panda.models] MLLM request failed (attempt 1): MLLM API key missing: set KIMI_API_KEY (and optionally KIMI_BASE_URL) in the environment.
2026-10-09 10:28:28,591 WARNING [panda.models] MLLM request failed (attempt 2): MLLM API key missing: set KIMI_API_KEY (and optionally KIMI_BASE_URL) in the environment.
2026-10-09 10:28:28,591 ERROR [panda.models] MLLM failed to produce parseable JSON after retries
2026-10-09 10:28:28,591 WARNING [panda.agent] reflection output not parseable; using empty reflection
2026-10-09 10:28:28,591 INFO [panda.agent] clip 12 reflection round 2: tools=[]
2026-10-09 10:28:28,592 INFO [panda.agent] clip 12: reflection suggested no tools
2026-10-09 10:28:29,789 INFO [httpx2] HTTP Request: POST http://localhost:8000/v1/chat/completions "HTTP/1.1 200 OK"
2026-10-09 10:28:29,790 INFO [panda.agent] clip 12 re-reason (round 2): score=0.200 status=insufficient
2026-10-09 10:28:29,792 WARNING [panda.models] MLLM request failed (attempt 1): MLLM API key missing: set KIMI_API_KEY (and optionally KIMI_BASE_URL) in the environment.
2026-10-09 10:28:29,792 WARNING [panda.models] MLLM request failed (attempt 2): MLLM API key missing: set KIMI_API_KEY (and optionally KIMI_BASE_URL) in the environment.
2026-10-09 10:28:29,792 ERROR [panda.models] MLLM failed to produce parseable JSON after retries
2026-10-09 10:28:29,792 WARNING [panda.agent] reflection output not parseable; using empty reflection
2026-10-09 10:28:29,792 INFO [panda.agent] clip 12 reflection round 3: tools=[]
2026-10-09 10:28:29,793 INFO [panda.agent] clip 12: reflection suggested no tools
2026-10-09 10:28:30,991 INFO [httpx2] HTTP Request: POST http://localhost:8000/v1/chat/completions "HTTP/1.1 200 OK"
2026-10-09 10:28:30,993 INFO [panda.agent] clip 12 re-reason (round 3): score=0.200 status=insufficient
2026-10-09 10:28:30,995 INFO [panda.agent] clip 12: still insufficient after 3 rounds; fallback score 0.50
2026-10-09 10:28:33,021 INFO [httpx2] HTTP Request: POST http://localhost:8000/v1/chat/completions "HTTP/1.1 200 OK"
2026-10-09 10:28:33,023 INFO [panda.agent] clip 13 reason: score=0.200 status=insufficient
2026-10-09 10:28:33,026 WARNING [panda.models] MLLM request failed (attempt 1): MLLM API key missing: set KIMI_API_KEY (and optionally KIMI_BASE_URL) in the environment.
2026-10-09 10:28:33,026 WARNING [panda.models] MLLM request failed (attempt 2): MLLM API key missing: set KIMI_API_KEY (and optionally KIMI_BASE_URL) in the environment.
2026-10-09 10:28:33,026 ERROR [panda.models] MLLM failed to produce parseable JSON after retries
2026-10-09 10:28:33,026 WARNING [panda.agent] reflection output not parseable; using empty reflection
2026-10-09 10:28:33,026 INFO [panda.agent] clip 13 reflection round 1: tools=[]
2026-10-09 10:28:33,028 INFO [panda.agent] clip 13: reflection suggested no tools
2026-10-09 10:28:34,113 INFO [httpx2] HTTP Request: POST http://localhost:8000/v1/chat/completions "HTTP/1.1 200 OK"
2026-10-09 10:28:34,115 INFO [panda.agent] clip 13 re-reason (round 1): score=0.300 status=insufficient
2026-10-09 10:28:34,118 WARNING [panda.models] MLLM request failed (attempt 1): MLLM API key missing: set KIMI_API_KEY (and optionally KIMI_BASE_URL) in the environment.
2026-10-09 10:28:34,118 WARNING [panda.models] MLLM request failed (attempt 2): MLLM API key missing: set KIMI_API_KEY (and optionally KIMI_BASE_URL) in the environment.
2026-10-09 10:28:34,118 ERROR [panda.models] MLLM failed to produce parseable JSON after retries
2026-10-09 10:28:34,118 WARNING [panda.agent] reflection output not parseable; using empty reflection
2026-10-09 10:28:34,118 INFO [panda.agent] clip 13 reflection round 2: tools=[]
2026-10-09 10:28:34,120 INFO [panda.agent] clip 13: reflection suggested no tools
2026-10-09 10:28:35,202 INFO [httpx2] HTTP Request: POST http://localhost:8000/v1/chat/completions "HTTP/1.1 200 OK"
2026-10-09 10:28:35,205 INFO [panda.agent] clip 13 re-reason (round 2): score=0.300 status=insufficient
2026-10-09 10:28:35,208 WARNING [panda.models] MLLM request failed (attempt 1): MLLM API key missing: set KIMI_API_KEY (and optionally KIMI_BASE_URL) in the environment.
2026-10-09 10:28:35,208 WARNING [panda.models] MLLM request failed (attempt 2): MLLM API key missing: set KIMI_API_KEY (and optionally KIMI_BASE_URL) in the environment.
2026-10-09 10:28:35,208 ERROR [panda.models] MLLM failed to produce parseable JSON after retries
2026-10-09 10:28:35,209 WARNING [panda.agent] reflection output not parseable; using empty reflection
2026-10-09 10:28:35,209 INFO [panda.agent] clip 13 reflection round 3: tools=[]
2026-10-09 10:28:35,211 INFO [panda.agent] clip 13: reflection suggested no tools
2026-10-09 10:28:36,289 INFO [httpx2] HTTP Request: POST http://localhost:8000/v1/chat/completions "HTTP/1.1 200 OK"
2026-10-09 10:28:36,292 INFO [panda.agent] clip 13 re-reason (round 3): score=0.300 status=insufficient
2026-10-09 10:28:36,294 INFO [panda.agent] clip 13: still insufficient after 3 rounds; fallback score 0.50
2026-10-09 10:28:38,048 INFO [httpx2] HTTP Request: POST http://localhost:8000/v1/chat/completions "HTTP/1.1 200 OK"
2026-10-09 10:28:38,050 INFO [panda.agent] clip 14 reason: score=0.200 status=insufficient
2026-10-09 10:28:38,052 WARNING [panda.models] MLLM request failed (attempt 1): MLLM API key missing: set KIMI_API_KEY (and optionally KIMI_BASE_URL) in the environment.
2026-10-09 10:28:38,053 WARNING [panda.models] MLLM request failed (attempt 2): MLLM API key missing: set KIMI_API_KEY (and optionally KIMI_BASE_URL) in the environment.
2026-10-09 10:28:38,053 ERROR [panda.models] MLLM failed to produce parseable JSON after retries
2026-10-09 10:28:38,053 WARNING [panda.agent] reflection output not parseable; using empty reflection
2026-10-09 10:28:38,053 INFO [panda.agent] clip 14 reflection round 1: tools=[]
2026-10-09 10:28:38,054 INFO [panda.agent] clip 14: reflection suggested no tools
2026-10-09 10:28:39,550 INFO [httpx2] HTTP Request: POST http://localhost:8000/v1/chat/completions "HTTP/1.1 200 OK"
2026-10-09 10:28:39,552 INFO [panda.agent] clip 14 re-reason (round 1): score=0.200 status=insufficient
2026-10-09 10:28:39,554 WARNING [panda.models] MLLM request failed (attempt 1): MLLM API key missing: set KIMI_API_KEY (and optionally KIMI_BASE_URL) in the environment.
2026-10-09 10:28:39,554 WARNING [panda.models] MLLM request failed (attempt 2): MLLM API key missing: set KIMI_API_KEY (and optionally KIMI_BASE_URL) in the environment.
2026-10-09 10:28:39,555 ERROR [panda.models] MLLM failed to produce parseable JSON after retries
2026-10-09 10:28:39,555 WARNING [panda.agent] reflection output not parseable; using empty reflection
2026-10-09 10:28:39,555 INFO [panda.agent] clip 14 reflection round 2: tools=[]
2026-10-09 10:28:39,556 INFO [panda.agent] clip 14: reflection suggested no tools
2026-10-09 10:28:41,053 INFO [httpx2] HTTP Request: POST http://localhost:8000/v1/chat/completions "HTTP/1.1 200 OK"
2026-10-09 10:28:41,055 INFO [panda.agent] clip 14 re-reason (round 2): score=0.200 status=insufficient
2026-10-09 10:28:41,057 WARNING [panda.models] MLLM request failed (attempt 1): MLLM API key missing: set KIMI_API_KEY (and optionally KIMI_BASE_URL) in the environment.
2026-10-09 10:28:41,057 WARNING [panda.models] MLLM request failed (attempt 2): MLLM API key missing: set KIMI_API_KEY (and optionally KIMI_BASE_URL) in the environment.
2026-10-09 10:28:41,058 ERROR [panda.models] MLLM failed to produce parseable JSON after retries
2026-10-09 10:28:41,058 WARNING [panda.agent] reflection output not parseable; using empty reflection
2026-10-09 10:28:41,058 INFO [panda.agent] clip 14 reflection round 3: tools=[]
2026-10-09 10:28:41,059 INFO [panda.agent] clip 14: reflection suggested no tools
2026-10-09 10:28:42,561 INFO [httpx2] HTTP Request: POST http://localhost:8000/v1/chat/completions "HTTP/1.1 200 OK"
2026-10-09 10:28:42,564 INFO [panda.agent] clip 14 re-reason (round 3): score=0.200 status=insufficient
2026-10-09 10:28:42,566 INFO [panda.agent] clip 14: still insufficient after 3 rounds; fallback score 0.50
2026-10-09 10:28:44,632 INFO [httpx2] HTTP Request: POST http://localhost:8000/v1/chat/completions "HTTP/1.1 200 OK"
2026-10-09 10:28:44,634 INFO [panda.agent] clip 15 reason: score=0.000 status=normal
2026-10-09 10:28:46,069 INFO [httpx2] HTTP Request: POST http://localhost:8000/v1/chat/completions "HTTP/1.1 200 OK"
2026-10-09 10:28:46,072 INFO [panda.agent] clip 16 reason: score=0.000 status=normal
2026-10-09 10:28:47,994 INFO [httpx2] HTTP Request: POST http://localhost:8000/v1/chat/completions "HTTP/1.1 200 OK"
2026-10-09 10:28:47,997 INFO [panda.agent] clip 17 reason: score=0.000 status=normal
2026-10-09 10:28:49,477 INFO [httpx2] HTTP Request: POST http://localhost:8000/v1/chat/completions "HTTP/1.1 200 OK"
2026-10-09 10:28:49,479 INFO [panda.agent] clip 18 reason: score=0.000 status=normal
2026-10-09 10:28:51,584 INFO [httpx2] HTTP Request: POST http://localhost:8000/v1/chat/completions "HTTP/1.1 200 OK"
2026-10-09 10:28:51,586 INFO [panda.agent] clip 19 reason: score=0.000 status=normal
2026-10-09 10:28:52,980 INFO [httpx2] HTTP Request: POST http://localhost:8000/v1/chat/completions "HTTP/1.1 200 OK"
2026-10-09 10:28:52,982 INFO [panda.agent] clip 20 reason: score=0.000 status=normal
2026-10-09 10:28:52,985 INFO [panda.agent] === video Arson010_x264 done: 21 clips ===
2026-10-09 10:28:53,006 INFO [run_eval] video Arson010_x264 done in 73.0s: auc raw=58.51 smoothed=68.32
2026-10-09 10:28:53,006 INFO [run_eval] video Arson011_x264 (abnormal): 42 frames, fps=30.00
2026-10-09 10:28:53,008 INFO [panda.agent] === video Arson011_x264: 42 frames, 9 clips ===
2026-10-09 10:28:53,009 INFO [panda.agent] perception: sampled 42 frames, sending 32 (token budget)
2026-10-09 10:28:55,365 INFO [httpx2] HTTP Request: POST http://localhost:8000/v1/chat/completions "HTTP/1.1 200 OK"
2026-10-09 10:28:57,151 INFO [httpx2] HTTP Request: POST http://localhost:8000/v1/chat/completions "HTTP/1.1 200 OK"
2026-10-09 10:28:59,229 INFO [httpx2] HTTP Request: POST http://localhost:8000/v1/chat/completions "HTTP/1.1 200 OK"
2026-10-09 10:29:00,992 INFO [httpx2] HTTP Request: POST http://localhost:8000/v1/chat/completions "HTTP/1.1 200 OK"
2026-10-09 10:29:00,994 INFO [panda.agent] perception done: {'Scene Overview': 'The video shows two men inside an elevator. One man is holding a bicycle while the other is standing beside him.; The video shows two men inside an elevator. One man is holding a bicycle, while the other is standing next to him.; The video shows two men inside an elevator. One man is holding a bicycle while the other is holding a gun.; The video shows a person sitting in a chair in a dimly lit room. There is a table with a lamp next to the person.', 'Weather Condition': 'The video is taken indoors, so there is no weather condition to describe.; The video was taken indoors, so there is no weather condition to describe.; The weather condition cannot be determined as the video is indoors.', 'Video Quality': 'The video appears to be of moderate quality with some motion blur and graininess, possibly due to the camera being in a moving vehicle like an elevator.; The video is of moderate quality, with some blurriness and noise present.; The video appears to be of moderate quality with some motion blur and graininess, possibly due to the camera being handheld or the movement within the elevator.; The video quality is blurry and low resolution, making it difficult to discern details.', 'Potential Anomalies': 'Based on the visual content, there is a potential for an explosion as one of the men is holding a blue flame-like object that could be a lighter or a small firework.; There are no obvious signs of abnormal events in this video.; Based on the visual content, potential anomalies include Assault, Shooting, and Vandalism.; There are no potential anomalies detected in the video.'}
2026-10-09 10:29:00,996 INFO [panda.agent] planning: retrieved 0 rules
2026-10-09 10:29:00,997 WARNING [panda.models] MLLM request failed (attempt 1): MLLM API key missing: set KIMI_API_KEY (and optionally KIMI_BASE_URL) in the environment.
2026-10-09 10:29:00,997 WARNING [panda.models] MLLM request failed (attempt 2): MLLM API key missing: set KIMI_API_KEY (and optionally KIMI_BASE_URL) in the environment.
2026-10-09 10:29:00,997 ERROR [panda.models] MLLM failed to produce parseable JSON after retries
2026-10-09 10:29:00,997 WARNING [panda.agent] planning output not parseable; using empty plan
2026-10-09 10:29:00,997 INFO [panda.agent] planning done: preprocessing=, anomalies=
2026-10-09 10:29:02,889 INFO [httpx2] HTTP Request: POST http://localhost:8000/v1/chat/completions "HTTP/1.1 200 OK"
2026-10-09 10:29:02,892 INFO [panda.agent] clip 0 reason: score=0.000 status=normal
2026-10-09 10:29:04,713 INFO [httpx2] HTTP Request: POST http://localhost:8000/v1/chat/completions "HTTP/1.1 200 OK"
2026-10-09 10:29:04,716 INFO [panda.agent] clip 1 reason: score=0.900 status=abnormal
2026-10-09 10:29:05,976 INFO [httpx2] HTTP Request: POST http://localhost:8000/v1/chat/completions "HTTP/1.1 200 OK"
2026-10-09 10:29:05,979 INFO [panda.agent] clip 2 reason: score=0.700 status=abnormal
2026-10-09 10:29:07,810 INFO [httpx2] HTTP Request: POST http://localhost:8000/v1/chat/completions "HTTP/1.1 200 OK"
2026-10-09 10:29:07,813 INFO [panda.agent] clip 3 reason: score=0.000 status=normal
2026-10-09 10:29:09,493 INFO [httpx2] HTTP Request: POST http://localhost:8000/v1/chat/completions "HTTP/1.1 200 OK"
2026-10-09 10:29:09,496 INFO [panda.agent] clip 4 reason: score=0.900 status=abnormal
2026-10-09 10:29:11,197 INFO [httpx2] HTTP Request: POST http://localhost:8000/v1/chat/completions "HTTP/1.1 200 OK"
2026-10-09 10:29:11,199 INFO [panda.agent] clip 5 reason: score=0.800 status=abnormal
2026-10-09 10:29:13,306 INFO [httpx2] HTTP Request: POST http://localhost:8000/v1/chat/completions "HTTP/1.1 200 OK"
2026-10-09 10:29:13,308 INFO [panda.agent] clip 6 reason: score=0.800 status=abnormal
2026-10-09 10:29:15,330 INFO [httpx2] HTTP Request: POST http://localhost:8000/v1/chat/completions "HTTP/1.1 200 OK"
2026-10-09 10:29:15,332 INFO [panda.agent] clip 7 reason: score=0.800 status=abnormal
2026-10-09 10:29:17,056 INFO [httpx2] HTTP Request: POST http://localhost:8000/v1/chat/completions "HTTP/1.1 200 OK"
2026-10-09 10:29:17,059 INFO [panda.agent] clip 8 reason: score=0.700 status=abnormal
2026-10-09 10:29:17,062 INFO [panda.agent] === video Arson011_x264 done: 9 clips ===
2026-10-09 10:29:17,081 INFO [run_eval] video Arson011_x264 done in 24.1s: auc raw=83.19 smoothed=97.22
2026-10-09 10:29:17,082 INFO [run_eval] video Arson016_x264 (abnormal): 60 frames, fps=30.00
2026-10-09 10:29:17,084 INFO [panda.agent] === video Arson016_x264: 60 frames, 12 clips ===
2026-10-09 10:29:17,085 INFO [panda.agent] perception: sampled 60 frames, sending 32 (token budget)
2026-10-09 10:29:19,466 INFO [httpx2] HTTP Request: POST http://localhost:8000/v1/chat/completions "HTTP/1.1 200 OK"
2026-10-09 10:29:21,400 INFO [httpx2] HTTP Request: POST http://localhost:8000/v1/chat/completions "HTTP/1.1 200 OK"
2026-10-09 10:29:24,120 INFO [httpx2] HTTP Request: POST http://localhost:8000/v1/chat/completions "HTTP/1.1 200 OK"
2026-10-09 10:29:25,927 INFO [httpx2] HTTP Request: POST http://localhost:8000/v1/chat/completions "HTTP/1.1 200 OK"
2026-10-09 10:29:25,929 INFO [panda.agent] perception done: {'Scene Overview': 'The scene takes place inside a bus with blue seats and a window view showing a road and some greenery outside. A woman is standing near the front of the bus, looking around.; The video shows the interior of a bus with two seats visible. A person is sitting in one of the seats.; The video shows the interior of a bus with seats arranged in rows. The bus appears to be in motion as seen through the windows. There are some items placed on the seats, including papers and a book.; The video shows the interior of a bus with seats and windows. There is a fire burning in the middle of the bus.', 'Weather Condition': 'It appears to be daytime with natural light coming through the windows, suggesting it might be sunny or partly cloudy.; The weather condition cannot be determined from the video as it is shot inside a vehicle.; The weather condition cannot be determined from the video as it only shows the interior of the bus.; It appears to be daytime with natural light coming through the windows.', 'Video Quality': 'The video quality seems to be clear, with good visibility of the interior of the bus and the woman standing near the front.; The video quality appears to be clear, with good visibility of the interior of the bus and the person sitting in the seat.; The video quality is clear, with good visibility of the bus interior and the items on the seats.; The video quality is clear, with no noticeable noise or blurriness. The frames show a consistent view of the bus interior.', 'Potential Anomalies': 'There are no obvious signs of abnormal events such as fighting, stealing, or other incidents in these frames.; There are no potential anomalies detected in the video.; Based on the visual content, there is no indication of any abnormal events such as fighting, stealing, or vandalism. However, the presence of fire in the last three frames suggests that an abnormal event has occurred.; Explosion'}
2026-10-09 10:29:25,931 INFO [panda.agent] planning: retrieved 0 rules
2026-10-09 10:29:25,931 WARNING [panda.models] MLLM request failed (attempt 1): MLLM API key missing: set KIMI_API_KEY (and optionally KIMI_BASE_URL) in the environment.
2026-10-09 10:29:25,932 WARNING [panda.models] MLLM request failed (attempt 2): MLLM API key missing: set KIMI_API_KEY (and optionally KIMI_BASE_URL) in the environment.
2026-10-09 10:29:25,932 ERROR [panda.models] MLLM failed to produce parseable JSON after retries
2026-10-09 10:29:25,932 WARNING [panda.agent] planning output not parseable; using empty plan
2026-10-09 10:29:25,932 INFO [panda.agent] planning done: preprocessing=, anomalies=
2026-10-09 10:29:27,644 INFO [httpx2] HTTP Request: POST http://localhost:8000/v1/chat/completions "HTTP/1.1 200 OK"
2026-10-09 10:29:27,646 INFO [panda.agent] clip 0 reason: score=0.000 status=normal
2026-10-09 10:29:28,996 INFO [httpx2] HTTP Request: POST http://localhost:8000/v1/chat/completions "HTTP/1.1 200 OK"
2026-10-09 10:29:28,998 INFO [panda.agent] clip 1 reason: score=0.000 status=normal
2026-10-09 10:29:30,182 INFO [httpx2] HTTP Request: POST http://localhost:8000/v1/chat/completions "HTTP/1.1 200 OK"
2026-10-09 10:29:30,184 INFO [panda.agent] clip 2 reason: score=0.000 status=normal
2026-10-09 10:29:31,990 INFO [httpx2] HTTP Request: POST http://localhost:8000/v1/chat/completions "HTTP/1.1 200 OK"
2026-10-09 10:29:31,992 INFO [panda.agent] clip 3 reason: score=0.000 status=normal
2026-10-09 10:29:33,341 INFO [httpx2] HTTP Request: POST http://localhost:8000/v1/chat/completions "HTTP/1.1 200 OK"
2026-10-09 10:29:33,343 INFO [panda.agent] clip 4 reason: score=0.100 status=normal
2026-10-09 10:29:35,193 INFO [httpx2] HTTP Request: POST http://localhost:8000/v1/chat/completions "HTTP/1.1 200 OK"
2026-10-09 10:29:35,195 INFO [panda.agent] clip 5 reason: score=0.000 status=normal
2026-10-09 10:29:36,958 INFO [httpx2] HTTP Request: POST http://localhost:8000/v1/chat/completions "HTTP/1.1 200 OK"
2026-10-09 10:29:36,961 INFO [panda.agent] clip 6 reason: score=0.000 status=normal
2026-10-09 10:29:38,298 INFO [httpx2] HTTP Request: POST http://localhost:8000/v1/chat/completions "HTTP/1.1 200 OK"
2026-10-09 10:29:38,300 INFO [panda.agent] clip 7 reason: score=1.000 status=abnormal
2026-10-09 10:29:39,878 INFO [httpx2] HTTP Request: POST http://localhost:8000/v1/chat/completions "HTTP/1.1 200 OK"
2026-10-09 10:29:39,881 INFO [panda.agent] clip 8 reason: score=1.000 status=abnormal
2026-10-09 10:29:41,922 INFO [httpx2] HTTP Request: POST http://localhost:8000/v1/chat/completions "HTTP/1.1 200 OK"
2026-10-09 10:29:41,924 INFO [panda.agent] clip 9 reason: score=1.000 status=abnormal
2026-10-09 10:29:43,647 INFO [httpx2] HTTP Request: POST http://localhost:8000/v1/chat/completions "HTTP/1.1 200 OK"
2026-10-09 10:29:43,649 INFO [panda.agent] clip 10 reason: score=1.000 status=abnormal
2026-10-09 10:29:45,078 INFO [httpx2] HTTP Request: POST http://localhost:8000/v1/chat/completions "HTTP/1.1 200 OK"
2026-10-09 10:29:45,081 INFO [panda.agent] clip 11 reason: score=1.000 status=abnormal
2026-10-09 10:29:45,084 INFO [panda.agent] === video Arson016_x264 done: 12 clips ===
2026-10-09 10:29:45,105 INFO [run_eval] video Arson016_x264 done in 28.0s: auc raw=94.12 smoothed=98.13
2026-10-09 10:29:45,106 INFO [run_eval] video Arson018_x264 (abnormal): 28 frames, fps=30.00
2026-10-09 10:29:45,108 INFO [panda.agent] === video Arson018_x264: 28 frames, 6 clips ===
2026-10-09 10:29:48,040 INFO [httpx2] HTTP Request: POST http://localhost:8000/v1/chat/completions "HTTP/1.1 200 OK"
2026-10-09 10:29:51,173 INFO [httpx2] HTTP Request: POST http://localhost:8000/v1/chat/completions "HTTP/1.1 200 OK"
2026-10-09 10:29:54,007 INFO [httpx2] HTTP Request: POST http://localhost:8000/v1/chat/completions "HTTP/1.1 200 OK"
2026-10-09 10:29:56,312 INFO [httpx2] HTTP Request: POST http://localhost:8000/v1/chat/completions "HTTP/1.1 200 OK"
2026-10-09 10:29:56,314 INFO [panda.agent] perception done: {'Scene Overview': 'The scene shows a parking lot at night with several vehicles parked. There is a white van in the foreground and other cars in the background. The area appears to be dimly lit, possibly by streetlights.; The scene takes place in a parking lot at night. There are several parked vehicles, including a white van and a white car. The area appears to be dimly lit with artificial lighting.; The scene shows a parking lot at night with several vehicles parked. There is a white van and a black car visible in the foreground, while other cars are parked further away.; The scene appears to be a nighttime street view with vehicles moving along the road. There are no significant activities or events occurring.', 'Weather Condition': 'The weather condition seems to be clear as there are no visible signs of rain, snow, or fog. The lighting suggests it might be nighttime.; The weather condition is not directly observable from the video frames, but it can be inferred that it is nighttime due to the darkness and the use of artificial lighting.; The weather appears to be clear, as there are no signs of rain or fog. The lighting suggests it is nighttime.; The weather condition seems to be clear as there are no visible signs of rain, snow, or fog. The lighting suggests it is nighttime.', 'Video Quality': 'The video quality appears to be clear, with good visibility of the objects and vehicles in the scene. However, the lack of color makes it difficult to discern finer details.; The video quality appears to be clear, with good visibility of the objects and their movements within the frame. However, the lack of color information makes it difficult to assess the overall quality of the video.; The video quality is somewhat blurry, which may make it difficult to discern finer details. The lighting is dim, which could also contribute to the lack of clarity.; The video quality is low, with some blurriness and noise present. The low light conditions contribute to the poor quality of the footage.', 'Potential Anomalies': 'Based on the visual content, there are no obvious signs of abnormal events such as fighting, stealing, or vandalism. The scene appears to be calm and undisturbed.; Based on the visual content, there are no obvious signs of abnormal events such as fighting, stealing, or vandalism. The scene appears to be relatively calm, with only minor movements of the vehicles and people.; Based on the visual content, there are no obvious signs of abnormal events such as fighting, stealing, or vandalism. However, the blurriness and dim lighting make it challenging to determine if any potential anomalies exist.; Based on the visual content, there are no potential anomalies detected such as Fighting, Stealing, or any other listed events.'}
2026-10-09 10:29:56,316 INFO [panda.agent] planning: retrieved 0 rules
2026-10-09 10:29:56,317 WARNING [panda.models] MLLM request failed (attempt 1): MLLM API key missing: set KIMI_API_KEY (and optionally KIMI_BASE_URL) in the environment.
2026-10-09 10:29:56,317 WARNING [panda.models] MLLM request failed (attempt 2): MLLM API key missing: set KIMI_API_KEY (and optionally KIMI_BASE_URL) in the environment.
2026-10-09 10:29:56,317 ERROR [panda.models] MLLM failed to produce parseable JSON after retries
2026-10-09 10:29:56,317 WARNING [panda.agent] planning output not parseable; using empty plan
2026-10-09 10:29:56,317 INFO [panda.agent] planning done: preprocessing=, anomalies=
2026-10-09 10:29:57,581 INFO [httpx2] HTTP Request: POST http://localhost:8000/v1/chat/completions "HTTP/1.1 200 OK"
2026-10-09 10:29:57,583 INFO [panda.agent] clip 0 reason: score=0.000 status=normal
2026-10-09 10:29:59,325 INFO [httpx2] HTTP Request: POST http://localhost:8000/v1/chat/completions "HTTP/1.1 200 OK"
2026-10-09 10:29:59,328 INFO [panda.agent] clip 1 reason: score=0.000 status=normal
2026-10-09 10:30:01,330 INFO [httpx2] HTTP Request: POST http://localhost:8000/v1/chat/completions "HTTP/1.1 200 OK"
2026-10-09 10:30:01,331 INFO [panda.agent] clip 2 reason: score=0.000 status=normal
2026-10-09 10:30:02,934 INFO [httpx2] HTTP Request: POST http://localhost:8000/v1/chat/completions "HTTP/1.1 200 OK"
2026-10-09 10:30:02,936 INFO [panda.agent] clip 3 reason: score=0.000 status=normal
2026-10-09 10:30:04,724 INFO [httpx2] HTTP Request: POST http://localhost:8000/v1/chat/completions "HTTP/1.1 200 OK"
2026-10-09 10:30:04,726 INFO [panda.agent] clip 4 reason: score=0.000 status=normal
2026-10-09 10:30:06,381 INFO [httpx2] HTTP Request: POST http://localhost:8000/v1/chat/completions "HTTP/1.1 200 OK"
2026-10-09 10:30:06,384 INFO [panda.agent] clip 5 reason: score=0.000 status=normal
2026-10-09 10:30:06,387 INFO [panda.agent] === video Arson018_x264 done: 6 clips ===
2026-10-09 10:30:06,406 INFO [run_eval] video Arson018_x264 done in 21.3s: auc raw=50.00 smoothed=50.00
2026-10-09 10:30:06,406 INFO [run_eval] video Arson022_x264 (abnormal): 288 frames, fps=30.00
2026-10-09 10:30:06,408 INFO [panda.agent] === video Arson022_x264: 288 frames, 58 clips ===
2026-10-09 10:30:06,409 INFO [panda.agent] perception: sampled 288 frames, sending 32 (token budget)
2026-10-09 10:30:08,030 INFO [httpx2] HTTP Request: POST http://localhost:8000/v1/chat/completions "HTTP/1.1 200 OK"
2026-10-09 10:30:10,416 INFO [httpx2] HTTP Request: POST http://localhost:8000/v1/chat/completions "HTTP/1.1 200 OK"
2026-10-09 10:30:12,145 INFO [httpx2] HTTP Request: POST http://localhost:8000/v1/chat/completions "HTTP/1.1 200 OK"
2026-10-09 10:30:13,827 INFO [httpx2] HTTP Request: POST http://localhost:8000/v1/chat/completions "HTTP/1.1 200 OK"
2026-10-09 10:30:13,829 INFO [panda.agent] perception done: {'Scene Overview': 'The video shows a hallway with a Christmas tree and decorations. A man enters the hallway and walks towards the Christmas tree.; The scene takes place in a residential entryway decorated with holiday garlands and a small Christmas tree. A person is seen moving around the area, interacting with objects such as a chair and a shelf.; The video shows a hallway with a door and a shelf. There are decorations on the wall and a rug on the floor.; The video shows a room with a table and chairs, a door, and some decorations on the wall.', 'Weather Condition': 'The video is taken indoors, so there is no weather condition to describe.; The video appears to be taken indoors, so there is no weather condition to describe.; The weather condition cannot be determined from the video as it appears to be indoors.; The weather condition cannot be determined from the video as it is indoors.', 'Video Quality': 'The video is clear and has good resolution.; The video quality is clear, with good visibility of the subject and surroundings. The lighting is consistent throughout the frames.; The video quality is clear, but there is some noise present.; The video quality appears to be clear, but there is some noise present.', 'Potential Anomalies': 'There are no potential anomalies detected in this video.; There are no obvious signs of abnormal events in these frames. The person appears to be engaged in normal activities within the home.; There are no potential anomalies detected in the video.'}
2026-10-09 10:30:13,831 INFO [panda.agent] planning: retrieved 0 rules
2026-10-09 10:30:13,831 WARNING [panda.models] MLLM request failed (attempt 1): MLLM API key missing: set KIMI_API_KEY (and optionally KIMI_BASE_URL) in the environment.
2026-10-09 10:30:13,831 WARNING [panda.models] MLLM request failed (attempt 2): MLLM API key missing: set KIMI_API_KEY (and optionally KIMI_BASE_URL) in the environment.
2026-10-09 10:30:13,832 ERROR [panda.models] MLLM failed to produce parseable JSON after retries
2026-10-09 10:30:13,832 WARNING [panda.agent] planning output not parseable; using empty plan
2026-10-09 10:30:13,832 INFO [panda.agent] planning done: preprocessing=, anomalies=
2026-10-09 10:30:15,542 INFO [httpx2] HTTP Request: POST http://localhost:8000/v1/chat/completions "HTTP/1.1 200 OK"
2026-10-09 10:30:15,544 INFO [panda.agent] clip 0 reason: score=0.000 status=normal
2026-10-09 10:30:17,217 INFO [httpx2] HTTP Request: POST http://localhost:8000/v1/chat/completions "HTTP/1.1 200 OK"
2026-10-09 10:30:17,219 INFO [panda.agent] clip 1 reason: score=0.000 status=normal
2026-10-09 10:30:18,881 INFO [httpx2] HTTP Request: POST http://localhost:8000/v1/chat/completions "HTTP/1.1 200 OK"
2026-10-09 10:30:18,883 INFO [panda.agent] clip 2 reason: score=0.000 status=normal
2026-10-09 10:30:20,616 INFO [httpx2] HTTP Request: POST http://localhost:8000/v1/chat/completions "HTTP/1.1 200 OK"
2026-10-09 10:30:20,618 INFO [panda.agent] clip 3 reason: score=0.000 status=normal
2026-10-09 10:30:22,613 INFO [httpx2] HTTP Request: POST http://localhost:8000/v1/chat/completions "HTTP/1.1 200 OK"
2026-10-09 10:30:22,615 INFO [panda.agent] clip 4 reason: score=0.000 status=normal
2026-10-09 10:30:24,434 INFO [httpx2] HTTP Request: POST http://localhost:8000/v1/chat/completions "HTTP/1.1 200 OK"
2026-10-09 10:30:24,437 INFO [panda.agent] clip 5 reason: score=0.000 status=normal
2026-10-09 10:30:26,521 INFO [httpx2] HTTP Request: POST http://localhost:8000/v1/chat/completions "HTTP/1.1 200 OK"
2026-10-09 10:30:26,523 INFO [panda.agent] clip 6 reason: score=0.200 status=insufficient
2026-10-09 10:30:26,526 WARNING [panda.models] MLLM request failed (attempt 1): MLLM API key missing: set KIMI_API_KEY (and optionally KIMI_BASE_URL) in the environment.
2026-10-09 10:30:26,526 WARNING [panda.models] MLLM request failed (attempt 2): MLLM API key missing: set KIMI_API_KEY (and optionally KIMI_BASE_URL) in the environment.
2026-10-09 10:30:26,526 ERROR [panda.models] MLLM failed to produce parseable JSON after retries
2026-10-09 10:30:26,526 WARNING [panda.agent] reflection output not parseable; using empty reflection
2026-10-09 10:30:26,526 INFO [panda.agent] clip 6 reflection round 1: tools=[]
2026-10-09 10:30:26,528 INFO [panda.agent] clip 6: reflection suggested no tools
2026-10-09 10:30:28,498 INFO [httpx2] HTTP Request: POST http://localhost:8000/v1/chat/completions "HTTP/1.1 200 OK"
2026-10-09 10:30:28,500 INFO [panda.agent] clip 6 re-reason (round 1): score=0.200 status=insufficient
2026-10-09 10:30:28,503 WARNING [panda.models] MLLM request failed (attempt 1): MLLM API key missing: set KIMI_API_KEY (and optionally KIMI_BASE_URL) in the environment.
2026-10-09 10:30:28,503 WARNING [panda.models] MLLM request failed (attempt 2): MLLM API key missing: set KIMI_API_KEY (and optionally KIMI_BASE_URL) in the environment.
2026-10-09 10:30:28,504 ERROR [panda.models] MLLM failed to produce parseable JSON after retries
2026-10-09 10:30:28,504 WARNING [panda.agent] reflection output not parseable; using empty reflection
2026-10-09 10:30:28,504 INFO [panda.agent] clip 6 reflection round 2: tools=[]
2026-10-09 10:30:28,506 INFO [panda.agent] clip 6: reflection suggested no tools
2026-10-09 10:30:30,461 INFO [httpx2] HTTP Request: POST http://localhost:8000/v1/chat/completions "HTTP/1.1 200 OK"
2026-10-09 10:30:30,463 INFO [panda.agent] clip 6 re-reason (round 2): score=0.200 status=insufficient
2026-10-09 10:30:30,466 WARNING [panda.models] MLLM request failed (attempt 1): MLLM API key missing: set KIMI_API_KEY (and optionally KIMI_BASE_URL) in the environment.
2026-10-09 10:30:30,466 WARNING [panda.models] MLLM request failed (attempt 2): MLLM API key missing: set KIMI_API_KEY (and optionally KIMI_BASE_URL) in the environment.
2026-10-09 10:30:30,466 ERROR [panda.models] MLLM failed to produce parseable JSON after retries
2026-10-09 10:30:30,466 WARNING [panda.agent] reflection output not parseable; using empty reflection
2026-10-09 10:30:30,466 INFO [panda.agent] clip 6 reflection round 3: tools=[]
2026-10-09 10:30:30,468 INFO [panda.agent] clip 6: reflection suggested no tools
2026-10-09 10:30:32,435 INFO [httpx2] HTTP Request: POST http://localhost:8000/v1/chat/completions "HTTP/1.1 200 OK"
2026-10-09 10:30:32,437 INFO [panda.agent] clip 6 re-reason (round 3): score=0.200 status=insufficient
2026-10-09 10:30:32,440 INFO [panda.agent] clip 6: still insufficient after 3 rounds; fallback score 0.50
2026-10-09 10:30:33,912 INFO [httpx2] HTTP Request: POST http://localhost:8000/v1/chat/completions "HTTP/1.1 200 OK"
2026-10-09 10:30:33,914 INFO [panda.agent] clip 7 reason: score=0.000 status=normal
2026-10-09 10:30:35,719 INFO [httpx2] HTTP Request: POST http://localhost:8000/v1/chat/completions "HTTP/1.1 200 OK"
2026-10-09 10:30:35,721 INFO [panda.agent] clip 8 reason: score=0.000 status=normal
2026-10-09 10:30:37,019 INFO [httpx2] HTTP Request: POST http://localhost:8000/v1/chat/completions "HTTP/1.1 200 OK"
2026-10-09 10:30:37,021 INFO [panda.agent] clip 9 reason: score=0.000 status=normal
2026-10-09 10:30:38,720 INFO [httpx2] HTTP Request: POST http://localhost:8000/v1/chat/completions "HTTP/1.1 200 OK"
2026-10-09 10:30:38,722 INFO [panda.agent] clip 10 reason: score=0.000 status=normal
2026-10-09 10:30:40,406 INFO [httpx2] HTTP Request: POST http://localhost:8000/v1/chat/completions "HTTP/1.1 200 OK"
2026-10-09 10:30:40,409 INFO [panda.agent] clip 11 reason: score=0.000 status=normal
2026-10-09 10:30:42,238 INFO [httpx2] HTTP Request: POST http://localhost:8000/v1/chat/completions "HTTP/1.1 200 OK"
2026-10-09 10:30:42,240 INFO [panda.agent] clip 12 reason: score=0.000 status=normal
2026-10-09 10:30:44,115 INFO [httpx2] HTTP Request: POST http://localhost:8000/v1/chat/completions "HTTP/1.1 200 OK"
2026-10-09 10:30:44,117 INFO [panda.agent] clip 13 reason: score=0.000 status=normal
2026-10-09 10:30:46,287 INFO [httpx2] HTTP Request: POST http://localhost:8000/v1/chat/completions "HTTP/1.1 200 OK"
2026-10-09 10:30:46,290 INFO [panda.agent] clip 14 reason: score=0.000 status=normal
2026-10-09 10:30:48,193 INFO [httpx2] HTTP Request: POST http://localhost:8000/v1/chat/completions "HTTP/1.1 200 OK"
2026-10-09 10:30:48,196 INFO [panda.agent] clip 15 reason: score=0.000 status=normal
2026-10-09 10:30:49,615 INFO [httpx2] HTTP Request: POST http://localhost:8000/v1/chat/completions "HTTP/1.1 200 OK"
2026-10-09 10:30:49,617 INFO [panda.agent] clip 16 reason: score=0.000 status=normal
2026-10-09 10:30:51,268 INFO [httpx2] HTTP Request: POST http://localhost:8000/v1/chat/completions "HTTP/1.1 200 OK"
2026-10-09 10:30:51,270 INFO [panda.agent] clip 17 reason: score=0.000 status=normal
2026-10-09 10:30:52,879 INFO [httpx2] HTTP Request: POST http://localhost:8000/v1/chat/completions "HTTP/1.1 200 OK"
2026-10-09 10:30:52,880 INFO [panda.agent] clip 18 reason: score=0.000 status=normal
2026-10-09 10:30:54,563 INFO [httpx2] HTTP Request: POST http://localhost:8000/v1/chat/completions "HTTP/1.1 200 OK"
2026-10-09 10:30:54,566 INFO [panda.agent] clip 19 reason: score=0.000 status=normal
2026-10-09 10:30:56,260 INFO [httpx2] HTTP Request: POST http://localhost:8000/v1/chat/completions "HTTP/1.1 200 OK"
2026-10-09 10:30:56,262 INFO [panda.agent] clip 20 reason: score=0.000 status=normal
2026-10-09 10:30:58,128 INFO [httpx2] HTTP Request: POST http://localhost:8000/v1/chat/completions "HTTP/1.1 200 OK"
2026-10-09 10:30:58,130 INFO [panda.agent] clip 21 reason: score=0.000 status=normal
2026-10-09 10:30:59,998 INFO [httpx2] HTTP Request: POST http://localhost:8000/v1/chat/completions "HTTP/1.1 200 OK"
2026-10-09 10:31:00,001 INFO [panda.agent] clip 22 reason: score=0.000 status=normal
2026-10-09 10:31:01,345 INFO [httpx2] HTTP Request: POST http://localhost:8000/v1/chat/completions "HTTP/1.1 200 OK"
2026-10-09 10:31:01,347 INFO [panda.agent] clip 23 reason: score=0.000 status=normal
2026-10-09 10:31:03,123 INFO [httpx2] HTTP Request: POST http://localhost:8000/v1/chat/completions "HTTP/1.1 200 OK"
2026-10-09 10:31:03,125 INFO [panda.agent] clip 24 reason: score=0.000 status=normal
2026-10-09 10:31:05,242 INFO [httpx2] HTTP Request: POST http://localhost:8000/v1/chat/completions "HTTP/1.1 200 OK"
2026-10-09 10:31:05,245 INFO [panda.agent] clip 25 reason: score=0.200 status=insufficient
2026-10-09 10:31:05,247 WARNING [panda.models] MLLM request failed (attempt 1): MLLM API key missing: set KIMI_API_KEY (and optionally KIMI_BASE_URL) in the environment.
2026-10-09 10:31:05,247 WARNING [panda.models] MLLM request failed (attempt 2): MLLM API key missing: set KIMI_API_KEY (and optionally KIMI_BASE_URL) in the environment.
2026-10-09 10:31:05,247 ERROR [panda.models] MLLM failed to produce parseable JSON after retries
2026-10-09 10:31:05,248 WARNING [panda.agent] reflection output not parseable; using empty reflection
2026-10-09 10:31:05,248 INFO [panda.agent] clip 25 reflection round 1: tools=[]
2026-10-09 10:31:05,249 INFO [panda.agent] clip 25: reflection suggested no tools
2026-10-09 10:31:07,230 INFO [httpx2] HTTP Request: POST http://localhost:8000/v1/chat/completions "HTTP/1.1 200 OK"
2026-10-09 10:31:07,232 INFO [panda.agent] clip 25 re-reason (round 1): score=0.200 status=insufficient
2026-10-09 10:31:07,234 WARNING [panda.models] MLLM request failed (attempt 1): MLLM API key missing: set KIMI_API_KEY (and optionally KIMI_BASE_URL) in the environment.
2026-10-09 10:31:07,234 WARNING [panda.models] MLLM request failed (attempt 2): MLLM API key missing: set KIMI_API_KEY (and optionally KIMI_BASE_URL) in the environment.
2026-10-09 10:31:07,235 ERROR [panda.models] MLLM failed to produce parseable JSON after retries
2026-10-09 10:31:07,235 WARNING [panda.agent] reflection output not parseable; using empty reflection
2026-10-09 10:31:07,235 INFO [panda.agent] clip 25 reflection round 2: tools=[]
2026-10-09 10:31:07,236 INFO [panda.agent] clip 25: reflection suggested no tools
2026-10-09 10:31:09,215 INFO [httpx2] HTTP Request: POST http://localhost:8000/v1/chat/completions "HTTP/1.1 200 OK"
2026-10-09 10:31:09,217 INFO [panda.agent] clip 25 re-reason (round 2): score=0.200 status=insufficient
2026-10-09 10:31:09,219 WARNING [panda.models] MLLM request failed (attempt 1): MLLM API key missing: set KIMI_API_KEY (and optionally KIMI_BASE_URL) in the environment.
2026-10-09 10:31:09,220 WARNING [panda.models] MLLM request failed (attempt 2): MLLM API key missing: set KIMI_API_KEY (and optionally KIMI_BASE_URL) in the environment.
2026-10-09 10:31:09,220 ERROR [panda.models] MLLM failed to produce parseable JSON after retries
2026-10-09 10:31:09,220 WARNING [panda.agent] reflection output not parseable; using empty reflection
2026-10-09 10:31:09,220 INFO [panda.agent] clip 25 reflection round 3: tools=[]
2026-10-09 10:31:09,221 INFO [panda.agent] clip 25: reflection suggested no tools
2026-10-09 10:31:11,189 INFO [httpx2] HTTP Request: POST http://localhost:8000/v1/chat/completions "HTTP/1.1 200 OK"
2026-10-09 10:31:11,192 INFO [panda.agent] clip 25 re-reason (round 3): score=0.200 status=insufficient
2026-10-09 10:31:11,194 INFO [panda.agent] clip 25: still insufficient after 3 rounds; fallback score 0.50
2026-10-09 10:31:12,927 INFO [httpx2] HTTP Request: POST http://localhost:8000/v1/chat/completions "HTTP/1.1 200 OK"
2026-10-09 10:31:12,929 INFO [panda.agent] clip 26 reason: score=0.000 status=normal
2026-10-09 10:31:14,315 INFO [httpx2] HTTP Request: POST http://localhost:8000/v1/chat/completions "HTTP/1.1 200 OK"
2026-10-09 10:31:14,316 INFO [panda.agent] clip 27 reason: score=0.000 status=normal
2026-10-09 10:31:16,058 INFO [httpx2] HTTP Request: POST http://localhost:8000/v1/chat/completions "HTTP/1.1 200 OK"
2026-10-09 10:31:16,059 INFO [panda.agent] clip 28 reason: score=0.000 status=normal
2026-10-09 10:31:17,814 INFO [httpx2] HTTP Request: POST http://localhost:8000/v1/chat/completions "HTTP/1.1 200 OK"
2026-10-09 10:31:17,815 INFO [panda.agent] clip 29 reason: score=0.000 status=normal
2026-10-09 10:31:19,504 INFO [httpx2] HTTP Request: POST http://localhost:8000/v1/chat/completions "HTTP/1.1 200 OK"
2026-10-09 10:31:19,506 INFO [panda.agent] clip 30 reason: score=0.000 status=normal
2026-10-09 10:31:21,231 INFO [httpx2] HTTP Request: POST http://localhost:8000/v1/chat/completions "HTTP/1.1 200 OK"
2026-10-09 10:31:21,232 INFO [panda.agent] clip 31 reason: score=0.000 status=normal
2026-10-09 10:31:23,050 INFO [httpx2] HTTP Request: POST http://localhost:8000/v1/chat/completions "HTTP/1.1 200 OK"
2026-10-09 10:31:23,052 INFO [panda.agent] clip 32 reason: score=0.000 status=normal
2026-10-09 10:31:24,842 INFO [httpx2] HTTP Request: POST http://localhost:8000/v1/chat/completions "HTTP/1.1 200 OK"
2026-10-09 10:31:24,843 INFO [panda.agent] clip 33 reason: score=0.000 status=normal
2026-10-09 10:31:26,672 INFO [httpx2] HTTP Request: POST http://localhost:8000/v1/chat/completions "HTTP/1.1 200 OK"
2026-10-09 10:31:26,674 INFO [panda.agent] clip 34 reason: score=0.000 status=normal
2026-10-09 10:31:28,467 INFO [httpx2] HTTP Request: POST http://localhost:8000/v1/chat/completions "HTTP/1.1 200 OK"
2026-10-09 10:31:28,470 INFO [panda.agent] clip 35 reason: score=0.000 status=normal
2026-10-09 10:31:30,294 INFO [httpx2] HTTP Request: POST http://localhost:8000/v1/chat/completions "HTTP/1.1 200 OK"
2026-10-09 10:31:30,295 INFO [panda.agent] clip 36 reason: score=0.000 status=normal
2026-10-09 10:31:32,453 INFO [httpx2] HTTP Request: POST http://localhost:8000/v1/chat/completions "HTTP/1.1 200 OK"
2026-10-09 10:31:32,455 INFO [panda.agent] clip 37 reason: score=0.000 status=normal
2026-10-09 10:31:34,298 INFO [httpx2] HTTP Request: POST http://localhost:8000/v1/chat/completions "HTTP/1.1 200 OK"
2026-10-09 10:31:34,299 INFO [panda.agent] clip 38 reason: score=0.000 status=normal
2026-10-09 10:31:35,973 INFO [httpx2] HTTP Request: POST http://localhost:8000/v1/chat/completions "HTTP/1.1 200 OK"
2026-10-09 10:31:35,975 INFO [panda.agent] clip 39 reason: score=0.000 status=normal
2026-10-09 10:31:37,640 INFO [httpx2] HTTP Request: POST http://localhost:8000/v1/chat/completions "HTTP/1.1 200 OK"
2026-10-09 10:31:37,641 INFO [panda.agent] clip 40 reason: score=0.000 status=normal
2026-10-09 10:31:39,291 INFO [httpx2] HTTP Request: POST http://localhost:8000/v1/chat/completions "HTTP/1.1 200 OK"
2026-10-09 10:31:39,293 INFO [panda.agent] clip 41 reason: score=0.000 status=normal
2026-10-09 10:31:41,048 INFO [httpx2] HTTP Request: POST http://localhost:8000/v1/chat/completions "HTTP/1.1 200 OK"
2026-10-09 10:31:41,049 INFO [panda.agent] clip 42 reason: score=0.000 status=normal
2026-10-09 10:31:42,441 INFO [httpx2] HTTP Request: POST http://localhost:8000/v1/chat/completions "HTTP/1.1 200 OK"
2026-10-09 10:31:42,442 INFO [panda.agent] clip 43 reason: score=0.000 status=normal
2026-10-09 10:31:44,105 INFO [httpx2] HTTP Request: POST http://localhost:8000/v1/chat/completions "HTTP/1.1 200 OK"
2026-10-09 10:31:44,106 INFO [panda.agent] clip 44 reason: score=0.000 status=normal
2026-10-09 10:31:45,598 INFO [httpx2] HTTP Request: POST http://localhost:8000/v1/chat/completions "HTTP/1.1 200 OK"
2026-10-09 10:31:45,599 INFO [panda.agent] clip 45 reason: score=0.000 status=normal
2026-10-09 10:31:47,219 INFO [httpx2] HTTP Request: POST http://localhost:8000/v1/chat/completions "HTTP/1.1 200 OK"
2026-10-09 10:31:47,220 INFO [panda.agent] clip 46 reason: score=0.000 status=normal
2026-10-09 10:31:48,831 INFO [httpx2] HTTP Request: POST http://localhost:8000/v1/chat/completions "HTTP/1.1 200 OK"
2026-10-09 10:31:48,832 INFO [panda.agent] clip 47 reason: score=0.000 status=normal
2026-10-09 10:31:50,445 INFO [httpx2] HTTP Request: POST http://localhost:8000/v1/chat/completions "HTTP/1.1 200 OK"
2026-10-09 10:31:50,446 INFO [panda.agent] clip 48 reason: score=0.000 status=normal
2026-10-09 10:31:52,271 INFO [httpx2] HTTP Request: POST http://localhost:8000/v1/chat/completions "HTTP/1.1 200 OK"
2026-10-09 10:31:52,273 INFO [panda.agent] clip 49 reason: score=0.000 status=normal
2026-10-09 10:31:53,935 INFO [httpx2] HTTP Request: POST http://localhost:8000/v1/chat/completions "HTTP/1.1 200 OK"
2026-10-09 10:31:53,936 INFO [panda.agent] clip 50 reason: score=0.800 status=abnormal
2026-10-09 10:31:55,692 INFO [httpx2] HTTP Request: POST http://localhost:8000/v1/chat/completions "HTTP/1.1 200 OK"
2026-10-09 10:31:55,693 INFO [panda.agent] clip 51 reason: score=0.000 status=normal
2026-10-09 10:31:57,019 INFO [httpx2] HTTP Request: POST http://localhost:8000/v1/chat/completions "HTTP/1.1 200 OK"
2026-10-09 10:31:57,020 INFO [panda.agent] clip 52 reason: score=0.800 status=abnormal
2026-10-09 10:31:59,066 INFO [httpx2] HTTP Request: POST http://localhost:8000/v1/chat/completions "HTTP/1.1 200 OK"
2026-10-09 10:31:59,068 INFO [panda.agent] clip 53 reason: score=0.900 status=abnormal
2026-10-09 10:32:01,033 INFO [httpx2] HTTP Request: POST http://localhost:8000/v1/chat/completions "HTTP/1.1 200 OK"
2026-10-09 10:32:01,035 INFO [panda.agent] clip 54 reason: score=0.000 status=normal
2026-10-09 10:32:03,290 INFO [httpx2] HTTP Request: POST http://localhost:8000/v1/chat/completions "HTTP/1.1 200 OK"
2026-10-09 10:32:03,292 INFO [panda.agent] clip 55 reason: score=0.000 status=normal
2026-10-09 10:32:05,669 INFO [httpx2] HTTP Request: POST http://localhost:8000/v1/chat/completions "HTTP/1.1 200 OK"
2026-10-09 10:32:05,672 INFO [panda.agent] clip 56 reason: score=0.000 status=normal
2026-10-09 10:32:07,687 INFO [httpx2] HTTP Request: POST http://localhost:8000/v1/chat/completions "HTTP/1.1 200 OK"
2026-10-09 10:32:07,690 INFO [panda.agent] clip 57 reason: score=0.000 status=normal
2026-10-09 10:32:07,693 INFO [panda.agent] === video Arson022_x264 done: 58 clips ===
2026-10-09 10:32:07,714 INFO [run_eval] video Arson022_x264 done in 121.3s: auc raw=60.20 smoothed=74.60
2026-10-09 10:32:07,714 INFO [run_eval] video Arson035_x264 (abnormal): 48 frames, fps=30.00
2026-10-09 10:32:07,716 INFO [panda.agent] === video Arson035_x264: 48 frames, 10 clips ===
2026-10-09 10:32:07,717 INFO [panda.agent] perception: sampled 48 frames, sending 32 (token budget)
2026-10-09 10:32:09,893 INFO [httpx2] HTTP Request: POST http://localhost:8000/v1/chat/completions "HTTP/1.1 200 OK"
2026-10-09 10:32:12,829 INFO [httpx2] HTTP Request: POST http://localhost:8000/v1/chat/completions "HTTP/1.1 200 OK"
2026-10-09 10:32:15,943 INFO [httpx2] HTTP Request: POST http://localhost:8000/v1/chat/completions "HTTP/1.1 200 OK"
2026-10-09 10:32:17,896 INFO [httpx2] HTTP Request: POST http://localhost:8000/v1/chat/completions "HTTP/1.1 200 OK"
2026-10-09 10:32:17,898 INFO [panda.agent] perception done: {'Scene Overview': 'The video shows a street scene with a white van parked on the side of the road. There are buildings on both sides of the street, and the area appears to be urban.; The scene takes place on a narrow street with parked vehicles and buildings on both sides. A person is walking towards a white van.; The video shows a street scene with parked cars along the side of the road. The area appears to be a residential or commercial neighborhood with buildings visible in the background.; The video shows a street with parked cars and buildings in the background. There are no people visible in the scene.', 'Weather Condition': 'The weather condition cannot be determined from the video as it is a black screen with text.; The weather appears to be clear, as there are no visible signs of rain or fog. The lighting suggests it might be daytime.; The weather condition seems to be overcast, as there is no direct sunlight visible in the video frames. The lighting is relatively dim, suggesting it might be early morning or late evening.; It appears to be nighttime, as the sky is dark and there is artificial lighting illuminating the scene.', 'Video Quality': "The video quality is unclear due to the black screen with text, making it impossible to assess the clarity, noise, or frame rate.; The video quality is moderate, with some graininess and noise present. The image is not very sharp, which could be due to the camera's resolution or the lighting conditions.; The video quality appears to be clear, with good visibility of the objects and surroundings. However, the image is slightly grainy, which could be due to the camera's sensitivity to light in low-light conditions.; The video quality is low, with a grainy texture and poor resolution, making it difficult to discern fine details.", 'Potential Anomalies': 'No potential anomalies can be detected in the given frames.; Based on the visual content, there are no immediate signs of abnormal events such as fighting, stealing, or other criminal activities. However, the person approaching the van could potentially be involved in an incident if they were to interact with the vehicle or its occupants.; Based on the visual content, there are no obvious signs of abnormal events such as fighting, stealing, or other criminal activities. The video primarily captures a quiet street scene with no significant activity.; There are no potential anomalies detected in this video.'}
2026-10-09 10:32:17,900 INFO [panda.agent] planning: retrieved 0 rules
2026-10-09 10:32:17,900 WARNING [panda.models] MLLM request failed (attempt 1): MLLM API key missing: set KIMI_API_KEY (and optionally KIMI_BASE_URL) in the environment.
2026-10-09 10:32:17,900 WARNING [panda.models] MLLM request failed (attempt 2): MLLM API key missing: set KIMI_API_KEY (and optionally KIMI_BASE_URL) in the environment.
2026-10-09 10:32:17,901 ERROR [panda.models] MLLM failed to produce parseable JSON after retries
2026-10-09 10:32:17,901 WARNING [panda.agent] planning output not parseable; using empty plan
2026-10-09 10:32:17,901 INFO [panda.agent] planning done: preprocessing=, anomalies=
2026-10-09 10:32:19,723 INFO [httpx2] HTTP Request: POST http://localhost:8000/v1/chat/completions "HTTP/1.1 200 OK"
2026-10-09 10:32:19,725 INFO [panda.agent] clip 0 reason: score=0.000 status=normal
2026-10-09 10:32:21,535 INFO [httpx2] HTTP Request: POST http://localhost:8000/v1/chat/completions "HTTP/1.1 200 OK"
2026-10-09 10:32:21,537 INFO [panda.agent] clip 1 reason: score=0.000 status=normal
2026-10-09 10:32:23,255 INFO [httpx2] HTTP Request: POST http://localhost:8000/v1/chat/completions "HTTP/1.1 200 OK"
2026-10-09 10:32:23,257 INFO [panda.agent] clip 2 reason: score=0.000 status=normal
2026-10-09 10:32:25,137 INFO [httpx2] HTTP Request: POST http://localhost:8000/v1/chat/completions "HTTP/1.1 200 OK"
2026-10-09 10:32:25,139 INFO [panda.agent] clip 3 reason: score=0.000 status=normal
2026-10-09 10:32:26,783 INFO [httpx2] HTTP Request: POST http://localhost:8000/v1/chat/completions "HTTP/1.1 200 OK"
2026-10-09 10:32:26,786 INFO [panda.agent] clip 4 reason: score=0.000 status=normal
2026-10-09 10:32:28,553 INFO [httpx2] HTTP Request: POST http://localhost:8000/v1/chat/completions "HTTP/1.1 200 OK"
2026-10-09 10:32:28,556 INFO [panda.agent] clip 5 reason: score=0.000 status=normal
2026-10-09 10:32:30,258 INFO [httpx2] HTTP Request: POST http://localhost:8000/v1/chat/completions "HTTP/1.1 200 OK"
2026-10-09 10:32:30,261 INFO [panda.agent] clip 6 reason: score=0.000 status=normal
2026-10-09 10:32:31,963 INFO [httpx2] HTTP Request: POST http://localhost:8000/v1/chat/completions "HTTP/1.1 200 OK"
2026-10-09 10:32:31,965 INFO [panda.agent] clip 7 reason: score=0.000 status=normal
2026-10-09 10:32:33,845 INFO [httpx2] HTTP Request: POST http://localhost:8000/v1/chat/completions "HTTP/1.1 200 OK"
2026-10-09 10:32:33,847 INFO [panda.agent] clip 8 reason: score=0.000 status=normal
2026-10-09 10:32:35,296 INFO [httpx2] HTTP Request: POST http://localhost:8000/v1/chat/completions "HTTP/1.1 200 OK"
2026-10-09 10:32:35,299 INFO [panda.agent] clip 9 reason: score=0.000 status=normal
2026-10-09 10:32:35,301 INFO [panda.agent] === video Arson035_x264 done: 10 clips ===
2026-10-09 10:32:35,321 INFO [run_eval] video Arson035_x264 done in 27.6s: auc raw=50.00 smoothed=50.00
2026-10-09 10:32:35,321 INFO [run_eval] video Arson041_x264 (abnormal): 125 frames, fps=30.00
2026-10-09 10:32:35,323 INFO [panda.agent] === video Arson041_x264: 125 frames, 25 clips ===
2026-10-09 10:32:35,324 INFO [panda.agent] perception: sampled 125 frames, sending 32 (token budget)
2026-10-09 10:32:37,418 INFO [httpx2] HTTP Request: POST http://localhost:8000/v1/chat/completions "HTTP/1.1 200 OK"
2026-10-09 10:32:40,380 INFO [httpx2] HTTP Request: POST http://localhost:8000/v1/chat/completions "HTTP/1.1 200 OK"
2026-10-09 10:32:42,398 INFO [httpx2] HTTP Request: POST http://localhost:8000/v1/chat/completions "HTTP/1.1 200 OK"
2026-10-09 10:32:44,296 INFO [httpx2] HTTP Request: POST http://localhost:8000/v1/chat/completions "HTTP/1.1 200 OK"
2026-10-09 10:32:44,298 INFO [panda.agent] perception done: {'Scene Overview': 'The video shows a hallway with a door on the right side. A person wearing a white shirt and light-colored pants walks towards the door.; The scene takes place in a hallway with a door on the right side. A person wearing a white jacket and light-colored pants walks into the frame from the left, opens the door, and exits the frame.; The video shows a hallway with a door on the right side. There is a person walking towards the door.; The video shows a dark room with a bed and a door. A person is lying on the bed, and there is a bowl next to them.', 'Weather Condition': 'The video is in black and white, indicating it was taken at night or in a low-light environment.; The video is in black and white, indicating it was taken at night or in a low-light environment. There is no indication of weather conditions as the scene is indoors.; It is not possible to determine the weather condition from the video as it is a black and white footage.; The video is taken indoors, so the weather condition is not applicable.', 'Video Quality': "The video appears to be of moderate quality, with some graininess and noise present, possibly due to the low-light conditions.; The video appears to be of moderate quality, with some graininess and noise present. The image is clear enough to discern the person's movements and the general layout of the hallway.; The video quality appears to be clear, but the image is in black and white, which may affect the visibility of details.; The video is blurry and has low resolution, making it difficult to see details clearly.", 'Potential Anomalies': "There are no obvious signs of abnormal events in these frames.; There are no obvious signs of abnormal events in these frames. The person's actions seem routine and there is no indication of any unusual activity.; There are no obvious signs of abnormal events in the video."}
2026-10-09 10:32:44,301 INFO [panda.agent] planning: retrieved 0 rules
2026-10-09 10:32:44,301 WARNING [panda.models] MLLM request failed (attempt 1): MLLM API key missing: set KIMI_API_KEY (and optionally KIMI_BASE_URL) in the environment.
2026-10-09 10:32:44,301 WARNING [panda.models] MLLM request failed (attempt 2): MLLM API key missing: set KIMI_API_KEY (and optionally KIMI_BASE_URL) in the environment.
2026-10-09 10:32:44,301 ERROR [panda.models] MLLM failed to produce parseable JSON after retries
2026-10-09 10:32:44,302 WARNING [panda.agent] planning output not parseable; using empty plan
2026-10-09 10:32:44,302 INFO [panda.agent] planning done: preprocessing=, anomalies=
2026-10-09 10:32:46,202 INFO [httpx2] HTTP Request: POST http://localhost:8000/v1/chat/completions "HTTP/1.1 200 OK"
2026-10-09 10:32:46,205 INFO [panda.agent] clip 0 reason: score=0.200 status=insufficient
2026-10-09 10:32:46,208 WARNING [panda.models] MLLM request failed (attempt 1): MLLM API key missing: set KIMI_API_KEY (and optionally KIMI_BASE_URL) in the environment.
2026-10-09 10:32:46,208 WARNING [panda.models] MLLM request failed (attempt 2): MLLM API key missing: set KIMI_API_KEY (and optionally KIMI_BASE_URL) in the environment.
2026-10-09 10:32:46,208 ERROR [panda.models] MLLM failed to produce parseable JSON after retries
2026-10-09 10:32:46,208 WARNING [panda.agent] reflection output not parseable; using empty reflection
2026-10-09 10:32:46,209 INFO [panda.agent] clip 0 reflection round 1: tools=[]
2026-10-09 10:32:46,210 INFO [panda.agent] clip 0: reflection suggested no tools
2026-10-09 10:32:47,971 INFO [httpx2] HTTP Request: POST http://localhost:8000/v1/chat/completions "HTTP/1.1 200 OK"
2026-10-09 10:32:47,973 INFO [panda.agent] clip 0 re-reason (round 1): score=0.200 status=insufficient
2026-10-09 10:32:47,975 WARNING [panda.models] MLLM request failed (attempt 1): MLLM API key missing: set KIMI_API_KEY (and optionally KIMI_BASE_URL) in the environment.
2026-10-09 10:32:47,976 WARNING [panda.models] MLLM request failed (attempt 2): MLLM API key missing: set KIMI_API_KEY (and optionally KIMI_BASE_URL) in the environment.
2026-10-09 10:32:47,976 ERROR [panda.models] MLLM failed to produce parseable JSON after retries
2026-10-09 10:32:47,976 WARNING [panda.agent] reflection output not parseable; using empty reflection
2026-10-09 10:32:47,976 INFO [panda.agent] clip 0 reflection round 2: tools=[]
2026-10-09 10:32:47,977 INFO [panda.agent] clip 0: reflection suggested no tools
2026-10-09 10:32:49,742 INFO [httpx2] HTTP Request: POST http://localhost:8000/v1/chat/completions "HTTP/1.1 200 OK"
2026-10-09 10:32:49,744 INFO [panda.agent] clip 0 re-reason (round 2): score=0.200 status=insufficient
2026-10-09 10:32:49,746 WARNING [panda.models] MLLM request failed (attempt 1): MLLM API key missing: set KIMI_API_KEY (and optionally KIMI_BASE_URL) in the environment.
2026-10-09 10:32:49,746 WARNING [panda.models] MLLM request failed (attempt 2): MLLM API key missing: set KIMI_API_KEY (and optionally KIMI_BASE_URL) in the environment.
2026-10-09 10:32:49,747 ERROR [panda.models] MLLM failed to produce parseable JSON after retries
2026-10-09 10:32:49,747 WARNING [panda.agent] reflection output not parseable; using empty reflection
2026-10-09 10:32:49,747 INFO [panda.agent] clip 0 reflection round 3: tools=[]
2026-10-09 10:32:49,748 INFO [panda.agent] clip 0: reflection suggested no tools
2026-10-09 10:32:51,521 INFO [httpx2] HTTP Request: POST http://localhost:8000/v1/chat/completions "HTTP/1.1 200 OK"
2026-10-09 10:32:51,523 INFO [panda.agent] clip 0 re-reason (round 3): score=0.200 status=insufficient
2026-10-09 10:32:51,525 INFO [panda.agent] clip 0: still insufficient after 3 rounds; fallback score 0.50
2026-10-09 10:32:53,561 INFO [httpx2] HTTP Request: POST http://localhost:8000/v1/chat/completions "HTTP/1.1 200 OK"
2026-10-09 10:32:53,563 INFO [panda.agent] clip 1 reason: score=0.000 status=normal
2026-10-09 10:32:55,283 INFO [httpx2] HTTP Request: POST http://localhost:8000/v1/chat/completions "HTTP/1.1 200 OK"
2026-10-09 10:32:55,285 INFO [panda.agent] clip 2 reason: score=0.000 status=normal
2026-10-09 10:32:56,667 INFO [httpx2] HTTP Request: POST http://localhost:8000/v1/chat/completions "HTTP/1.1 200 OK"
2026-10-09 10:32:56,669 INFO [panda.agent] clip 3 reason: score=0.000 status=normal
2026-10-09 10:32:58,092 INFO [httpx2] HTTP Request: POST http://localhost:8000/v1/chat/completions "HTTP/1.1 200 OK"
2026-10-09 10:32:58,095 INFO [panda.agent] clip 4 reason: score=0.000 status=normal
2026-10-09 10:32:59,396 INFO [httpx2] HTTP Request: POST http://localhost:8000/v1/chat/completions "HTTP/1.1 200 OK"
2026-10-09 10:32:59,398 INFO [panda.agent] clip 5 reason: score=0.000 status=normal
2026-10-09 10:33:01,020 INFO [httpx2] HTTP Request: POST http://localhost:8000/v1/chat/completions "HTTP/1.1 200 OK"
2026-10-09 10:33:01,022 INFO [panda.agent] clip 6 reason: score=0.000 status=normal
2026-10-09 10:33:02,856 INFO [httpx2] HTTP Request: POST http://localhost:8000/v1/chat/completions "HTTP/1.1 200 OK"
2026-10-09 10:33:02,858 INFO [panda.agent] clip 7 reason: score=0.200 status=insufficient
2026-10-09 10:33:02,861 WARNING [panda.models] MLLM request failed (attempt 1): MLLM API key missing: set KIMI_API_KEY (and optionally KIMI_BASE_URL) in the environment.
2026-10-09 10:33:02,861 WARNING [panda.models] MLLM request failed (attempt 2): MLLM API key missing: set KIMI_API_KEY (and optionally KIMI_BASE_URL) in the environment.
2026-10-09 10:33:02,861 ERROR [panda.models] MLLM failed to produce parseable JSON after retries
2026-10-09 10:33:02,861 WARNING [panda.agent] reflection output not parseable; using empty reflection
2026-10-09 10:33:02,861 INFO [panda.agent] clip 7 reflection round 1: tools=[]
2026-10-09 10:33:02,863 INFO [panda.agent] clip 7: reflection suggested no tools
2026-10-09 10:33:04,844 INFO [httpx2] HTTP Request: POST http://localhost:8000/v1/chat/completions "HTTP/1.1 200 OK"
2026-10-09 10:33:04,846 INFO [panda.agent] clip 7 re-reason (round 1): score=0.200 status=insufficient
2026-10-09 10:33:04,848 WARNING [panda.models] MLLM request failed (attempt 1): MLLM API key missing: set KIMI_API_KEY (and optionally KIMI_BASE_URL) in the environment.
2026-10-09 10:33:04,849 WARNING [panda.models] MLLM request failed (attempt 2): MLLM API key missing: set KIMI_API_KEY (and optionally KIMI_BASE_URL) in the environment.
2026-10-09 10:33:04,849 ERROR [panda.models] MLLM failed to produce parseable JSON after retries
2026-10-09 10:33:04,849 WARNING [panda.agent] reflection output not parseable; using empty reflection
2026-10-09 10:33:04,849 INFO [panda.agent] clip 7 reflection round 2: tools=[]
2026-10-09 10:33:04,851 INFO [panda.agent] clip 7: reflection suggested no tools
2026-10-09 10:33:06,837 INFO [httpx2] HTTP Request: POST http://localhost:8000/v1/chat/completions "HTTP/1.1 200 OK"
2026-10-09 10:33:06,839 INFO [panda.agent] clip 7 re-reason (round 2): score=0.200 status=insufficient
2026-10-09 10:33:06,842 WARNING [panda.models] MLLM request failed (attempt 1): MLLM API key missing: set KIMI_API_KEY (and optionally KIMI_BASE_URL) in the environment.
2026-10-09 10:33:06,842 WARNING [panda.models] MLLM request failed (attempt 2): MLLM API key missing: set KIMI_API_KEY (and optionally KIMI_BASE_URL) in the environment.
2026-10-09 10:33:06,842 ERROR [panda.models] MLLM failed to produce parseable JSON after retries
2026-10-09 10:33:06,842 WARNING [panda.agent] reflection output not parseable; using empty reflection
2026-10-09 10:33:06,842 INFO [panda.agent] clip 7 reflection round 3: tools=[]
2026-10-09 10:33:06,844 INFO [panda.agent] clip 7: reflection suggested no tools
2026-10-09 10:33:08,835 INFO [httpx2] HTTP Request: POST http://localhost:8000/v1/chat/completions "HTTP/1.1 200 OK"
2026-10-09 10:33:08,837 INFO [panda.agent] clip 7 re-reason (round 3): score=0.200 status=insufficient
2026-10-09 10:33:08,839 INFO [panda.agent] clip 7: still insufficient after 3 rounds; fallback score 0.50
2026-10-09 10:33:10,222 INFO [httpx2] HTTP Request: POST http://localhost:8000/v1/chat/completions "HTTP/1.1 200 OK"
2026-10-09 10:33:10,224 INFO [panda.agent] clip 8 reason: score=0.000 status=normal
2026-10-09 10:33:11,948 INFO [httpx2] HTTP Request: POST http://localhost:8000/v1/chat/completions "HTTP/1.1 200 OK"
2026-10-09 10:33:11,950 INFO [panda.agent] clip 9 reason: score=0.100 status=normal
2026-10-09 10:33:13,545 INFO [httpx2] HTTP Request: POST http://localhost:8000/v1/chat/completions "HTTP/1.1 200 OK"
2026-10-09 10:33:13,548 INFO [panda.agent] clip 10 reason: score=0.000 status=normal
2026-10-09 10:33:15,379 INFO [httpx2] HTTP Request: POST http://localhost:8000/v1/chat/completions "HTTP/1.1 200 OK"
2026-10-09 10:33:15,382 INFO [panda.agent] clip 11 reason: score=0.000 status=normal
2026-10-09 10:33:17,254 INFO [httpx2] HTTP Request: POST http://localhost:8000/v1/chat/completions "HTTP/1.1 200 OK"
2026-10-09 10:33:17,257 INFO [panda.agent] clip 12 reason: score=0.000 status=normal
2026-10-09 10:33:18,931 INFO [httpx2] HTTP Request: POST http://localhost:8000/v1/chat/completions "HTTP/1.1 200 OK"
2026-10-09 10:33:18,933 INFO [panda.agent] clip 13 reason: score=0.100 status=normal
2026-10-09 10:33:20,711 INFO [httpx2] HTTP Request: POST http://localhost:8000/v1/chat/completions "HTTP/1.1 200 OK"
2026-10-09 10:33:20,714 INFO [panda.agent] clip 14 reason: score=0.000 status=normal
2026-10-09 10:33:22,718 INFO [httpx2] HTTP Request: POST http://localhost:8000/v1/chat/completions "HTTP/1.1 200 OK"
2026-10-09 10:33:22,720 INFO [panda.agent] clip 15 reason: score=0.200 status=insufficient
2026-10-09 10:33:22,723 WARNING [panda.models] MLLM request failed (attempt 1): MLLM API key missing: set KIMI_API_KEY (and optionally KIMI_BASE_URL) in the environment.
2026-10-09 10:33:22,723 WARNING [panda.models] MLLM request failed (attempt 2): MLLM API key missing: set KIMI_API_KEY (and optionally KIMI_BASE_URL) in the environment.
2026-10-09 10:33:22,723 ERROR [panda.models] MLLM failed to produce parseable JSON after retries
2026-10-09 10:33:22,723 WARNING [panda.agent] reflection output not parseable; using empty reflection
2026-10-09 10:33:22,723 INFO [panda.agent] clip 15 reflection round 1: tools=[]
2026-10-09 10:33:22,725 INFO [panda.agent] clip 15: reflection suggested no tools
2026-10-09 10:33:24,306 INFO [httpx2] HTTP Request: POST http://localhost:8000/v1/chat/completions "HTTP/1.1 200 OK"
2026-10-09 10:33:24,308 INFO [panda.agent] clip 15 re-reason (round 1): score=0.200 status=insufficient
2026-10-09 10:33:24,311 WARNING [panda.models] MLLM request failed (attempt 1): MLLM API key missing: set KIMI_API_KEY (and optionally KIMI_BASE_URL) in the environment.
2026-10-09 10:33:24,311 WARNING [panda.models] MLLM request failed (attempt 2): MLLM API key missing: set KIMI_API_KEY (and optionally KIMI_BASE_URL) in the environment.
2026-10-09 10:33:24,311 ERROR [panda.models] MLLM failed to produce parseable JSON after retries
2026-10-09 10:33:24,312 WARNING [panda.agent] reflection output not parseable; using empty reflection
2026-10-09 10:33:24,312 INFO [panda.agent] clip 15 reflection round 2: tools=[]
2026-10-09 10:33:24,313 INFO [panda.agent] clip 15: reflection suggested no tools
2026-10-09 10:33:25,887 INFO [httpx2] HTTP Request: POST http://localhost:8000/v1/chat/completions "HTTP/1.1 200 OK"
2026-10-09 10:33:25,890 INFO [panda.agent] clip 15 re-reason (round 2): score=0.200 status=insufficient
2026-10-09 10:33:25,892 WARNING [panda.models] MLLM request failed (attempt 1): MLLM API key missing: set KIMI_API_KEY (and optionally KIMI_BASE_URL) in the environment.
2026-10-09 10:33:25,893 WARNING [panda.models] MLLM request failed (attempt 2): MLLM API key missing: set KIMI_API_KEY (and optionally KIMI_BASE_URL) in the environment.
2026-10-09 10:33:25,893 ERROR [panda.models] MLLM failed to produce parseable JSON after retries
2026-10-09 10:33:25,893 WARNING [panda.agent] reflection output not parseable; using empty reflection
2026-10-09 10:33:25,893 INFO [panda.agent] clip 15 reflection round 3: tools=[]
2026-10-09 10:33:25,895 INFO [panda.agent] clip 15: reflection suggested no tools
2026-10-09 10:33:27,481 INFO [httpx2] HTTP Request: POST http://localhost:8000/v1/chat/completions "HTTP/1.1 200 OK"
2026-10-09 10:33:27,483 INFO [panda.agent] clip 15 re-reason (round 3): score=0.200 status=insufficient
2026-10-09 10:33:27,486 INFO [panda.agent] clip 15: still insufficient after 3 rounds; fallback score 0.50
2026-10-09 10:33:29,156 INFO [httpx2] HTTP Request: POST http://localhost:8000/v1/chat/completions "HTTP/1.1 200 OK"
2026-10-09 10:33:29,158 INFO [panda.agent] clip 16 reason: score=0.000 status=normal
2026-10-09 10:33:31,112 INFO [httpx2] HTTP Request: POST http://localhost:8000/v1/chat/completions "HTTP/1.1 200 OK"
2026-10-09 10:33:31,114 INFO [panda.agent] clip 17 reason: score=0.800 status=abnormal
2026-10-09 10:33:32,733 INFO [httpx2] HTTP Request: POST http://localhost:8000/v1/chat/completions "HTTP/1.1 200 OK"
2026-10-09 10:33:32,735 INFO [panda.agent] clip 18 reason: score=0.000 status=normal
2026-10-09 10:33:34,346 INFO [httpx2] HTTP Request: POST http://localhost:8000/v1/chat/completions "HTTP/1.1 200 OK"
2026-10-09 10:33:34,347 INFO [panda.agent] clip 19 reason: score=0.000 status=normal
2026-10-09 10:33:36,014 INFO [httpx2] HTTP Request: POST http://localhost:8000/v1/chat/completions "HTTP/1.1 200 OK"
2026-10-09 10:33:36,016 INFO [panda.agent] clip 20 reason: score=0.000 status=normal
2026-10-09 10:33:37,735 INFO [httpx2] HTTP Request: POST http://localhost:8000/v1/chat/completions "HTTP/1.1 200 OK"
2026-10-09 10:33:37,736 INFO [panda.agent] clip 21 reason: score=0.000 status=normal
2026-10-09 10:33:39,469 INFO [httpx2] HTTP Request: POST http://localhost:8000/v1/chat/completions "HTTP/1.1 200 OK"
2026-10-09 10:33:39,471 INFO [panda.agent] clip 22 reason: score=0.000 status=normal
2026-10-09 10:33:40,963 INFO [httpx2] HTTP Request: POST http://localhost:8000/v1/chat/completions "HTTP/1.1 200 OK"
2026-10-09 10:33:40,965 INFO [panda.agent] clip 23 reason: score=1.000 status=abnormal
2026-10-09 10:33:42,456 INFO [httpx2] HTTP Request: POST http://localhost:8000/v1/chat/completions "HTTP/1.1 200 OK"
2026-10-09 10:33:42,458 INFO [panda.agent] clip 24 reason: score=0.000 status=normal
2026-10-09 10:33:42,460 INFO [panda.agent] === video Arson041_x264 done: 25 clips ===
2026-10-09 10:33:42,483 INFO [run_eval] video Arson041_x264 done in 67.2s: auc raw=55.00 smoothed=64.36
2026-10-09 10:33:42,484 INFO [run_eval] video Assault006_x264 (abnormal): 270 frames, fps=30.00
2026-10-09 10:33:42,486 INFO [panda.agent] === video Assault006_x264: 270 frames, 54 clips ===
2026-10-09 10:33:42,487 INFO [panda.agent] perception: sampled 270 frames, sending 32 (token budget)
2026-10-09 10:33:44,514 INFO [httpx2] HTTP Request: POST http://localhost:8000/v1/chat/completions "HTTP/1.1 200 OK"
2026-10-09 10:33:46,774 INFO [httpx2] HTTP Request: POST http://localhost:8000/v1/chat/completions "HTTP/1.1 200 OK"
2026-10-09 10:33:49,248 INFO [httpx2] HTTP Request: POST http://localhost:8000/v1/chat/completions "HTTP/1.1 200 OK"
2026-10-09 10:33:52,039 INFO [httpx2] HTTP Request: POST http://localhost:8000/v1/chat/completions "HTTP/1.1 200 OK"
2026-10-09 10:33:52,040 INFO [panda.agent] perception done: {'Scene Overview': 'The video shows a shop with a counter and shelves filled with items. There is a person wearing a purple shirt who appears to be stealing something from the counter. Other people enter the shop and seem to be involved in a fight.; The video shows a group of people gathered around a counter in a store. The individuals appear to be engaged in a physical altercation, with some people pushing and shoving each other.; The video shows a group of people gathered around a table in a room with a glass door. The people appear to be engaged in some kind of activity involving the table.; The video shows a group of people gathered around a counter in a store. The individuals appear to be engaged in some form of activity at the counter, possibly shopping or interacting with a vendor.', 'Weather Condition': 'The weather condition cannot be determined as the video is indoors.; The video appears to have been recorded indoors, so there is no information about the weather condition.; The weather condition cannot be determined from the video as it appears to be indoors.; The video appears to be taken indoors, so there is no information about weather conditions.', 'Video Quality': 'The video quality is clear, but the lighting is dim, making it difficult to see details clearly.; The video quality seems to be moderate, with some blurriness and noise present. The lighting is adequate, but the image could be clearer.; The video quality is not very clear, and there is some noise present. The frame rate seems to be low, which makes it difficult to see the details of the scene.; The video quality seems to be moderate, with some blurriness and noise present. The lighting is adequate for viewing the scene, but it may not be optimal for detailed observation.', 'Potential Anomalies': 'Stealing, Fighting; Based on the visual content, the potential anomalies detected are Fighting.; Based on the visual content, there are no obvious signs of abnormal events such as fighting, stealing, or other criminal activities.; Based on the visual content, potential anomalies such as fighting, stealing, or shoplifting could occur if one person attempts to take items without paying or engages in physical altercations with others.'}
2026-10-09 10:33:52,041 INFO [panda.agent] planning: retrieved 0 rules
2026-10-09 10:33:52,041 WARNING [panda.models] MLLM request failed (attempt 1): MLLM API key missing: set KIMI_API_KEY (and optionally KIMI_BASE_URL) in the environment.
2026-10-09 10:33:52,041 WARNING [panda.models] MLLM request failed (attempt 2): MLLM API key missing: set KIMI_API_KEY (and optionally KIMI_BASE_URL) in the environment.
2026-10-09 10:33:52,041 ERROR [panda.models] MLLM failed to produce parseable JSON after retries
2026-10-09 10:33:52,041 WARNING [panda.agent] planning output not parseable; using empty plan
2026-10-09 10:33:52,042 INFO [panda.agent] planning done: preprocessing=, anomalies=
2026-10-09 10:33:53,643 INFO [httpx2] HTTP Request: POST http://localhost:8000/v1/chat/completions "HTTP/1.1 200 OK"
2026-10-09 10:33:53,644 INFO [panda.agent] clip 0 reason: score=0.000 status=normal
2026-10-09 10:33:55,369 INFO [httpx2] HTTP Request: POST http://localhost:8000/v1/chat/completions "HTTP/1.1 200 OK"
2026-10-09 10:33:55,371 INFO [panda.agent] clip 1 reason: score=0.000 status=normal
2026-10-09 10:33:57,176 INFO [httpx2] HTTP Request: POST http://localhost:8000/v1/chat/completions "HTTP/1.1 200 OK"
2026-10-09 10:33:57,178 INFO [panda.agent] clip 2 reason: score=0.000 status=normal
2026-10-09 10:33:58,730 INFO [httpx2] HTTP Request: POST http://localhost:8000/v1/chat/completions "HTTP/1.1 200 OK"
2026-10-09 10:33:58,731 INFO [panda.agent] clip 3 reason: score=0.000 status=normal
2026-10-09 10:34:00,484 INFO [httpx2] HTTP Request: POST http://localhost:8000/v1/chat/completions "HTTP/1.1 200 OK"
2026-10-09 10:34:00,486 INFO [panda.agent] clip 4 reason: score=0.000 status=normal
2026-10-09 10:34:02,877 INFO [httpx2] HTTP Request: POST http://localhost:8000/v1/chat/completions "HTTP/1.1 200 OK"
2026-10-09 10:34:02,879 INFO [panda.agent] clip 5 reason: score=0.000 status=normal
2026-10-09 10:34:04,907 INFO [httpx2] HTTP Request: POST http://localhost:8000/v1/chat/completions "HTTP/1.1 200 OK"
2026-10-09 10:34:04,908 INFO [panda.agent] clip 6 reason: score=0.000 status=normal
2026-10-09 10:34:06,435 INFO [httpx2] HTTP Request: POST http://localhost:8000/v1/chat/completions "HTTP/1.1 200 OK"
2026-10-09 10:34:06,436 INFO [panda.agent] clip 7 reason: score=0.800 status=abnormal
2026-10-09 10:34:07,948 INFO [httpx2] HTTP Request: POST http://localhost:8000/v1/chat/completions "HTTP/1.1 200 OK"
2026-10-09 10:34:07,949 INFO [panda.agent] clip 8 reason: score=0.700 status=abnormal
2026-10-09 10:34:09,616 INFO [httpx2] HTTP Request: POST http://localhost:8000/v1/chat/completions "HTTP/1.1 200 OK"
2026-10-09 10:34:09,617 INFO [panda.agent] clip 9 reason: score=0.800 status=abnormal
2026-10-09 10:34:11,754 INFO [httpx2] HTTP Request: POST http://localhost:8000/v1/chat/completions "HTTP/1.1 200 OK"
2026-10-09 10:34:11,756 INFO [panda.agent] clip 10 reason: score=0.800 status=abnormal
2026-10-09 10:34:13,545 INFO [httpx2] HTTP Request: POST http://localhost:8000/v1/chat/completions "HTTP/1.1 200 OK"
2026-10-09 10:34:13,546 INFO [panda.agent] clip 11 reason: score=0.800 status=abnormal
2026-10-09 10:34:15,767 INFO [httpx2] HTTP Request: POST http://localhost:8000/v1/chat/completions "HTTP/1.1 200 OK"
2026-10-09 10:34:15,769 INFO [panda.agent] clip 12 reason: score=0.200 status=insufficient
2026-10-09 10:34:15,771 WARNING [panda.models] MLLM request failed (attempt 1): MLLM API key missing: set KIMI_API_KEY (and optionally KIMI_BASE_URL) in the environment.
2026-10-09 10:34:15,771 WARNING [panda.models] MLLM request failed (attempt 2): MLLM API key missing: set KIMI_API_KEY (and optionally KIMI_BASE_URL) in the environment.
2026-10-09 10:34:15,771 ERROR [panda.models] MLLM failed to produce parseable JSON after retries
2026-10-09 10:34:15,772 WARNING [panda.agent] reflection output not parseable; using empty reflection
2026-10-09 10:34:15,772 INFO [panda.agent] clip 12 reflection round 1: tools=[]
2026-10-09 10:34:15,773 INFO [panda.agent] clip 12: reflection suggested no tools
2026-10-09 10:34:17,794 INFO [httpx2] HTTP Request: POST http://localhost:8000/v1/chat/completions "HTTP/1.1 200 OK"
2026-10-09 10:34:17,797 INFO [panda.agent] clip 12 re-reason (round 1): score=0.200 status=insufficient
2026-10-09 10:34:17,800 WARNING [panda.models] MLLM request failed (attempt 1): MLLM API key missing: set KIMI_API_KEY (and optionally KIMI_BASE_URL) in the environment.
2026-10-09 10:34:17,800 WARNING [panda.models] MLLM request failed (attempt 2): MLLM API key missing: set KIMI_API_KEY (and optionally KIMI_BASE_URL) in the environment.
2026-10-09 10:34:17,800 ERROR [panda.models] MLLM failed to produce parseable JSON after retries
2026-10-09 10:34:17,801 WARNING [panda.agent] reflection output not parseable; using empty reflection
2026-10-09 10:34:17,801 INFO [panda.agent] clip 12 reflection round 2: tools=[]
2026-10-09 10:34:17,802 INFO [panda.agent] clip 12: reflection suggested no tools
2026-10-09 10:34:19,814 INFO [httpx2] HTTP Request: POST http://localhost:8000/v1/chat/completions "HTTP/1.1 200 OK"
2026-10-09 10:34:19,816 INFO [panda.agent] clip 12 re-reason (round 2): score=0.200 status=insufficient
2026-10-09 10:34:19,819 WARNING [panda.models] MLLM request failed (attempt 1): MLLM API key missing: set KIMI_API_KEY (and optionally KIMI_BASE_URL) in the environment.
2026-10-09 10:34:19,819 WARNING [panda.models] MLLM request failed (attempt 2): MLLM API key missing: set KIMI_API_KEY (and optionally KIMI_BASE_URL) in the environment.
2026-10-09 10:34:19,819 ERROR [panda.models] MLLM failed to produce parseable JSON after retries
2026-10-09 10:34:19,820 WARNING [panda.agent] reflection output not parseable; using empty reflection
2026-10-09 10:34:19,820 INFO [panda.agent] clip 12 reflection round 3: tools=[]
2026-10-09 10:34:19,821 INFO [panda.agent] clip 12: reflection suggested no tools
2026-10-09 10:34:21,840 INFO [httpx2] HTTP Request: POST http://localhost:8000/v1/chat/completions "HTTP/1.1 200 OK"
2026-10-09 10:34:21,842 INFO [panda.agent] clip 12 re-reason (round 3): score=0.200 status=insufficient
2026-10-09 10:34:21,844 INFO [panda.agent] clip 12: still insufficient after 3 rounds; fallback score 0.50
2026-10-09 10:34:23,589 INFO [httpx2] HTTP Request: POST http://localhost:8000/v1/chat/completions "HTTP/1.1 200 OK"
2026-10-09 10:34:23,591 INFO [panda.agent] clip 13 reason: score=0.800 status=abnormal
2026-10-09 10:34:25,274 INFO [httpx2] HTTP Request: POST http://localhost:8000/v1/chat/completions "HTTP/1.1 200 OK"
2026-10-09 10:34:25,277 INFO [panda.agent] clip 14 reason: score=0.700 status=abnormal
2026-10-09 10:34:26,985 INFO [httpx2] HTTP Request: POST http://localhost:8000/v1/chat/completions "HTTP/1.1 200 OK"
2026-10-09 10:34:26,988 INFO [panda.agent] clip 15 reason: score=0.800 status=abnormal
2026-10-09 10:34:28,073 INFO [httpx2] HTTP Request: POST http://localhost:8000/v1/chat/completions "HTTP/1.1 200 OK"
2026-10-09 10:34:28,076 INFO [panda.agent] clip 16 reason: score=0.200 status=insufficient
2026-10-09 10:34:28,078 WARNING [panda.models] MLLM request failed (attempt 1): MLLM API key missing: set KIMI_API_KEY (and optionally KIMI_BASE_URL) in the environment.
2026-10-09 10:34:28,079 WARNING [panda.models] MLLM request failed (attempt 2): MLLM API key missing: set KIMI_API_KEY (and optionally KIMI_BASE_URL) in the environment.
2026-10-09 10:34:28,079 ERROR [panda.models] MLLM failed to produce parseable JSON after retries
2026-10-09 10:34:28,079 WARNING [panda.agent] reflection output not parseable; using empty reflection
2026-10-09 10:34:28,079 INFO [panda.agent] clip 16 reflection round 1: tools=[]
2026-10-09 10:34:28,081 INFO [panda.agent] clip 16: reflection suggested no tools
2026-10-09 10:34:30,040 INFO [httpx2] HTTP Request: POST http://localhost:8000/v1/chat/completions "HTTP/1.1 200 OK"
2026-10-09 10:34:30,043 INFO [panda.agent] clip 16 re-reason (round 1): score=0.200 status=insufficient
2026-10-09 10:34:30,045 WARNING [panda.models] MLLM request failed (attempt 1): MLLM API key missing: set KIMI_API_KEY (and optionally KIMI_BASE_URL) in the environment.
2026-10-09 10:34:30,045 WARNING [panda.models] MLLM request failed (attempt 2): MLLM API key missing: set KIMI_API_KEY (and optionally KIMI_BASE_URL) in the environment.
2026-10-09 10:34:30,046 ERROR [panda.models] MLLM failed to produce parseable JSON after retries
2026-10-09 10:34:30,046 WARNING [panda.agent] reflection output not parseable; using empty reflection
2026-10-09 10:34:30,046 INFO [panda.agent] clip 16 reflection round 2: tools=[]
2026-10-09 10:34:30,047 INFO [panda.agent] clip 16: reflection suggested no tools
2026-10-09 10:34:32,011 INFO [httpx2] HTTP Request: POST http://localhost:8000/v1/chat/completions "HTTP/1.1 200 OK"
2026-10-09 10:34:32,013 INFO [panda.agent] clip 16 re-reason (round 2): score=0.200 status=insufficient
2026-10-09 10:34:32,016 WARNING [panda.models] MLLM request failed (attempt 1): MLLM API key missing: set KIMI_API_KEY (and optionally KIMI_BASE_URL) in the environment.
2026-10-09 10:34:32,016 WARNING [panda.models] MLLM request failed (attempt 2): MLLM API key missing: set KIMI_API_KEY (and optionally KIMI_BASE_URL) in the environment.
2026-10-09 10:34:32,016 ERROR [panda.models] MLLM failed to produce parseable JSON after retries
2026-10-09 10:34:32,017 WARNING [panda.agent] reflection output not parseable; using empty reflection
2026-10-09 10:34:32,017 INFO [panda.agent] clip 16 reflection round 3: tools=[]
2026-10-09 10:34:32,018 INFO [panda.agent] clip 16: reflection suggested no tools
2026-10-09 10:34:33,965 INFO [httpx2] HTTP Request: POST http://localhost:8000/v1/chat/completions "HTTP/1.1 200 OK"
2026-10-09 10:34:33,968 INFO [panda.agent] clip 16 re-reason (round 3): score=0.200 status=insufficient
2026-10-09 10:34:33,970 INFO [panda.agent] clip 16: still insufficient after 3 rounds; fallback score 0.50
2026-10-09 10:34:35,666 INFO [httpx2] HTTP Request: POST http://localhost:8000/v1/chat/completions "HTTP/1.1 200 OK"
2026-10-09 10:34:35,668 INFO [panda.agent] clip 17 reason: score=0.800 status=abnormal
2026-10-09 10:34:37,128 INFO [httpx2] HTTP Request: POST http://localhost:8000/v1/chat/completions "HTTP/1.1 200 OK"
2026-10-09 10:34:37,130 INFO [panda.agent] clip 18 reason: score=0.700 status=abnormal
2026-10-09 10:34:38,812 INFO [httpx2] HTTP Request: POST http://localhost:8000/v1/chat/completions "HTTP/1.1 200 OK"
2026-10-09 10:34:38,814 INFO [panda.agent] clip 19 reason: score=0.700 status=abnormal
2026-10-09 10:34:40,489 INFO [httpx2] HTTP Request: POST http://localhost:8000/v1/chat/completions "HTTP/1.1 200 OK"
2026-10-09 10:34:40,492 INFO [panda.agent] clip 20 reason: score=0.800 status=abnormal
2026-10-09 10:34:42,596 INFO [httpx2] HTTP Request: POST http://localhost:8000/v1/chat/completions "HTTP/1.1 200 OK"
2026-10-09 10:34:42,598 INFO [panda.agent] clip 21 reason: score=0.700 status=abnormal
2026-10-09 10:34:44,805 INFO [httpx2] HTTP Request: POST http://localhost:8000/v1/chat/completions "HTTP/1.1 200 OK"
2026-10-09 10:34:44,807 INFO [panda.agent] clip 22 reason: score=0.800 status=abnormal
2026-10-09 10:34:46,785 INFO [httpx2] HTTP Request: POST http://localhost:8000/v1/chat/completions "HTTP/1.1 200 OK"
2026-10-09 10:34:46,787 INFO [panda.agent] clip 23 reason: score=0.100 status=normal
2026-10-09 10:34:48,354 INFO [httpx2] HTTP Request: POST http://localhost:8000/v1/chat/completions "HTTP/1.1 200 OK"
2026-10-09 10:34:48,356 INFO [panda.agent] clip 24 reason: score=0.800 status=abnormal
2026-10-09 10:34:50,130 INFO [httpx2] HTTP Request: POST http://localhost:8000/v1/chat/completions "HTTP/1.1 200 OK"
2026-10-09 10:34:50,132 INFO [panda.agent] clip 25 reason: score=0.800 status=abnormal
2026-10-09 10:34:51,911 INFO [httpx2] HTTP Request: POST http://localhost:8000/v1/chat/completions "HTTP/1.1 200 OK"
2026-10-09 10:34:51,913 INFO [panda.agent] clip 26 reason: score=0.700 status=abnormal
2026-10-09 10:34:53,890 INFO [httpx2] HTTP Request: POST http://localhost:8000/v1/chat/completions "HTTP/1.1 200 OK"
2026-10-09 10:34:53,893 INFO [panda.agent] clip 27 reason: score=0.800 status=abnormal
2026-10-09 10:34:55,176 INFO [httpx2] HTTP Request: POST http://localhost:8000/v1/chat/completions "HTTP/1.1 200 OK"
2026-10-09 10:34:55,179 INFO [panda.agent] clip 28 reason: score=0.700 status=abnormal
2026-10-09 10:34:57,927 INFO [httpx2] HTTP Request: POST http://localhost:8000/v1/chat/completions "HTTP/1.1 200 OK"
2026-10-09 10:34:57,929 INFO [panda.agent] clip 29 reason: score=0.300 status=insufficient
2026-10-09 10:34:57,931 WARNING [panda.models] MLLM request failed (attempt 1): MLLM API key missing: set KIMI_API_KEY (and optionally KIMI_BASE_URL) in the environment.
2026-10-09 10:34:57,931 WARNING [panda.models] MLLM request failed (attempt 2): MLLM API key missing: set KIMI_API_KEY (and optionally KIMI_BASE_URL) in the environment.
2026-10-09 10:34:57,932 ERROR [panda.models] MLLM failed to produce parseable JSON after retries
2026-10-09 10:34:57,932 WARNING [panda.agent] reflection output not parseable; using empty reflection
2026-10-09 10:34:57,932 INFO [panda.agent] clip 29 reflection round 1: tools=[]
2026-10-09 10:34:57,933 INFO [panda.agent] clip 29: reflection suggested no tools
2026-10-09 10:34:58,710 INFO [httpx2] HTTP Request: POST http://localhost:8000/v1/chat/completions "HTTP/1.1 200 OK"
2026-10-09 10:34:58,713 INFO [panda.agent] clip 29 re-reason (round 1): score=0.500 status=insufficient
2026-10-09 10:34:58,716 WARNING [panda.models] MLLM request failed (attempt 1): MLLM API key missing: set KIMI_API_KEY (and optionally KIMI_BASE_URL) in the environment.
2026-10-09 10:34:58,717 WARNING [panda.models] MLLM request failed (attempt 2): MLLM API key missing: set KIMI_API_KEY (and optionally KIMI_BASE_URL) in the environment.
2026-10-09 10:34:58,717 ERROR [panda.models] MLLM failed to produce parseable JSON after retries
2026-10-09 10:34:58,717 WARNING [panda.agent] reflection output not parseable; using empty reflection
2026-10-09 10:34:58,717 INFO [panda.agent] clip 29 reflection round 2: tools=[]
2026-10-09 10:34:58,719 INFO [panda.agent] clip 29: reflection suggested no tools
2026-10-09 10:34:59,491 INFO [httpx2] HTTP Request: POST http://localhost:8000/v1/chat/completions "HTTP/1.1 200 OK"
2026-10-09 10:34:59,493 INFO [panda.agent] clip 29 re-reason (round 2): score=0.500 status=insufficient
2026-10-09 10:34:59,496 WARNING [panda.models] MLLM request failed (attempt 1): MLLM API key missing: set KIMI_API_KEY (and optionally KIMI_BASE_URL) in the environment.
2026-10-09 10:34:59,497 WARNING [panda.models] MLLM request failed (attempt 2): MLLM API key missing: set KIMI_API_KEY (and optionally KIMI_BASE_URL) in the environment.
2026-10-09 10:34:59,497 ERROR [panda.models] MLLM failed to produce parseable JSON after retries
2026-10-09 10:34:59,497 WARNING [panda.agent] reflection output not parseable; using empty reflection
2026-10-09 10:34:59,497 INFO [panda.agent] clip 29 reflection round 3: tools=[]
2026-10-09 10:34:59,499 INFO [panda.agent] clip 29: reflection suggested no tools
2026-10-09 10:35:00,275 INFO [httpx2] HTTP Request: POST http://localhost:8000/v1/chat/completions "HTTP/1.1 200 OK"
2026-10-09 10:35:00,277 INFO [panda.agent] clip 29 re-reason (round 3): score=0.500 status=insufficient
2026-10-09 10:35:00,279 INFO [panda.agent] clip 29: still insufficient after 3 rounds; fallback score 0.50
2026-10-09 10:35:02,057 INFO [httpx2] HTTP Request: POST http://localhost:8000/v1/chat/completions "HTTP/1.1 200 OK"
2026-10-09 10:35:02,059 INFO [panda.agent] clip 30 reason: score=0.700 status=abnormal
2026-10-09 10:35:03,768 INFO [httpx2] HTTP Request: POST http://localhost:8000/v1/chat/completions "HTTP/1.1 200 OK"
2026-10-09 10:35:03,771 INFO [panda.agent] clip 31 reason: score=0.700 status=abnormal
2026-10-09 10:35:06,052 INFO [httpx2] HTTP Request: POST http://localhost:8000/v1/chat/completions "HTTP/1.1 200 OK"
2026-10-09 10:35:06,054 INFO [panda.agent] clip 32 reason: score=0.200 status=insufficient
2026-10-09 10:35:06,056 WARNING [panda.models] MLLM request failed (attempt 1): MLLM API key missing: set KIMI_API_KEY (and optionally KIMI_BASE_URL) in the environment.
2026-10-09 10:35:06,056 WARNING [panda.models] MLLM request failed (attempt 2): MLLM API key missing: set KIMI_API_KEY (and optionally KIMI_BASE_URL) in the environment.
2026-10-09 10:35:06,056 ERROR [panda.models] MLLM failed to produce parseable JSON after retries
2026-10-09 10:35:06,057 WARNING [panda.agent] reflection output not parseable; using empty reflection
2026-10-09 10:35:06,057 INFO [panda.agent] clip 32 reflection round 1: tools=[]
2026-10-09 10:35:06,058 INFO [panda.agent] clip 32: reflection suggested no tools
2026-10-09 10:35:06,934 INFO [httpx2] HTTP Request: POST http://localhost:8000/v1/chat/completions "HTTP/1.1 200 OK"
2026-10-09 10:35:06,936 INFO [panda.agent] clip 32 re-reason (round 1): score=0.200 status=insufficient
2026-10-09 10:35:06,938 WARNING [panda.models] MLLM request failed (attempt 1): MLLM API key missing: set KIMI_API_KEY (and optionally KIMI_BASE_URL) in the environment.
2026-10-09 10:35:06,939 WARNING [panda.models] MLLM request failed (attempt 2): MLLM API key missing: set KIMI_API_KEY (and optionally KIMI_BASE_URL) in the environment.
2026-10-09 10:35:06,939 ERROR [panda.models] MLLM failed to produce parseable JSON after retries
2026-10-09 10:35:06,939 WARNING [panda.agent] reflection output not parseable; using empty reflection
2026-10-09 10:35:06,939 INFO [panda.agent] clip 32 reflection round 2: tools=[]
2026-10-09 10:35:06,940 INFO [panda.agent] clip 32: reflection suggested no tools
2026-10-09 10:35:07,818 INFO [httpx2] HTTP Request: POST http://localhost:8000/v1/chat/completions "HTTP/1.1 200 OK"
2026-10-09 10:35:07,821 INFO [panda.agent] clip 32 re-reason (round 2): score=0.200 status=insufficient
2026-10-09 10:35:07,823 WARNING [panda.models] MLLM request failed (attempt 1): MLLM API key missing: set KIMI_API_KEY (and optionally KIMI_BASE_URL) in the environment.
2026-10-09 10:35:07,823 WARNING [panda.models] MLLM request failed (attempt 2): MLLM API key missing: set KIMI_API_KEY (and optionally KIMI_BASE_URL) in the environment.
2026-10-09 10:35:07,823 ERROR [panda.models] MLLM failed to produce parseable JSON after retries
2026-10-09 10:35:07,824 WARNING [panda.agent] reflection output not parseable; using empty reflection
2026-10-09 10:35:07,824 INFO [panda.agent] clip 32 reflection round 3: tools=[]
2026-10-09 10:35:07,825 INFO [panda.agent] clip 32: reflection suggested no tools
2026-10-09 10:35:08,691 INFO [httpx2] HTTP Request: POST http://localhost:8000/v1/chat/completions "HTTP/1.1 200 OK"
2026-10-09 10:35:08,693 INFO [panda.agent] clip 32 re-reason (round 3): score=0.200 status=insufficient
2026-10-09 10:35:08,694 INFO [panda.agent] clip 32: still insufficient after 3 rounds; fallback score 0.50
2026-10-09 10:35:09,985 INFO [httpx2] HTTP Request: POST http://localhost:8000/v1/chat/completions "HTTP/1.1 200 OK"
2026-10-09 10:35:09,987 INFO [panda.agent] clip 33 reason: score=0.700 status=abnormal
2026-10-09 10:35:10,970 INFO [httpx2] HTTP Request: POST http://localhost:8000/v1/chat/completions "HTTP/1.1 200 OK"
2026-10-09 10:35:10,972 INFO [panda.agent] clip 34 reason: score=0.500 status=insufficient
2026-10-09 10:35:10,975 WARNING [panda.models] MLLM request failed (attempt 1): MLLM API key missing: set KIMI_API_KEY (and optionally KIMI_BASE_URL) in the environment.
2026-10-09 10:35:10,975 WARNING [panda.models] MLLM request failed (attempt 2): MLLM API key missing: set KIMI_API_KEY (and optionally KIMI_BASE_URL) in the environment.
2026-10-09 10:35:10,975 ERROR [panda.models] MLLM failed to produce parseable JSON after retries
2026-10-09 10:35:10,975 WARNING [panda.agent] reflection output not parseable; using empty reflection
2026-10-09 10:35:10,976 INFO [panda.agent] clip 34 reflection round 1: tools=[]
2026-10-09 10:35:10,977 INFO [panda.agent] clip 34: reflection suggested no tools
2026-10-09 10:35:11,752 INFO [httpx2] HTTP Request: POST http://localhost:8000/v1/chat/completions "HTTP/1.1 200 OK"
2026-10-09 10:35:11,753 INFO [panda.agent] clip 34 re-reason (round 1): score=0.500 status=insufficient
2026-10-09 10:35:11,755 WARNING [panda.models] MLLM request failed (attempt 1): MLLM API key missing: set KIMI_API_KEY (and optionally KIMI_BASE_URL) in the environment.
2026-10-09 10:35:11,755 WARNING [panda.models] MLLM request failed (attempt 2): MLLM API key missing: set KIMI_API_KEY (and optionally KIMI_BASE_URL) in the environment.
2026-10-09 10:35:11,755 ERROR [panda.models] MLLM failed to produce parseable JSON after retries
2026-10-09 10:35:11,755 WARNING [panda.agent] reflection output not parseable; using empty reflection
2026-10-09 10:35:11,755 INFO [panda.agent] clip 34 reflection round 2: tools=[]
2026-10-09 10:35:11,756 INFO [panda.agent] clip 34: reflection suggested no tools
2026-10-09 10:35:12,537 INFO [httpx2] HTTP Request: POST http://localhost:8000/v1/chat/completions "HTTP/1.1 200 OK"
2026-10-09 10:35:12,538 INFO [panda.agent] clip 34 re-reason (round 2): score=0.500 status=insufficient
2026-10-09 10:35:12,539 WARNING [panda.models] MLLM request failed (attempt 1): MLLM API key missing: set KIMI_API_KEY (and optionally KIMI_BASE_URL) in the environment.
2026-10-09 10:35:12,539 WARNING [panda.models] MLLM request failed (attempt 2): MLLM API key missing: set KIMI_API_KEY (and optionally KIMI_BASE_URL) in the environment.
2026-10-09 10:35:12,539 ERROR [panda.models] MLLM failed to produce parseable JSON after retries
2026-10-09 10:35:12,539 WARNING [panda.agent] reflection output not parseable; using empty reflection
2026-10-09 10:35:12,539 INFO [panda.agent] clip 34 reflection round 3: tools=[]
2026-10-09 10:35:12,540 INFO [panda.agent] clip 34: reflection suggested no tools
2026-10-09 10:35:13,317 INFO [httpx2] HTTP Request: POST http://localhost:8000/v1/chat/completions "HTTP/1.1 200 OK"
2026-10-09 10:35:13,318 INFO [panda.agent] clip 34 re-reason (round 3): score=0.500 status=insufficient
2026-10-09 10:35:13,320 INFO [panda.agent] clip 34: still insufficient after 3 rounds; fallback score 0.50
2026-10-09 10:35:15,014 INFO [httpx2] HTTP Request: POST http://localhost:8000/v1/chat/completions "HTTP/1.1 200 OK"
2026-10-09 10:35:15,016 INFO [panda.agent] clip 35 reason: score=0.700 status=abnormal
2026-10-09 10:35:15,934 INFO [httpx2] HTTP Request: POST http://localhost:8000/v1/chat/completions "HTTP/1.1 200 OK"
2026-10-09 10:35:15,935 INFO [panda.agent] clip 36 reason: score=0.200 status=insufficient
2026-10-09 10:35:15,936 WARNING [panda.models] MLLM request failed (attempt 1): MLLM API key missing: set KIMI_API_KEY (and optionally KIMI_BASE_URL) in the environment.
2026-10-09 10:35:15,936 WARNING [panda.models] MLLM request failed (attempt 2): MLLM API key missing: set KIMI_API_KEY (and optionally KIMI_BASE_URL) in the environment.
2026-10-09 10:35:15,936 ERROR [panda.models] MLLM failed to produce parseable JSON after retries
2026-10-09 10:35:15,937 WARNING [panda.agent] reflection output not parseable; using empty reflection
2026-10-09 10:35:15,937 INFO [panda.agent] clip 36 reflection round 1: tools=[]
2026-10-09 10:35:15,937 INFO [panda.agent] clip 36: reflection suggested no tools
2026-10-09 10:35:16,710 INFO [httpx2] HTTP Request: POST http://localhost:8000/v1/chat/completions "HTTP/1.1 200 OK"
2026-10-09 10:35:16,711 INFO [panda.agent] clip 36 re-reason (round 1): score=0.200 status=insufficient
2026-10-09 10:35:16,713 WARNING [panda.models] MLLM request failed (attempt 1): MLLM API key missing: set KIMI_API_KEY (and optionally KIMI_BASE_URL) in the environment.
2026-10-09 10:35:16,713 WARNING [panda.models] MLLM request failed (attempt 2): MLLM API key missing: set KIMI_API_KEY (and optionally KIMI_BASE_URL) in the environment.
2026-10-09 10:35:16,713 ERROR [panda.models] MLLM failed to produce parseable JSON after retries
2026-10-09 10:35:16,713 WARNING [panda.agent] reflection output not parseable; using empty reflection
2026-10-09 10:35:16,713 INFO [panda.agent] clip 36 reflection round 2: tools=[]
2026-10-09 10:35:16,714 INFO [panda.agent] clip 36: reflection suggested no tools
2026-10-09 10:35:17,480 INFO [httpx2] HTTP Request: POST http://localhost:8000/v1/chat/completions "HTTP/1.1 200 OK"
2026-10-09 10:35:17,482 INFO [panda.agent] clip 36 re-reason (round 2): score=0.200 status=insufficient
2026-10-09 10:35:17,484 WARNING [panda.models] MLLM request failed (attempt 1): MLLM API key missing: set KIMI_API_KEY (and optionally KIMI_BASE_URL) in the environment.
2026-10-09 10:35:17,484 WARNING [panda.models] MLLM request failed (attempt 2): MLLM API key missing: set KIMI_API_KEY (and optionally KIMI_BASE_URL) in the environment.
2026-10-09 10:35:17,484 ERROR [panda.models] MLLM failed to produce parseable JSON after retries
2026-10-09 10:35:17,484 WARNING [panda.agent] reflection output not parseable; using empty reflection
2026-10-09 10:35:17,484 INFO [panda.agent] clip 36 reflection round 3: tools=[]
2026-10-09 10:35:17,485 INFO [panda.agent] clip 36: reflection suggested no tools
2026-10-09 10:35:18,257 INFO [httpx2] HTTP Request: POST http://localhost:8000/v1/chat/completions "HTTP/1.1 200 OK"
2026-10-09 10:35:18,258 INFO [panda.agent] clip 36 re-reason (round 3): score=0.200 status=insufficient
2026-10-09 10:35:18,260 INFO [panda.agent] clip 36: still insufficient after 3 rounds; fallback score 0.50
2026-10-09 10:35:20,104 INFO [httpx2] HTTP Request: POST http://localhost:8000/v1/chat/completions "HTTP/1.1 200 OK"
2026-10-09 10:35:20,105 INFO [panda.agent] clip 37 reason: score=0.600 status=abnormal
2026-10-09 10:35:22,238 INFO [httpx2] HTTP Request: POST http://localhost:8000/v1/chat/completions "HTTP/1.1 200 OK"
2026-10-09 10:35:22,239 INFO [panda.agent] clip 38 reason: score=0.300 status=insufficient
2026-10-09 10:35:22,240 WARNING [panda.models] MLLM request failed (attempt 1): MLLM API key missing: set KIMI_API_KEY (and optionally KIMI_BASE_URL) in the environment.
2026-10-09 10:35:22,240 WARNING [panda.models] MLLM request failed (attempt 2): MLLM API key missing: set KIMI_API_KEY (and optionally KIMI_BASE_URL) in the environment.
2026-10-09 10:35:22,240 ERROR [panda.models] MLLM failed to produce parseable JSON after retries
2026-10-09 10:35:22,240 WARNING [panda.agent] reflection output not parseable; using empty reflection
2026-10-09 10:35:22,240 INFO [panda.agent] clip 38 reflection round 1: tools=[]
2026-10-09 10:35:22,241 INFO [panda.agent] clip 38: reflection suggested no tools
2026-10-09 10:35:24,597 INFO [httpx2] HTTP Request: POST http://localhost:8000/v1/chat/completions "HTTP/1.1 200 OK"
2026-10-09 10:35:24,598 INFO [panda.agent] clip 38 re-reason (round 1): score=0.300 status=insufficient
2026-10-09 10:35:24,600 WARNING [panda.models] MLLM request failed (attempt 1): MLLM API key missing: set KIMI_API_KEY (and optionally KIMI_BASE_URL) in the environment.
2026-10-09 10:35:24,600 WARNING [panda.models] MLLM request failed (attempt 2): MLLM API key missing: set KIMI_API_KEY (and optionally KIMI_BASE_URL) in the environment.
2026-10-09 10:35:24,600 ERROR [panda.models] MLLM failed to produce parseable JSON after retries
2026-10-09 10:35:24,600 WARNING [panda.agent] reflection output not parseable; using empty reflection
2026-10-09 10:35:24,600 INFO [panda.agent] clip 38 reflection round 2: tools=[]
2026-10-09 10:35:24,601 INFO [panda.agent] clip 38: reflection suggested no tools
2026-10-09 10:35:26,937 INFO [httpx2] HTTP Request: POST http://localhost:8000/v1/chat/completions "HTTP/1.1 200 OK"
2026-10-09 10:35:26,938 INFO [panda.agent] clip 38 re-reason (round 2): score=0.300 status=insufficient
2026-10-09 10:35:26,939 WARNING [panda.models] MLLM request failed (attempt 1): MLLM API key missing: set KIMI_API_KEY (and optionally KIMI_BASE_URL) in the environment.
2026-10-09 10:35:26,939 WARNING [panda.models] MLLM request failed (attempt 2): MLLM API key missing: set KIMI_API_KEY (and optionally KIMI_BASE_URL) in the environment.
2026-10-09 10:35:26,939 ERROR [panda.models] MLLM failed to produce parseable JSON after retries
2026-10-09 10:35:26,939 WARNING [panda.agent] reflection output not parseable; using empty reflection
2026-10-09 10:35:26,939 INFO [panda.agent] clip 38 reflection round 3: tools=[]
2026-10-09 10:35:26,940 INFO [panda.agent] clip 38: reflection suggested no tools
2026-10-09 10:35:29,291 INFO [httpx2] HTTP Request: POST http://localhost:8000/v1/chat/completions "HTTP/1.1 200 OK"
2026-10-09 10:35:29,296 INFO [panda.agent] clip 38 re-reason (round 3): score=0.300 status=insufficient
2026-10-09 10:35:29,300 INFO [panda.agent] clip 38: still insufficient after 3 rounds; fallback score 0.50
2026-10-09 10:35:30,588 INFO [httpx2] HTTP Request: POST http://localhost:8000/v1/chat/completions "HTTP/1.1 200 OK"
2026-10-09 10:35:30,590 INFO [panda.agent] clip 39 reason: score=0.700 status=abnormal
2026-10-09 10:35:32,023 INFO [httpx2] HTTP Request: POST http://localhost:8000/v1/chat/completions "HTTP/1.1 200 OK"
2026-10-09 10:35:32,025 INFO [panda.agent] clip 40 reason: score=0.800 status=abnormal
2026-10-09 10:35:33,266 INFO [httpx2] HTTP Request: POST http://localhost:8000/v1/chat/completions "HTTP/1.1 200 OK"
2026-10-09 10:35:33,269 INFO [panda.agent] clip 41 reason: score=0.200 status=insufficient
2026-10-09 10:35:33,270 WARNING [panda.models] MLLM request failed (attempt 1): MLLM API key missing: set KIMI_API_KEY (and optionally KIMI_BASE_URL) in the environment.
2026-10-09 10:35:33,270 WARNING [panda.models] MLLM request failed (attempt 2): MLLM API key missing: set KIMI_API_KEY (and optionally KIMI_BASE_URL) in the environment.
2026-10-09 10:35:33,270 ERROR [panda.models] MLLM failed to produce parseable JSON after retries
2026-10-09 10:35:33,270 WARNING [panda.agent] reflection output not parseable; using empty reflection
2026-10-09 10:35:33,270 INFO [panda.agent] clip 41 reflection round 1: tools=[]
2026-10-09 10:35:33,271 INFO [panda.agent] clip 41: reflection suggested no tools
2026-10-09 10:35:35,689 INFO [httpx2] HTTP Request: POST http://localhost:8000/v1/chat/completions "HTTP/1.1 200 OK"
2026-10-09 10:35:35,690 INFO [panda.agent] clip 41 re-reason (round 1): score=0.200 status=insufficient
2026-10-09 10:35:35,691 WARNING [panda.models] MLLM request failed (attempt 1): MLLM API key missing: set KIMI_API_KEY (and optionally KIMI_BASE_URL) in the environment.
2026-10-09 10:35:35,691 WARNING [panda.models] MLLM request failed (attempt 2): MLLM API key missing: set KIMI_API_KEY (and optionally KIMI_BASE_URL) in the environment.
2026-10-09 10:35:35,691 ERROR [panda.models] MLLM failed to produce parseable JSON after retries
2026-10-09 10:35:35,691 WARNING [panda.agent] reflection output not parseable; using empty reflection
2026-10-09 10:35:35,691 INFO [panda.agent] clip 41 reflection round 2: tools=[]
2026-10-09 10:35:35,691 INFO [panda.agent] clip 41: reflection suggested no tools
2026-10-09 10:35:38,104 INFO [httpx2] HTTP Request: POST http://localhost:8000/v1/chat/completions "HTTP/1.1 200 OK"
2026-10-09 10:35:38,106 INFO [panda.agent] clip 41 re-reason (round 2): score=0.200 status=insufficient
2026-10-09 10:35:38,109 WARNING [panda.models] MLLM request failed (attempt 1): MLLM API key missing: set KIMI_API_KEY (and optionally KIMI_BASE_URL) in the environment.
2026-10-09 10:35:38,109 WARNING [panda.models] MLLM request failed (attempt 2): MLLM API key missing: set KIMI_API_KEY (and optionally KIMI_BASE_URL) in the environment.
2026-10-09 10:35:38,109 ERROR [panda.models] MLLM failed to produce parseable JSON after retries
2026-10-09 10:35:38,110 WARNING [panda.agent] reflection output not parseable; using empty reflection
2026-10-09 10:35:38,110 INFO [panda.agent] clip 41 reflection round 3: tools=[]
2026-10-09 10:35:38,111 INFO [panda.agent] clip 41: reflection suggested no tools
2026-10-09 10:35:40,517 INFO [httpx2] HTTP Request: POST http://localhost:8000/v1/chat/completions "HTTP/1.1 200 OK"
2026-10-09 10:35:40,519 INFO [panda.agent] clip 41 re-reason (round 3): score=0.200 status=insufficient
2026-10-09 10:35:40,522 INFO [panda.agent] clip 41: still insufficient after 3 rounds; fallback score 0.50
2026-10-09 10:35:41,439 INFO [httpx2] HTTP Request: POST http://localhost:8000/v1/chat/completions "HTTP/1.1 200 OK"
2026-10-09 10:35:41,441 INFO [panda.agent] clip 42 reason: score=0.500 status=insufficient
2026-10-09 10:35:41,445 WARNING [panda.models] MLLM request failed (attempt 1): MLLM API key missing: set KIMI_API_KEY (and optionally KIMI_BASE_URL) in the environment.
2026-10-09 10:35:41,446 WARNING [panda.models] MLLM request failed (attempt 2): MLLM API key missing: set KIMI_API_KEY (and optionally KIMI_BASE_URL) in the environment.
2026-10-09 10:35:41,446 ERROR [panda.models] MLLM failed to produce parseable JSON after retries
2026-10-09 10:35:41,446 WARNING [panda.agent] reflection output not parseable; using empty reflection
2026-10-09 10:35:41,446 INFO [panda.agent] clip 42 reflection round 1: tools=[]
2026-10-09 10:35:41,448 INFO [panda.agent] clip 42: reflection suggested no tools
2026-10-09 10:35:42,230 INFO [httpx2] HTTP Request: POST http://localhost:8000/v1/chat/completions "HTTP/1.1 200 OK"
2026-10-09 10:35:42,232 INFO [panda.agent] clip 42 re-reason (round 1): score=0.500 status=insufficient
2026-10-09 10:35:42,234 WARNING [panda.models] MLLM request failed (attempt 1): MLLM API key missing: set KIMI_API_KEY (and optionally KIMI_BASE_URL) in the environment.
2026-10-09 10:35:42,234 WARNING [panda.models] MLLM request failed (attempt 2): MLLM API key missing: set KIMI_API_KEY (and optionally KIMI_BASE_URL) in the environment.
2026-10-09 10:35:42,234 ERROR [panda.models] MLLM failed to produce parseable JSON after retries
2026-10-09 10:35:42,235 WARNING [panda.agent] reflection output not parseable; using empty reflection
2026-10-09 10:35:42,235 INFO [panda.agent] clip 42 reflection round 2: tools=[]
2026-10-09 10:35:42,236 INFO [panda.agent] clip 42: reflection suggested no tools
2026-10-09 10:35:43,010 INFO [httpx2] HTTP Request: POST http://localhost:8000/v1/chat/completions "HTTP/1.1 200 OK"
2026-10-09 10:35:43,012 INFO [panda.agent] clip 42 re-reason (round 2): score=0.500 status=insufficient
2026-10-09 10:35:43,015 WARNING [panda.models] MLLM request failed (attempt 1): MLLM API key missing: set KIMI_API_KEY (and optionally KIMI_BASE_URL) in the environment.
2026-10-09 10:35:43,015 WARNING [panda.models] MLLM request failed (attempt 2): MLLM API key missing: set KIMI_API_KEY (and optionally KIMI_BASE_URL) in the environment.
2026-10-09 10:35:43,015 ERROR [panda.models] MLLM failed to produce parseable JSON after retries
2026-10-09 10:35:43,015 WARNING [panda.agent] reflection output not parseable; using empty reflection
2026-10-09 10:35:43,016 INFO [panda.agent] clip 42 reflection round 3: tools=[]
2026-10-09 10:35:43,017 INFO [panda.agent] clip 42: reflection suggested no tools
2026-10-09 10:35:43,795 INFO [httpx2] HTTP Request: POST http://localhost:8000/v1/chat/completions "HTTP/1.1 200 OK"
2026-10-09 10:35:43,797 INFO [panda.agent] clip 42 re-reason (round 3): score=0.500 status=insufficient
2026-10-09 10:35:43,800 INFO [panda.agent] clip 42: still insufficient after 3 rounds; fallback score 0.50
2026-10-09 10:35:45,580 INFO [httpx2] HTTP Request: POST http://localhost:8000/v1/chat/completions "HTTP/1.1 200 OK"
2026-10-09 10:35:45,582 INFO [panda.agent] clip 43 reason: score=0.800 status=abnormal
2026-10-09 10:35:47,111 INFO [httpx2] HTTP Request: POST http://localhost:8000/v1/chat/completions "HTTP/1.1 200 OK"
2026-10-09 10:35:47,113 INFO [panda.agent] clip 44 reason: score=0.700 status=abnormal
2026-10-09 10:35:48,999 INFO [httpx2] HTTP Request: POST http://localhost:8000/v1/chat/completions "HTTP/1.1 200 OK"
2026-10-09 10:35:49,001 INFO [panda.agent] clip 45 reason: score=0.000 status=normal
2026-10-09 10:35:51,474 INFO [httpx2] HTTP Request: POST http://localhost:8000/v1/chat/completions "HTTP/1.1 200 OK"
2026-10-09 10:35:51,476 INFO [panda.agent] clip 46 reason: score=0.300 status=insufficient
2026-10-09 10:35:51,480 WARNING [panda.models] MLLM request failed (attempt 1): MLLM API key missing: set KIMI_API_KEY (and optionally KIMI_BASE_URL) in the environment.
2026-10-09 10:35:51,481 WARNING [panda.models] MLLM request failed (attempt 2): MLLM API key missing: set KIMI_API_KEY (and optionally KIMI_BASE_URL) in the environment.
2026-10-09 10:35:51,481 ERROR [panda.models] MLLM failed to produce parseable JSON after retries
2026-10-09 10:35:51,481 WARNING [panda.agent] reflection output not parseable; using empty reflection
2026-10-09 10:35:51,481 INFO [panda.agent] clip 46 reflection round 1: tools=[]
2026-10-09 10:35:51,483 INFO [panda.agent] clip 46: reflection suggested no tools
2026-10-09 10:35:53,808 INFO [httpx2] HTTP Request: POST http://localhost:8000/v1/chat/completions "HTTP/1.1 200 OK"
2026-10-09 10:35:53,810 INFO [panda.agent] clip 46 re-reason (round 1): score=0.300 status=insufficient
2026-10-09 10:35:53,813 WARNING [panda.models] MLLM request failed (attempt 1): MLLM API key missing: set KIMI_API_KEY (and optionally KIMI_BASE_URL) in the environment.
2026-10-09 10:35:53,813 WARNING [panda.models] MLLM request failed (attempt 2): MLLM API key missing: set KIMI_API_KEY (and optionally KIMI_BASE_URL) in the environment.
2026-10-09 10:35:53,814 ERROR [panda.models] MLLM failed to produce parseable JSON after retries
2026-10-09 10:35:53,814 WARNING [panda.agent] reflection output not parseable; using empty reflection
2026-10-09 10:35:53,814 INFO [panda.agent] clip 46 reflection round 2: tools=[]
2026-10-09 10:35:53,815 INFO [panda.agent] clip 46: reflection suggested no tools
2026-10-09 10:35:56,140 INFO [httpx2] HTTP Request: POST http://localhost:8000/v1/chat/completions "HTTP/1.1 200 OK"
2026-10-09 10:35:56,142 INFO [panda.agent] clip 46 re-reason (round 2): score=0.300 status=insufficient
2026-10-09 10:35:56,145 WARNING [panda.models] MLLM request failed (attempt 1): MLLM API key missing: set KIMI_API_KEY (and optionally KIMI_BASE_URL) in the environment.
2026-10-09 10:35:56,145 WARNING [panda.models] MLLM request failed (attempt 2): MLLM API key missing: set KIMI_API_KEY (and optionally KIMI_BASE_URL) in the environment.
2026-10-09 10:35:56,145 ERROR [panda.models] MLLM failed to produce parseable JSON after retries
2026-10-09 10:35:56,145 WARNING [panda.agent] reflection output not parseable; using empty reflection
2026-10-09 10:35:56,145 INFO [panda.agent] clip 46 reflection round 3: tools=[]
2026-10-09 10:35:56,147 INFO [panda.agent] clip 46: reflection suggested no tools
2026-10-09 10:35:58,479 INFO [httpx2] HTTP Request: POST http://localhost:8000/v1/chat/completions "HTTP/1.1 200 OK"
2026-10-09 10:35:58,480 INFO [panda.agent] clip 46 re-reason (round 3): score=0.300 status=insufficient
2026-10-09 10:35:58,481 INFO [panda.agent] clip 46: still insufficient after 3 rounds; fallback score 0.50
2026-10-09 10:36:01,289 INFO [httpx2] HTTP Request: POST http://localhost:8000/v1/chat/completions "HTTP/1.1 200 OK"
2026-10-09 10:36:01,292 INFO [panda.agent] clip 47 reason: score=0.200 status=insufficient
2026-10-09 10:36:01,294 WARNING [panda.models] MLLM request failed (attempt 1): MLLM API key missing: set KIMI_API_KEY (and optionally KIMI_BASE_URL) in the environment.
2026-10-09 10:36:01,295 WARNING [panda.models] MLLM request failed (attempt 2): MLLM API key missing: set KIMI_API_KEY (and optionally KIMI_BASE_URL) in the environment.
2026-10-09 10:36:01,295 ERROR [panda.models] MLLM failed to produce parseable JSON after retries
2026-10-09 10:36:01,295 WARNING [panda.agent] reflection output not parseable; using empty reflection
2026-10-09 10:36:01,295 INFO [panda.agent] clip 47 reflection round 1: tools=[]
2026-10-09 10:36:01,297 INFO [panda.agent] clip 47: reflection suggested no tools
2026-10-09 10:36:03,588 INFO [httpx2] HTTP Request: POST http://localhost:8000/v1/chat/completions "HTTP/1.1 200 OK"
2026-10-09 10:36:03,590 INFO [panda.agent] clip 47 re-reason (round 1): score=0.200 status=insufficient
2026-10-09 10:36:03,593 WARNING [panda.models] MLLM request failed (attempt 1): MLLM API key missing: set KIMI_API_KEY (and optionally KIMI_BASE_URL) in the environment.
2026-10-09 10:36:03,593 WARNING [panda.models] MLLM request failed (attempt 2): MLLM API key missing: set KIMI_API_KEY (and optionally KIMI_BASE_URL) in the environment.
2026-10-09 10:36:03,594 ERROR [panda.models] MLLM failed to produce parseable JSON after retries
2026-10-09 10:36:03,594 WARNING [panda.agent] reflection output not parseable; using empty reflection
2026-10-09 10:36:03,594 INFO [panda.agent] clip 47 reflection round 2: tools=[]
2026-10-09 10:36:03,596 INFO [panda.agent] clip 47: reflection suggested no tools
2026-10-09 10:36:05,893 INFO [httpx2] HTTP Request: POST http://localhost:8000/v1/chat/completions "HTTP/1.1 200 OK"
2026-10-09 10:36:05,895 INFO [panda.agent] clip 47 re-reason (round 2): score=0.200 status=insufficient
2026-10-09 10:36:05,898 WARNING [panda.models] MLLM request failed (attempt 1): MLLM API key missing: set KIMI_API_KEY (and optionally KIMI_BASE_URL) in the environment.
2026-10-09 10:36:05,898 WARNING [panda.models] MLLM request failed (attempt 2): MLLM API key missing: set KIMI_API_KEY (and optionally KIMI_BASE_URL) in the environment.
2026-10-09 10:36:05,898 ERROR [panda.models] MLLM failed to produce parseable JSON after retries
2026-10-09 10:36:05,898 WARNING [panda.agent] reflection output not parseable; using empty reflection
2026-10-09 10:36:05,899 INFO [panda.agent] clip 47 reflection round 3: tools=[]
2026-10-09 10:36:05,900 INFO [panda.agent] clip 47: reflection suggested no tools
2026-10-09 10:36:08,190 INFO [httpx2] HTTP Request: POST http://localhost:8000/v1/chat/completions "HTTP/1.1 200 OK"
2026-10-09 10:36:08,193 INFO [panda.agent] clip 47 re-reason (round 3): score=0.200 status=insufficient
2026-10-09 10:36:08,195 INFO [panda.agent] clip 47: still insufficient after 3 rounds; fallback score 0.50
2026-10-09 10:36:09,968 INFO [httpx2] HTTP Request: POST http://localhost:8000/v1/chat/completions "HTTP/1.1 200 OK"
2026-10-09 10:36:09,970 INFO [panda.agent] clip 48 reason: score=0.700 status=abnormal
2026-10-09 10:36:11,447 INFO [httpx2] HTTP Request: POST http://localhost:8000/v1/chat/completions "HTTP/1.1 200 OK"
2026-10-09 10:36:11,449 INFO [panda.agent] clip 49 reason: score=0.700 status=abnormal
2026-10-09 10:36:13,169 INFO [httpx2] HTTP Request: POST http://localhost:8000/v1/chat/completions "HTTP/1.1 200 OK"
2026-10-09 10:36:13,171 INFO [panda.agent] clip 50 reason: score=0.700 status=abnormal
2026-10-09 10:36:15,914 INFO [httpx2] HTTP Request: POST http://localhost:8000/v1/chat/completions "HTTP/1.1 200 OK"
2026-10-09 10:36:15,916 INFO [panda.agent] clip 51 reason: score=0.300 status=insufficient
2026-10-09 10:36:15,919 WARNING [panda.models] MLLM request failed (attempt 1): MLLM API key missing: set KIMI_API_KEY (and optionally KIMI_BASE_URL) in the environment.
2026-10-09 10:36:15,919 WARNING [panda.models] MLLM request failed (attempt 2): MLLM API key missing: set KIMI_API_KEY (and optionally KIMI_BASE_URL) in the environment.
2026-10-09 10:36:15,919 ERROR [panda.models] MLLM failed to produce parseable JSON after retries
2026-10-09 10:36:15,920 WARNING [panda.agent] reflection output not parseable; using empty reflection
2026-10-09 10:36:15,920 INFO [panda.agent] clip 51 reflection round 1: tools=[]
2026-10-09 10:36:15,921 INFO [panda.agent] clip 51: reflection suggested no tools
2026-10-09 10:36:18,483 INFO [httpx2] HTTP Request: POST http://localhost:8000/v1/chat/completions "HTTP/1.1 200 OK"
2026-10-09 10:36:18,485 INFO [panda.agent] clip 51 re-reason (round 1): score=0.300 status=insufficient
2026-10-09 10:36:18,488 WARNING [panda.models] MLLM request failed (attempt 1): MLLM API key missing: set KIMI_API_KEY (and optionally KIMI_BASE_URL) in the environment.
2026-10-09 10:36:18,488 WARNING [panda.models] MLLM request failed (attempt 2): MLLM API key missing: set KIMI_API_KEY (and optionally KIMI_BASE_URL) in the environment.
2026-10-09 10:36:18,488 ERROR [panda.models] MLLM failed to produce parseable JSON after retries
2026-10-09 10:36:18,488 WARNING [panda.agent] reflection output not parseable; using empty reflection
2026-10-09 10:36:18,488 INFO [panda.agent] clip 51 reflection round 2: tools=[]
2026-10-09 10:36:18,490 INFO [panda.agent] clip 51: reflection suggested no tools
2026-10-09 10:36:21,066 INFO [httpx2] HTTP Request: POST http://localhost:8000/v1/chat/completions "HTTP/1.1 200 OK"
2026-10-09 10:36:21,069 INFO [panda.agent] clip 51 re-reason (round 2): score=0.300 status=insufficient
2026-10-09 10:36:21,071 WARNING [panda.models] MLLM request failed (attempt 1): MLLM API key missing: set KIMI_API_KEY (and optionally KIMI_BASE_URL) in the environment.
2026-10-09 10:36:21,072 WARNING [panda.models] MLLM request failed (attempt 2): MLLM API key missing: set KIMI_API_KEY (and optionally KIMI_BASE_URL) in the environment.
2026-10-09 10:36:21,072 ERROR [panda.models] MLLM failed to produce parseable JSON after retries
2026-10-09 10:36:21,072 WARNING [panda.agent] reflection output not parseable; using empty reflection
2026-10-09 10:36:21,072 INFO [panda.agent] clip 51 reflection round 3: tools=[]
2026-10-09 10:36:21,073 INFO [panda.agent] clip 51: reflection suggested no tools
2026-10-09 10:36:23,655 INFO [httpx2] HTTP Request: POST http://localhost:8000/v1/chat/completions "HTTP/1.1 200 OK"
2026-10-09 10:36:23,657 INFO [panda.agent] clip 51 re-reason (round 3): score=0.300 status=insufficient
2026-10-09 10:36:23,659 INFO [panda.agent] clip 51: still insufficient after 3 rounds; fallback score 0.50
2026-10-09 10:36:24,591 INFO [httpx2] HTTP Request: POST http://localhost:8000/v1/chat/completions "HTTP/1.1 200 OK"
2026-10-09 10:36:24,593 INFO [panda.agent] clip 52 reason: score=0.200 status=insufficient
2026-10-09 10:36:24,596 WARNING [panda.models] MLLM request failed (attempt 1): MLLM API key missing: set KIMI_API_KEY (and optionally KIMI_BASE_URL) in the environment.
2026-10-09 10:36:24,596 WARNING [panda.models] MLLM request failed (attempt 2): MLLM API key missing: set KIMI_API_KEY (and optionally KIMI_BASE_URL) in the environment.
2026-10-09 10:36:24,596 ERROR [panda.models] MLLM failed to produce parseable JSON after retries
2026-10-09 10:36:24,596 WARNING [panda.agent] reflection output not parseable; using empty reflection
2026-10-09 10:36:24,596 INFO [panda.agent] clip 52 reflection round 1: tools=[]
2026-10-09 10:36:24,598 INFO [panda.agent] clip 52: reflection suggested no tools
2026-10-09 10:36:25,369 INFO [httpx2] HTTP Request: POST http://localhost:8000/v1/chat/completions "HTTP/1.1 200 OK"
2026-10-09 10:36:25,371 INFO [panda.agent] clip 52 re-reason (round 1): score=0.200 status=insufficient
2026-10-09 10:36:25,373 WARNING [panda.models] MLLM request failed (attempt 1): MLLM API key missing: set KIMI_API_KEY (and optionally KIMI_BASE_URL) in the environment.
2026-10-09 10:36:25,374 WARNING [panda.models] MLLM request failed (attempt 2): MLLM API key missing: set KIMI_API_KEY (and optionally KIMI_BASE_URL) in the environment.
2026-10-09 10:36:25,374 ERROR [panda.models] MLLM failed to produce parseable JSON after retries
2026-10-09 10:36:25,374 WARNING [panda.agent] reflection output not parseable; using empty reflection
2026-10-09 10:36:25,374 INFO [panda.agent] clip 52 reflection round 2: tools=[]
2026-10-09 10:36:25,376 INFO [panda.agent] clip 52: reflection suggested no tools
2026-10-09 10:36:26,151 INFO [httpx2] HTTP Request: POST http://localhost:8000/v1/chat/completions "HTTP/1.1 200 OK"
2026-10-09 10:36:26,153 INFO [panda.agent] clip 52 re-reason (round 2): score=0.200 status=insufficient
2026-10-09 10:36:26,155 WARNING [panda.models] MLLM request failed (attempt 1): MLLM API key missing: set KIMI_API_KEY (and optionally KIMI_BASE_URL) in the environment.
2026-10-09 10:36:26,156 WARNING [panda.models] MLLM request failed (attempt 2): MLLM API key missing: set KIMI_API_KEY (and optionally KIMI_BASE_URL) in the environment.
2026-10-09 10:36:26,156 ERROR [panda.models] MLLM failed to produce parseable JSON after retries
2026-10-09 10:36:26,156 WARNING [panda.agent] reflection output not parseable; using empty reflection
2026-10-09 10:36:26,156 INFO [panda.agent] clip 52 reflection round 3: tools=[]
2026-10-09 10:36:26,158 INFO [panda.agent] clip 52: reflection suggested no tools
2026-10-09 10:36:26,940 INFO [httpx2] HTTP Request: POST http://localhost:8000/v1/chat/completions "HTTP/1.1 200 OK"
2026-10-09 10:36:26,942 INFO [panda.agent] clip 52 re-reason (round 3): score=0.200 status=insufficient
2026-10-09 10:36:26,944 INFO [panda.agent] clip 52: still insufficient after 3 rounds; fallback score 0.50
2026-10-09 10:36:29,246 INFO [httpx2] HTTP Request: POST http://localhost:8000/v1/chat/completions "HTTP/1.1 200 OK"
2026-10-09 10:36:29,248 INFO [panda.agent] clip 53 reason: score=0.000 status=normal
2026-10-09 10:36:29,251 INFO [panda.agent] === video Assault006_x264 done: 54 clips ===
2026-10-09 10:36:29,269 INFO [run_eval] video Assault006_x264 done in 166.8s: auc raw=89.67 smoothed=97.99
2026-10-09 10:36:29,269 INFO [run_eval] video Assault010_x264 (abnormal): 539 frames, fps=30.00
2026-10-09 10:36:29,271 INFO [panda.agent] === video Assault010_x264: 539 frames, 108 clips ===
2026-10-09 10:36:29,272 INFO [panda.agent] perception: sampled 300 frames, sending 32 (token budget)
2026-10-09 10:36:31,986 INFO [httpx2] HTTP Request: POST http://localhost:8000/v1/chat/completions "HTTP/1.1 200 OK"
2026-10-09 10:36:33,921 INFO [httpx2] HTTP Request: POST http://localhost:8000/v1/chat/completions "HTTP/1.1 200 OK"
2026-10-09 10:36:36,534 INFO [httpx2] HTTP Request: POST http://localhost:8000/v1/chat/completions "HTTP/1.1 200 OK"
2026-10-09 10:36:38,744 INFO [httpx2] HTTP Request: POST http://localhost:8000/v1/chat/completions "HTTP/1.1 200 OK"
2026-10-09 10:36:38,745 INFO [panda.agent] perception done: {'Scene Overview': "The video shows a prison cell block with several inmates lying on cots. The environment appears to be dimly lit, suggesting it might be nighttime or the room has limited lighting.; The video shows a prison cell block with several beds and tables. There are inmates lying on the beds and sitting at the tables. The scene appears to be calm and quiet.; The video shows a prison cell block with several inmates lying on beds. The scene appears to be during daytime as there is natural light coming through the windows.; The video shows a prison cell block with several inmates lying on cots. The camera angle provides a wide view of the room, capturing the inmates' activities.", 'Weather Condition': 'The video does not provide any information about the weather as it is set indoors.; The video is taken indoors, so there is no weather condition to describe.; Daytime with natural light coming through the windows.; The video appears to be taken indoors, so there is no weather condition to describe.', 'Video Quality': "The video quality is low, with a grainy texture and poor resolution, making it difficult to discern fine details.; The video quality is clear, with good visibility of the inmates and their activities.; The video quality is clear, but the image is slightly grainy, which might be due to the camera's resolution or the lighting conditions.; The video quality is low, with a grainy appearance and poor resolution, making it difficult to discern fine details.", 'Potential Anomalies': 'Based on the visual content, there are no obvious signs of abnormal events such as fighting, stealing, or other criminal activities. However, the presence of inmates in a confined space could potentially lead to incidents like fights or disturbances if not properly monitored.; There are no potential anomalies detected in this video.; There are no obvious signs of abnormal events such as fighting, stealing, or vandalism in these frames. However, it is important to note that the video only captures a short period of time, so there could be other events occurring outside of the frame.; There are no obvious signs of abnormal events such as fighting, stealing, or other criminal activities in the video.'}
2026-10-09 10:36:38,746 INFO [panda.agent] planning: retrieved 0 rules
2026-10-09 10:36:38,746 WARNING [panda.models] MLLM request failed (attempt 1): MLLM API key missing: set KIMI_API_KEY (and optionally KIMI_BASE_URL) in the environment.
2026-10-09 10:36:38,747 WARNING [panda.models] MLLM request failed (attempt 2): MLLM API key missing: set KIMI_API_KEY (and optionally KIMI_BASE_URL) in the environment.
2026-10-09 10:36:38,747 ERROR [panda.models] MLLM failed to produce parseable JSON after retries
2026-10-09 10:36:38,747 WARNING [panda.agent] planning output not parseable; using empty plan
2026-10-09 10:36:38,747 INFO [panda.agent] planning done: preprocessing=, anomalies=
2026-10-09 10:36:40,749 INFO [httpx2] HTTP Request: POST http://localhost:8000/v1/chat/completions "HTTP/1.1 200 OK"
2026-10-09 10:36:40,750 INFO [panda.agent] clip 0 reason: score=0.000 status=normal
2026-10-09 10:36:42,374 INFO [httpx2] HTTP Request: POST http://localhost:8000/v1/chat/completions "HTTP/1.1 200 OK"
2026-10-09 10:36:42,376 INFO [panda.agent] clip 1 reason: score=0.000 status=normal
2026-10-09 10:36:44,191 INFO [httpx2] HTTP Request: POST http://localhost:8000/v1/chat/completions "HTTP/1.1 200 OK"
2026-10-09 10:36:44,193 INFO [panda.agent] clip 2 reason: score=0.000 status=normal
2026-10-09 10:36:45,913 INFO [httpx2] HTTP Request: POST http://localhost:8000/v1/chat/completions "HTTP/1.1 200 OK"
2026-10-09 10:36:45,915 INFO [panda.agent] clip 3 reason: score=0.000 status=normal
2026-10-09 10:36:48,108 INFO [httpx2] HTTP Request: POST http://localhost:8000/v1/chat/completions "HTTP/1.1 200 OK"
2026-10-09 10:36:48,110 INFO [panda.agent] clip 4 reason: score=0.000 status=normal
2026-10-09 10:36:49,817 INFO [httpx2] HTTP Request: POST http://localhost:8000/v1/chat/completions "HTTP/1.1 200 OK"
2026-10-09 10:36:49,819 INFO [panda.agent] clip 5 reason: score=0.000 status=normal
2026-10-09 10:36:51,834 INFO [httpx2] HTTP Request: POST http://localhost:8000/v1/chat/completions "HTTP/1.1 200 OK"
2026-10-09 10:36:51,836 INFO [panda.agent] clip 6 reason: score=0.000 status=normal
2026-10-09 10:36:54,176 INFO [httpx2] HTTP Request: POST http://localhost:8000/v1/chat/completions "HTTP/1.1 200 OK"
2026-10-09 10:36:54,179 INFO [panda.agent] clip 7 reason: score=0.200 status=insufficient
2026-10-09 10:36:54,182 WARNING [panda.models] MLLM request failed (attempt 1): MLLM API key missing: set KIMI_API_KEY (and optionally KIMI_BASE_URL) in the environment.
2026-10-09 10:36:54,182 WARNING [panda.models] MLLM request failed (attempt 2): MLLM API key missing: set KIMI_API_KEY (and optionally KIMI_BASE_URL) in the environment.
2026-10-09 10:36:54,182 ERROR [panda.models] MLLM failed to produce parseable JSON after retries
2026-10-09 10:36:54,182 WARNING [panda.agent] reflection output not parseable; using empty reflection
2026-10-09 10:36:54,182 INFO [panda.agent] clip 7 reflection round 1: tools=[]
2026-10-09 10:36:54,184 INFO [panda.agent] clip 7: reflection suggested no tools
2026-10-09 10:36:56,391 INFO [httpx2] HTTP Request: POST http://localhost:8000/v1/chat/completions "HTTP/1.1 200 OK"
2026-10-09 10:36:56,394 INFO [panda.agent] clip 7 re-reason (round 1): score=0.200 status=insufficient
2026-10-09 10:36:56,396 WARNING [panda.models] MLLM request failed (attempt 1): MLLM API key missing: set KIMI_API_KEY (and optionally KIMI_BASE_URL) in the environment.
2026-10-09 10:36:56,396 WARNING [panda.models] MLLM request failed (attempt 2): MLLM API key missing: set KIMI_API_KEY (and optionally KIMI_BASE_URL) in the environment.
2026-10-09 10:36:56,397 ERROR [panda.models] MLLM failed to produce parseable JSON after retries
2026-10-09 10:36:56,397 WARNING [panda.agent] reflection output not parseable; using empty reflection
2026-10-09 10:36:56,397 INFO [panda.agent] clip 7 reflection round 2: tools=[]
2026-10-09 10:36:56,399 INFO [panda.agent] clip 7: reflection suggested no tools
2026-10-09 10:36:58,607 INFO [httpx2] HTTP Request: POST http://localhost:8000/v1/chat/completions "HTTP/1.1 200 OK"
2026-10-09 10:36:58,610 INFO [panda.agent] clip 7 re-reason (round 2): score=0.200 status=insufficient
2026-10-09 10:36:58,614 WARNING [panda.models] MLLM request failed (attempt 1): MLLM API key missing: set KIMI_API_KEY (and optionally KIMI_BASE_URL) in the environment.
2026-10-09 10:36:58,614 WARNING [panda.models] MLLM request failed (attempt 2): MLLM API key missing: set KIMI_API_KEY (and optionally KIMI_BASE_URL) in the environment.
2026-10-09 10:36:58,614 ERROR [panda.models] MLLM failed to produce parseable JSON after retries
2026-10-09 10:36:58,614 WARNING [panda.agent] reflection output not parseable; using empty reflection
2026-10-09 10:36:58,614 INFO [panda.agent] clip 7 reflection round 3: tools=[]
2026-10-09 10:36:58,616 INFO [panda.agent] clip 7: reflection suggested no tools
2026-10-09 10:37:00,823 INFO [httpx2] HTTP Request: POST http://localhost:8000/v1/chat/completions "HTTP/1.1 200 OK"
2026-10-09 10:37:00,825 INFO [panda.agent] clip 7 re-reason (round 3): score=0.200 status=insufficient
2026-10-09 10:37:00,826 INFO [panda.agent] clip 7: still insufficient after 3 rounds; fallback score 0.50
2026-10-09 10:37:02,832 INFO [httpx2] HTTP Request: POST http://localhost:8000/v1/chat/completions "HTTP/1.1 200 OK"
2026-10-09 10:37:02,834 INFO [panda.agent] clip 8 reason: score=0.000 status=normal
2026-10-09 10:37:04,538 INFO [httpx2] HTTP Request: POST http://localhost:8000/v1/chat/completions "HTTP/1.1 200 OK"
2026-10-09 10:37:04,540 INFO [panda.agent] clip 9 reason: score=0.000 status=normal
2026-10-09 10:37:06,805 INFO [httpx2] HTTP Request: POST http://localhost:8000/v1/chat/completions "HTTP/1.1 200 OK"
2026-10-09 10:37:06,807 INFO [panda.agent] clip 10 reason: score=0.200 status=insufficient
2026-10-09 10:37:06,810 WARNING [panda.models] MLLM request failed (attempt 1): MLLM API key missing: set KIMI_API_KEY (and optionally KIMI_BASE_URL) in the environment.
2026-10-09 10:37:06,811 WARNING [panda.models] MLLM request failed (attempt 2): MLLM API key missing: set KIMI_API_KEY (and optionally KIMI_BASE_URL) in the environment.
2026-10-09 10:37:06,811 ERROR [panda.models] MLLM failed to produce parseable JSON after retries
2026-10-09 10:37:06,811 WARNING [panda.agent] reflection output not parseable; using empty reflection
2026-10-09 10:37:06,811 INFO [panda.agent] clip 10 reflection round 1: tools=[]
2026-10-09 10:37:06,813 INFO [panda.agent] clip 10: reflection suggested no tools
2026-10-09 10:37:08,906 INFO [httpx2] HTTP Request: POST http://localhost:8000/v1/chat/completions "HTTP/1.1 200 OK"
2026-10-09 10:37:08,908 INFO [panda.agent] clip 10 re-reason (round 1): score=0.200 status=insufficient
2026-10-09 10:37:08,911 WARNING [panda.models] MLLM request failed (attempt 1): MLLM API key missing: set KIMI_API_KEY (and optionally KIMI_BASE_URL) in the environment.
2026-10-09 10:37:08,911 WARNING [panda.models] MLLM request failed (attempt 2): MLLM API key missing: set KIMI_API_KEY (and optionally KIMI_BASE_URL) in the environment.
2026-10-09 10:37:08,911 ERROR [panda.models] MLLM failed to produce parseable JSON after retries
2026-10-09 10:37:08,911 WARNING [panda.agent] reflection output not parseable; using empty reflection
2026-10-09 10:37:08,911 INFO [panda.agent] clip 10 reflection round 2: tools=[]
2026-10-09 10:37:08,913 INFO [panda.agent] clip 10: reflection suggested no tools
2026-10-09 10:37:11,011 INFO [httpx2] HTTP Request: POST http://localhost:8000/v1/chat/completions "HTTP/1.1 200 OK"
2026-10-09 10:37:11,013 INFO [panda.agent] clip 10 re-reason (round 2): score=0.200 status=insufficient
2026-10-09 10:37:11,016 WARNING [panda.models] MLLM request failed (attempt 1): MLLM API key missing: set KIMI_API_KEY (and optionally KIMI_BASE_URL) in the environment.
2026-10-09 10:37:11,016 WARNING [panda.models] MLLM request failed (attempt 2): MLLM API key missing: set KIMI_API_KEY (and optionally KIMI_BASE_URL) in the environment.
2026-10-09 10:37:11,016 ERROR [panda.models] MLLM failed to produce parseable JSON after retries
2026-10-09 10:37:11,016 WARNING [panda.agent] reflection output not parseable; using empty reflection
2026-10-09 10:37:11,017 INFO [panda.agent] clip 10 reflection round 3: tools=[]
2026-10-09 10:37:11,018 INFO [panda.agent] clip 10: reflection suggested no tools
2026-10-09 10:37:13,121 INFO [httpx2] HTTP Request: POST http://localhost:8000/v1/chat/completions "HTTP/1.1 200 OK"
2026-10-09 10:37:13,123 INFO [panda.agent] clip 10 re-reason (round 3): score=0.200 status=insufficient
2026-10-09 10:37:13,126 INFO [panda.agent] clip 10: still insufficient after 3 rounds; fallback score 0.50
2026-10-09 10:37:15,332 INFO [httpx2] HTTP Request: POST http://localhost:8000/v1/chat/completions "HTTP/1.1 200 OK"
2026-10-09 10:37:15,335 INFO [panda.agent] clip 11 reason: score=0.000 status=normal
2026-10-09 10:37:17,196 INFO [httpx2] HTTP Request: POST http://localhost:8000/v1/chat/completions "HTTP/1.1 200 OK"
2026-10-09 10:37:17,198 INFO [panda.agent] clip 12 reason: score=0.000 status=normal
2026-10-09 10:37:19,137 INFO [httpx2] HTTP Request: POST http://localhost:8000/v1/chat/completions "HTTP/1.1 200 OK"
2026-10-09 10:37:19,138 INFO [panda.agent] clip 13 reason: score=0.000 status=normal
2026-10-09 10:37:21,277 INFO [httpx2] HTTP Request: POST http://localhost:8000/v1/chat/completions "HTTP/1.1 200 OK"
2026-10-09 10:37:21,279 INFO [panda.agent] clip 14 reason: score=0.000 status=normal
2026-10-09 10:37:23,138 INFO [httpx2] HTTP Request: POST http://localhost:8000/v1/chat/completions "HTTP/1.1 200 OK"
2026-10-09 10:37:23,140 INFO [panda.agent] clip 15 reason: score=0.000 status=normal
2026-10-09 10:37:25,096 INFO [httpx2] HTTP Request: POST http://localhost:8000/v1/chat/completions "HTTP/1.1 200 OK"
2026-10-09 10:37:25,098 INFO [panda.agent] clip 16 reason: score=0.000 status=normal
2026-10-09 10:37:27,022 INFO [httpx2] HTTP Request: POST http://localhost:8000/v1/chat/completions "HTTP/1.1 200 OK"
2026-10-09 10:37:27,024 INFO [panda.agent] clip 17 reason: score=0.000 status=normal
2026-10-09 10:37:28,484 INFO [httpx2] HTTP Request: POST http://localhost:8000/v1/chat/completions "HTTP/1.1 200 OK"
2026-10-09 10:37:28,488 INFO [panda.agent] clip 18 reason: score=0.000 status=normal
2026-10-09 10:37:29,861 INFO [httpx2] HTTP Request: POST http://localhost:8000/v1/chat/completions "HTTP/1.1 200 OK"
2026-10-09 10:37:29,863 INFO [panda.agent] clip 19 reason: score=0.000 status=normal
2026-10-09 10:37:31,690 INFO [httpx2] HTTP Request: POST http://localhost:8000/v1/chat/completions "HTTP/1.1 200 OK"
2026-10-09 10:37:31,692 INFO [panda.agent] clip 20 reason: score=0.200 status=insufficient
2026-10-09 10:37:31,695 WARNING [panda.models] MLLM request failed (attempt 1): MLLM API key missing: set KIMI_API_KEY (and optionally KIMI_BASE_URL) in the environment.
2026-10-09 10:37:31,695 WARNING [panda.models] MLLM request failed (attempt 2): MLLM API key missing: set KIMI_API_KEY (and optionally KIMI_BASE_URL) in the environment.
2026-10-09 10:37:31,695 ERROR [panda.models] MLLM failed to produce parseable JSON after retries
2026-10-09 10:37:31,696 WARNING [panda.agent] reflection output not parseable; using empty reflection
2026-10-09 10:37:31,696 INFO [panda.agent] clip 20 reflection round 1: tools=[]
2026-10-09 10:37:31,697 INFO [panda.agent] clip 20: reflection suggested no tools
2026-10-09 10:37:33,617 INFO [httpx2] HTTP Request: POST http://localhost:8000/v1/chat/completions "HTTP/1.1 200 OK"
2026-10-09 10:37:33,619 INFO [panda.agent] clip 20 re-reason (round 1): score=0.200 status=insufficient
2026-10-09 10:37:33,620 WARNING [panda.models] MLLM request failed (attempt 1): MLLM API key missing: set KIMI_API_KEY (and optionally KIMI_BASE_URL) in the environment.
2026-10-09 10:37:33,620 WARNING [panda.models] MLLM request failed (attempt 2): MLLM API key missing: set KIMI_API_KEY (and optionally KIMI_BASE_URL) in the environment.
2026-10-09 10:37:33,620 ERROR [panda.models] MLLM failed to produce parseable JSON after retries
2026-10-09 10:37:33,620 WARNING [panda.agent] reflection output not parseable; using empty reflection
2026-10-09 10:37:33,621 INFO [panda.agent] clip 20 reflection round 2: tools=[]
2026-10-09 10:37:33,621 INFO [panda.agent] clip 20: reflection suggested no tools
2026-10-09 10:37:35,533 INFO [httpx2] HTTP Request: POST http://localhost:8000/v1/chat/completions "HTTP/1.1 200 OK"
2026-10-09 10:37:35,535 INFO [panda.agent] clip 20 re-reason (round 2): score=0.200 status=insufficient
2026-10-09 10:37:35,538 WARNING [panda.models] MLLM request failed (attempt 1): MLLM API key missing: set KIMI_API_KEY (and optionally KIMI_BASE_URL) in the environment.
2026-10-09 10:37:35,538 WARNING [panda.models] MLLM request failed (attempt 2): MLLM API key missing: set KIMI_API_KEY (and optionally KIMI_BASE_URL) in the environment.
2026-10-09 10:37:35,538 ERROR [panda.models] MLLM failed to produce parseable JSON after retries
2026-10-09 10:37:35,538 WARNING [panda.agent] reflection output not parseable; using empty reflection
2026-10-09 10:37:35,538 INFO [panda.agent] clip 20 reflection round 3: tools=[]
2026-10-09 10:37:35,540 INFO [panda.agent] clip 20: reflection suggested no tools
2026-10-09 10:37:37,469 INFO [httpx2] HTTP Request: POST http://localhost:8000/v1/chat/completions "HTTP/1.1 200 OK"
2026-10-09 10:37:37,472 INFO [panda.agent] clip 20 re-reason (round 3): score=0.200 status=insufficient
2026-10-09 10:37:37,474 INFO [panda.agent] clip 20: still insufficient after 3 rounds; fallback score 0.50
2026-10-09 10:37:39,027 INFO [httpx2] HTTP Request: POST http://localhost:8000/v1/chat/completions "HTTP/1.1 200 OK"
2026-10-09 10:37:39,028 INFO [panda.agent] clip 21 reason: score=0.000 status=normal
2026-10-09 10:37:40,644 INFO [httpx2] HTTP Request: POST http://localhost:8000/v1/chat/completions "HTTP/1.1 200 OK"
2026-10-09 10:37:40,645 INFO [panda.agent] clip 22 reason: score=0.000 status=normal
2026-10-09 10:37:42,539 INFO [httpx2] HTTP Request: POST http://localhost:8000/v1/chat/completions "HTTP/1.1 200 OK"
2026-10-09 10:37:42,540 INFO [panda.agent] clip 23 reason: score=0.000 status=normal
2026-10-09 10:37:44,586 INFO [httpx2] HTTP Request: POST http://localhost:8000/v1/chat/completions "HTTP/1.1 200 OK"
2026-10-09 10:37:44,588 INFO [panda.agent] clip 24 reason: score=0.000 status=normal
2026-10-09 10:37:46,344 INFO [httpx2] HTTP Request: POST http://localhost:8000/v1/chat/completions "HTTP/1.1 200 OK"
2026-10-09 10:37:46,346 INFO [panda.agent] clip 25 reason: score=0.000 status=normal
2026-10-09 10:37:48,447 INFO [httpx2] HTTP Request: POST http://localhost:8000/v1/chat/completions "HTTP/1.1 200 OK"
2026-10-09 10:37:48,449 INFO [panda.agent] clip 26 reason: score=0.000 status=normal
2026-10-09 10:37:50,201 INFO [httpx2] HTTP Request: POST http://localhost:8000/v1/chat/completions "HTTP/1.1 200 OK"
2026-10-09 10:37:50,204 INFO [panda.agent] clip 27 reason: score=0.000 status=normal
2026-10-09 10:37:51,534 INFO [httpx2] HTTP Request: POST http://localhost:8000/v1/chat/completions "HTTP/1.1 200 OK"
2026-10-09 10:37:51,535 INFO [panda.agent] clip 28 reason: score=0.000 status=normal
2026-10-09 10:37:53,043 INFO [httpx2] HTTP Request: POST http://localhost:8000/v1/chat/completions "HTTP/1.1 200 OK"
2026-10-09 10:37:53,044 INFO [panda.agent] clip 29 reason: score=0.800 status=abnormal
2026-10-09 10:37:54,819 INFO [httpx2] HTTP Request: POST http://localhost:8000/v1/chat/completions "HTTP/1.1 200 OK"
2026-10-09 10:37:54,819 INFO [panda.agent] clip 30 reason: score=0.000 status=normal
2026-10-09 10:37:56,530 INFO [httpx2] HTTP Request: POST http://localhost:8000/v1/chat/completions "HTTP/1.1 200 OK"
2026-10-09 10:37:56,531 INFO [panda.agent] clip 31 reason: score=0.000 status=normal
2026-10-09 10:37:58,280 INFO [httpx2] HTTP Request: POST http://localhost:8000/v1/chat/completions "HTTP/1.1 200 OK"
2026-10-09 10:37:58,282 INFO [panda.agent] clip 32 reason: score=0.000 status=normal
2026-10-09 10:37:59,980 INFO [httpx2] HTTP Request: POST http://localhost:8000/v1/chat/completions "HTTP/1.1 200 OK"
2026-10-09 10:37:59,982 INFO [panda.agent] clip 33 reason: score=0.000 status=normal
2026-10-09 10:38:01,957 INFO [httpx2] HTTP Request: POST http://localhost:8000/v1/chat/completions "HTTP/1.1 200 OK"
2026-10-09 10:38:01,959 INFO [panda.agent] clip 34 reason: score=0.000 status=normal
2026-10-09 10:38:03,798 INFO [httpx2] HTTP Request: POST http://localhost:8000/v1/chat/completions "HTTP/1.1 200 OK"
2026-10-09 10:38:03,799 INFO [panda.agent] clip 35 reason: score=0.000 status=normal
2026-10-09 10:38:05,731 INFO [httpx2] HTTP Request: POST http://localhost:8000/v1/chat/completions "HTTP/1.1 200 OK"
2026-10-09 10:38:05,733 INFO [panda.agent] clip 36 reason: score=0.000 status=normal
2026-10-09 10:38:07,966 INFO [httpx2] HTTP Request: POST http://localhost:8000/v1/chat/completions "HTTP/1.1 200 OK"
2026-10-09 10:38:07,968 INFO [panda.agent] clip 37 reason: score=0.200 status=insufficient
2026-10-09 10:38:07,971 WARNING [panda.models] MLLM request failed (attempt 1): MLLM API key missing: set KIMI_API_KEY (and optionally KIMI_BASE_URL) in the environment.
2026-10-09 10:38:07,971 WARNING [panda.models] MLLM request failed (attempt 2): MLLM API key missing: set KIMI_API_KEY (and optionally KIMI_BASE_URL) in the environment.
2026-10-09 10:38:07,972 ERROR [panda.models] MLLM failed to produce parseable JSON after retries
2026-10-09 10:38:07,972 WARNING [panda.agent] reflection output not parseable; using empty reflection
2026-10-09 10:38:07,972 INFO [panda.agent] clip 37 reflection round 1: tools=[]
2026-10-09 10:38:07,974 INFO [panda.agent] clip 37: reflection suggested no tools
2026-10-09 10:38:10,011 INFO [httpx2] HTTP Request: POST http://localhost:8000/v1/chat/completions "HTTP/1.1 200 OK"
2026-10-09 10:38:10,013 INFO [panda.agent] clip 37 re-reason (round 1): score=0.200 status=insufficient
2026-10-09 10:38:10,014 WARNING [panda.models] MLLM request failed (attempt 1): MLLM API key missing: set KIMI_API_KEY (and optionally KIMI_BASE_URL) in the environment.
2026-10-09 10:38:10,014 WARNING [panda.models] MLLM request failed (attempt 2): MLLM API key missing: set KIMI_API_KEY (and optionally KIMI_BASE_URL) in the environment.
2026-10-09 10:38:10,014 ERROR [panda.models] MLLM failed to produce parseable JSON after retries
2026-10-09 10:38:10,014 WARNING [panda.agent] reflection output not parseable; using empty reflection
2026-10-09 10:38:10,014 INFO [panda.agent] clip 37 reflection round 2: tools=[]
2026-10-09 10:38:10,015 INFO [panda.agent] clip 37: reflection suggested no tools
2026-10-09 10:38:12,042 INFO [httpx2] HTTP Request: POST http://localhost:8000/v1/chat/completions "HTTP/1.1 200 OK"
2026-10-09 10:38:12,043 INFO [panda.agent] clip 37 re-reason (round 2): score=0.200 status=insufficient
2026-10-09 10:38:12,044 WARNING [panda.models] MLLM request failed (attempt 1): MLLM API key missing: set KIMI_API_KEY (and optionally KIMI_BASE_URL) in the environment.
2026-10-09 10:38:12,045 WARNING [panda.models] MLLM request failed (attempt 2): MLLM API key missing: set KIMI_API_KEY (and optionally KIMI_BASE_URL) in the environment.
2026-10-09 10:38:12,045 ERROR [panda.models] MLLM failed to produce parseable JSON after retries
2026-10-09 10:38:12,045 WARNING [panda.agent] reflection output not parseable; using empty reflection
2026-10-09 10:38:12,045 INFO [panda.agent] clip 37 reflection round 3: tools=[]
2026-10-09 10:38:12,045 INFO [panda.agent] clip 37: reflection suggested no tools
2026-10-09 10:38:14,089 INFO [httpx2] HTTP Request: POST http://localhost:8000/v1/chat/completions "HTTP/1.1 200 OK"
2026-10-09 10:38:14,091 INFO [panda.agent] clip 37 re-reason (round 3): score=0.200 status=insufficient
2026-10-09 10:38:14,094 INFO [panda.agent] clip 37: still insufficient after 3 rounds; fallback score 0.50
2026-10-09 10:38:15,945 INFO [httpx2] HTTP Request: POST http://localhost:8000/v1/chat/completions "HTTP/1.1 200 OK"
2026-10-09 10:38:15,947 INFO [panda.agent] clip 38 reason: score=0.000 status=normal
2026-10-09 10:38:17,733 INFO [httpx2] HTTP Request: POST http://localhost:8000/v1/chat/completions "HTTP/1.1 200 OK"
2026-10-09 10:38:17,734 INFO [panda.agent] clip 39 reason: score=0.000 status=normal
2026-10-09 10:38:19,883 INFO [httpx2] HTTP Request: POST http://localhost:8000/v1/chat/completions "HTTP/1.1 200 OK"
2026-10-09 10:38:19,885 INFO [panda.agent] clip 40 reason: score=0.000 status=normal
2026-10-09 10:38:21,944 INFO [httpx2] HTTP Request: POST http://localhost:8000/v1/chat/completions "HTTP/1.1 200 OK"
2026-10-09 10:38:21,945 INFO [panda.agent] clip 41 reason: score=0.000 status=normal
2026-10-09 10:38:23,603 INFO [httpx2] HTTP Request: POST http://localhost:8000/v1/chat/completions "HTTP/1.1 200 OK"
2026-10-09 10:38:23,605 INFO [panda.agent] clip 42 reason: score=0.000 status=normal
2026-10-09 10:38:25,432 INFO [httpx2] HTTP Request: POST http://localhost:8000/v1/chat/completions "HTTP/1.1 200 OK"
2026-10-09 10:38:25,433 INFO [panda.agent] clip 43 reason: score=0.000 status=normal
2026-10-09 10:38:26,901 INFO [httpx2] HTTP Request: POST http://localhost:8000/v1/chat/completions "HTTP/1.1 200 OK"
2026-10-09 10:38:26,903 INFO [panda.agent] clip 44 reason: score=0.000 status=normal
2026-10-09 10:38:28,807 INFO [httpx2] HTTP Request: POST http://localhost:8000/v1/chat/completions "HTTP/1.1 200 OK"
2026-10-09 10:38:28,809 INFO [panda.agent] clip 45 reason: score=0.000 status=normal
2026-10-09 10:38:31,000 INFO [httpx2] HTTP Request: POST http://localhost:8000/v1/chat/completions "HTTP/1.1 200 OK"
2026-10-09 10:38:31,003 INFO [panda.agent] clip 46 reason: score=0.000 status=normal
2026-10-09 10:38:33,216 INFO [httpx2] HTTP Request: POST http://localhost:8000/v1/chat/completions "HTTP/1.1 200 OK"
2026-10-09 10:38:33,218 INFO [panda.agent] clip 47 reason: score=0.000 status=normal
2026-10-09 10:38:34,883 INFO [httpx2] HTTP Request: POST http://localhost:8000/v1/chat/completions "HTTP/1.1 200 OK"
2026-10-09 10:38:34,886 INFO [panda.agent] clip 48 reason: score=0.000 status=normal
2026-10-09 10:38:36,815 INFO [httpx2] HTTP Request: POST http://localhost:8000/v1/chat/completions "HTTP/1.1 200 OK"
2026-10-09 10:38:36,818 INFO [panda.agent] clip 49 reason: score=0.000 status=normal
2026-10-09 10:38:38,893 INFO [httpx2] HTTP Request: POST http://localhost:8000/v1/chat/completions "HTTP/1.1 200 OK"
2026-10-09 10:38:38,895 INFO [panda.agent] clip 50 reason: score=0.000 status=normal
2026-10-09 10:38:41,024 INFO [httpx2] HTTP Request: POST http://localhost:8000/v1/chat/completions "HTTP/1.1 200 OK"
2026-10-09 10:38:41,026 INFO [panda.agent] clip 51 reason: score=0.000 status=normal
2026-10-09 10:38:42,933 INFO [httpx2] HTTP Request: POST http://localhost:8000/v1/chat/completions "HTTP/1.1 200 OK"
2026-10-09 10:38:42,935 INFO [panda.agent] clip 52 reason: score=0.000 status=normal
2026-10-09 10:38:45,234 INFO [httpx2] HTTP Request: POST http://localhost:8000/v1/chat/completions "HTTP/1.1 200 OK"
2026-10-09 10:38:45,236 INFO [panda.agent] clip 53 reason: score=0.000 status=normal
2026-10-09 10:38:47,310 INFO [httpx2] HTTP Request: POST http://localhost:8000/v1/chat/completions "HTTP/1.1 200 OK"
2026-10-09 10:38:47,313 INFO [panda.agent] clip 54 reason: score=0.000 status=normal
2026-10-09 10:38:49,289 INFO [httpx2] HTTP Request: POST http://localhost:8000/v1/chat/completions "HTTP/1.1 200 OK"
2026-10-09 10:38:49,292 INFO [panda.agent] clip 55 reason: score=0.000 status=normal
2026-10-09 10:38:51,663 INFO [httpx2] HTTP Request: POST http://localhost:8000/v1/chat/completions "HTTP/1.1 200 OK"
2026-10-09 10:38:51,665 INFO [panda.agent] clip 56 reason: score=0.000 status=normal
2026-10-09 10:38:54,270 INFO [httpx2] HTTP Request: POST http://localhost:8000/v1/chat/completions "HTTP/1.1 200 OK"
2026-10-09 10:38:54,273 INFO [panda.agent] clip 57 reason: score=0.000 status=normal
2026-10-09 10:38:56,299 INFO [httpx2] HTTP Request: POST http://localhost:8000/v1/chat/completions "HTTP/1.1 200 OK"
2026-10-09 10:38:56,302 INFO [panda.agent] clip 58 reason: score=0.000 status=normal
2026-10-09 10:38:58,217 INFO [httpx2] HTTP Request: POST http://localhost:8000/v1/chat/completions "HTTP/1.1 200 OK"
2026-10-09 10:38:58,218 INFO [panda.agent] clip 59 reason: score=0.000 status=normal
2026-10-09 10:39:00,400 INFO [httpx2] HTTP Request: POST http://localhost:8000/v1/chat/completions "HTTP/1.1 200 OK"
2026-10-09 10:39:00,403 INFO [panda.agent] clip 60 reason: score=0.200 status=insufficient
2026-10-09 10:39:00,406 WARNING [panda.models] MLLM request failed (attempt 1): MLLM API key missing: set KIMI_API_KEY (and optionally KIMI_BASE_URL) in the environment.
2026-10-09 10:39:00,406 WARNING [panda.models] MLLM request failed (attempt 2): MLLM API key missing: set KIMI_API_KEY (and optionally KIMI_BASE_URL) in the environment.
2026-10-09 10:39:00,406 ERROR [panda.models] MLLM failed to produce parseable JSON after retries
2026-10-09 10:39:00,406 WARNING [panda.agent] reflection output not parseable; using empty reflection
2026-10-09 10:39:00,406 INFO [panda.agent] clip 60 reflection round 1: tools=[]
2026-10-09 10:39:00,408 INFO [panda.agent] clip 60: reflection suggested no tools
2026-10-09 10:39:02,414 INFO [httpx2] HTTP Request: POST http://localhost:8000/v1/chat/completions "HTTP/1.1 200 OK"
2026-10-09 10:39:02,416 INFO [panda.agent] clip 60 re-reason (round 1): score=0.200 status=insufficient
2026-10-09 10:39:02,419 WARNING [panda.models] MLLM request failed (attempt 1): MLLM API key missing: set KIMI_API_KEY (and optionally KIMI_BASE_URL) in the environment.
2026-10-09 10:39:02,419 WARNING [panda.models] MLLM request failed (attempt 2): MLLM API key missing: set KIMI_API_KEY (and optionally KIMI_BASE_URL) in the environment.
2026-10-09 10:39:02,419 ERROR [panda.models] MLLM failed to produce parseable JSON after retries
2026-10-09 10:39:02,419 WARNING [panda.agent] reflection output not parseable; using empty reflection
2026-10-09 10:39:02,419 INFO [panda.agent] clip 60 reflection round 2: tools=[]
2026-10-09 10:39:02,421 INFO [panda.agent] clip 60: reflection suggested no tools
2026-10-09 10:39:04,431 INFO [httpx2] HTTP Request: POST http://localhost:8000/v1/chat/completions "HTTP/1.1 200 OK"
2026-10-09 10:39:04,432 INFO [panda.agent] clip 60 re-reason (round 2): score=0.200 status=insufficient
2026-10-09 10:39:04,432 WARNING [panda.models] MLLM request failed (attempt 1): MLLM API key missing: set KIMI_API_KEY (and optionally KIMI_BASE_URL) in the environment.
2026-10-09 10:39:04,433 WARNING [panda.models] MLLM request failed (attempt 2): MLLM API key missing: set KIMI_API_KEY (and optionally KIMI_BASE_URL) in the environment.
2026-10-09 10:39:04,433 ERROR [panda.models] MLLM failed to produce parseable JSON after retries
2026-10-09 10:39:04,433 WARNING [panda.agent] reflection output not parseable; using empty reflection
2026-10-09 10:39:04,433 INFO [panda.agent] clip 60 reflection round 3: tools=[]
2026-10-09 10:39:04,433 INFO [panda.agent] clip 60: reflection suggested no tools
2026-10-09 10:39:06,441 INFO [httpx2] HTTP Request: POST http://localhost:8000/v1/chat/completions "HTTP/1.1 200 OK"
2026-10-09 10:39:06,443 INFO [panda.agent] clip 60 re-reason (round 3): score=0.200 status=insufficient
2026-10-09 10:39:06,445 INFO [panda.agent] clip 60: still insufficient after 3 rounds; fallback score 0.50
2026-10-09 10:39:08,435 INFO [httpx2] HTTP Request: POST http://localhost:8000/v1/chat/completions "HTTP/1.1 200 OK"
2026-10-09 10:39:08,437 INFO [panda.agent] clip 61 reason: score=0.200 status=insufficient
2026-10-09 10:39:08,440 WARNING [panda.models] MLLM request failed (attempt 1): MLLM API key missing: set KIMI_API_KEY (and optionally KIMI_BASE_URL) in the environment.
2026-10-09 10:39:08,440 WARNING [panda.models] MLLM request failed (attempt 2): MLLM API key missing: set KIMI_API_KEY (and optionally KIMI_BASE_URL) in the environment.
2026-10-09 10:39:08,440 ERROR [panda.models] MLLM failed to produce parseable JSON after retries
2026-10-09 10:39:08,440 WARNING [panda.agent] reflection output not parseable; using empty reflection
2026-10-09 10:39:08,441 INFO [panda.agent] clip 61 reflection round 1: tools=[]
2026-10-09 10:39:08,442 INFO [panda.agent] clip 61: reflection suggested no tools
2026-10-09 10:39:10,412 INFO [httpx2] HTTP Request: POST http://localhost:8000/v1/chat/completions "HTTP/1.1 200 OK"
2026-10-09 10:39:10,415 INFO [panda.agent] clip 61 re-reason (round 1): score=0.200 status=insufficient
2026-10-09 10:39:10,417 WARNING [panda.models] MLLM request failed (attempt 1): MLLM API key missing: set KIMI_API_KEY (and optionally KIMI_BASE_URL) in the environment.
2026-10-09 10:39:10,418 WARNING [panda.models] MLLM request failed (attempt 2): MLLM API key missing: set KIMI_API_KEY (and optionally KIMI_BASE_URL) in the environment.
2026-10-09 10:39:10,418 ERROR [panda.models] MLLM failed to produce parseable JSON after retries
2026-10-09 10:39:10,418 WARNING [panda.agent] reflection output not parseable; using empty reflection
2026-10-09 10:39:10,418 INFO [panda.agent] clip 61 reflection round 2: tools=[]
2026-10-09 10:39:10,419 INFO [panda.agent] clip 61: reflection suggested no tools
2026-10-09 10:39:12,384 INFO [httpx2] HTTP Request: POST http://localhost:8000/v1/chat/completions "HTTP/1.1 200 OK"
2026-10-09 10:39:12,386 INFO [panda.agent] clip 61 re-reason (round 2): score=0.200 status=insufficient
2026-10-09 10:39:12,389 WARNING [panda.models] MLLM request failed (attempt 1): MLLM API key missing: set KIMI_API_KEY (and optionally KIMI_BASE_URL) in the environment.
2026-10-09 10:39:12,389 WARNING [panda.models] MLLM request failed (attempt 2): MLLM API key missing: set KIMI_API_KEY (and optionally KIMI_BASE_URL) in the environment.
2026-10-09 10:39:12,390 ERROR [panda.models] MLLM failed to produce parseable JSON after retries
2026-10-09 10:39:12,390 WARNING [panda.agent] reflection output not parseable; using empty reflection
2026-10-09 10:39:12,390 INFO [panda.agent] clip 61 reflection round 3: tools=[]
2026-10-09 10:39:12,392 INFO [panda.agent] clip 61: reflection suggested no tools
2026-10-09 10:39:14,359 INFO [httpx2] HTTP Request: POST http://localhost:8000/v1/chat/completions "HTTP/1.1 200 OK"
2026-10-09 10:39:14,361 INFO [panda.agent] clip 61 re-reason (round 3): score=0.200 status=insufficient
2026-10-09 10:39:14,364 INFO [panda.agent] clip 61: still insufficient after 3 rounds; fallback score 0.50
2026-10-09 10:39:16,283 INFO [httpx2] HTTP Request: POST http://localhost:8000/v1/chat/completions "HTTP/1.1 200 OK"
2026-10-09 10:39:16,286 INFO [panda.agent] clip 62 reason: score=0.000 status=normal
2026-10-09 10:39:17,777 INFO [httpx2] HTTP Request: POST http://localhost:8000/v1/chat/completions "HTTP/1.1 200 OK"
2026-10-09 10:39:17,780 INFO [panda.agent] clip 63 reason: score=0.800 status=abnormal
2026-10-09 10:39:20,067 INFO [httpx2] HTTP Request: POST http://localhost:8000/v1/chat/completions "HTTP/1.1 200 OK"
2026-10-09 10:39:20,069 INFO [panda.agent] clip 64 reason: score=0.000 status=normal
2026-10-09 10:39:22,383 INFO [httpx2] HTTP Request: POST http://localhost:8000/v1/chat/completions "HTTP/1.1 200 OK"
2026-10-09 10:39:22,386 INFO [panda.agent] clip 65 reason: score=0.200 status=insufficient
2026-10-09 10:39:22,389 WARNING [panda.models] MLLM request failed (attempt 1): MLLM API key missing: set KIMI_API_KEY (and optionally KIMI_BASE_URL) in the environment.
2026-10-09 10:39:22,389 WARNING [panda.models] MLLM request failed (attempt 2): MLLM API key missing: set KIMI_API_KEY (and optionally KIMI_BASE_URL) in the environment.
2026-10-09 10:39:22,389 ERROR [panda.models] MLLM failed to produce parseable JSON after retries
2026-10-09 10:39:22,389 WARNING [panda.agent] reflection output not parseable; using empty reflection
2026-10-09 10:39:22,389 INFO [panda.agent] clip 65 reflection round 1: tools=[]
2026-10-09 10:39:22,391 INFO [panda.agent] clip 65: reflection suggested no tools
2026-10-09 10:39:24,565 INFO [httpx2] HTTP Request: POST http://localhost:8000/v1/chat/completions "HTTP/1.1 200 OK"
2026-10-09 10:39:24,567 INFO [panda.agent] clip 65 re-reason (round 1): score=0.200 status=insufficient
2026-10-09 10:39:24,570 WARNING [panda.models] MLLM request failed (attempt 1): MLLM API key missing: set KIMI_API_KEY (and optionally KIMI_BASE_URL) in the environment.
2026-10-09 10:39:24,570 WARNING [panda.models] MLLM request failed (attempt 2): MLLM API key missing: set KIMI_API_KEY (and optionally KIMI_BASE_URL) in the environment.
2026-10-09 10:39:24,571 ERROR [panda.models] MLLM failed to produce parseable JSON after retries
2026-10-09 10:39:24,571 WARNING [panda.agent] reflection output not parseable; using empty reflection
2026-10-09 10:39:24,571 INFO [panda.agent] clip 65 reflection round 2: tools=[]
2026-10-09 10:39:24,572 INFO [panda.agent] clip 65: reflection suggested no tools
2026-10-09 10:39:26,754 INFO [httpx2] HTTP Request: POST http://localhost:8000/v1/chat/completions "HTTP/1.1 200 OK"
2026-10-09 10:39:26,756 INFO [panda.agent] clip 65 re-reason (round 2): score=0.200 status=insufficient
2026-10-09 10:39:26,759 WARNING [panda.models] MLLM request failed (attempt 1): MLLM API key missing: set KIMI_API_KEY (and optionally KIMI_BASE_URL) in the environment.
2026-10-09 10:39:26,759 WARNING [panda.models] MLLM request failed (attempt 2): MLLM API key missing: set KIMI_API_KEY (and optionally KIMI_BASE_URL) in the environment.
2026-10-09 10:39:26,759 ERROR [panda.models] MLLM failed to produce parseable JSON after retries
2026-10-09 10:39:26,759 WARNING [panda.agent] reflection output not parseable; using empty reflection
2026-10-09 10:39:26,760 INFO [panda.agent] clip 65 reflection round 3: tools=[]
2026-10-09 10:39:26,761 INFO [panda.agent] clip 65: reflection suggested no tools
2026-10-09 10:39:28,940 INFO [httpx2] HTTP Request: POST http://localhost:8000/v1/chat/completions "HTTP/1.1 200 OK"
2026-10-09 10:39:28,942 INFO [panda.agent] clip 65 re-reason (round 3): score=0.200 status=insufficient
2026-10-09 10:39:28,944 INFO [panda.agent] clip 65: still insufficient after 3 rounds; fallback score 0.50
2026-10-09 10:39:30,946 INFO [httpx2] HTTP Request: POST http://localhost:8000/v1/chat/completions "HTTP/1.1 200 OK"
2026-10-09 10:39:30,948 INFO [panda.agent] clip 66 reason: score=0.000 status=normal
2026-10-09 10:39:32,818 INFO [httpx2] HTTP Request: POST http://localhost:8000/v1/chat/completions "HTTP/1.1 200 OK"
2026-10-09 10:39:32,818 INFO [panda.agent] clip 67 reason: score=0.000 status=normal
2026-10-09 10:39:34,675 INFO [httpx2] HTTP Request: POST http://localhost:8000/v1/chat/completions "HTTP/1.1 200 OK"
2026-10-09 10:39:34,677 INFO [panda.agent] clip 68 reason: score=0.000 status=normal
2026-10-09 10:39:36,670 INFO [httpx2] HTTP Request: POST http://localhost:8000/v1/chat/completions "HTTP/1.1 200 OK"
2026-10-09 10:39:36,672 INFO [panda.agent] clip 69 reason: score=0.000 status=normal
2026-10-09 10:39:38,707 INFO [httpx2] HTTP Request: POST http://localhost:8000/v1/chat/completions "HTTP/1.1 200 OK"
2026-10-09 10:39:38,708 INFO [panda.agent] clip 70 reason: score=0.000 status=normal
2026-10-09 10:39:40,665 INFO [httpx2] HTTP Request: POST http://localhost:8000/v1/chat/completions "HTTP/1.1 200 OK"
2026-10-09 10:39:40,667 INFO [panda.agent] clip 71 reason: score=0.200 status=insufficient
2026-10-09 10:39:40,670 WARNING [panda.models] MLLM request failed (attempt 1): MLLM API key missing: set KIMI_API_KEY (and optionally KIMI_BASE_URL) in the environment.
2026-10-09 10:39:40,670 WARNING [panda.models] MLLM request failed (attempt 2): MLLM API key missing: set KIMI_API_KEY (and optionally KIMI_BASE_URL) in the environment.
2026-10-09 10:39:40,670 ERROR [panda.models] MLLM failed to produce parseable JSON after retries
2026-10-09 10:39:40,670 WARNING [panda.agent] reflection output not parseable; using empty reflection
2026-10-09 10:39:40,670 INFO [panda.agent] clip 71 reflection round 1: tools=[]
2026-10-09 10:39:40,672 INFO [panda.agent] clip 71: reflection suggested no tools
2026-10-09 10:39:42,485 INFO [httpx2] HTTP Request: POST http://localhost:8000/v1/chat/completions "HTTP/1.1 200 OK"
2026-10-09 10:39:42,487 INFO [panda.agent] clip 71 re-reason (round 1): score=0.200 status=insufficient
2026-10-09 10:39:42,490 WARNING [panda.models] MLLM request failed (attempt 1): MLLM API key missing: set KIMI_API_KEY (and optionally KIMI_BASE_URL) in the environment.
2026-10-09 10:39:42,491 WARNING [panda.models] MLLM request failed (attempt 2): MLLM API key missing: set KIMI_API_KEY (and optionally KIMI_BASE_URL) in the environment.
2026-10-09 10:39:42,491 ERROR [panda.models] MLLM failed to produce parseable JSON after retries
2026-10-09 10:39:42,491 WARNING [panda.agent] reflection output not parseable; using empty reflection
2026-10-09 10:39:42,491 INFO [panda.agent] clip 71 reflection round 2: tools=[]
2026-10-09 10:39:42,492 INFO [panda.agent] clip 71: reflection suggested no tools
2026-10-09 10:39:44,305 INFO [httpx2] HTTP Request: POST http://localhost:8000/v1/chat/completions "HTTP/1.1 200 OK"
2026-10-09 10:39:44,307 INFO [panda.agent] clip 71 re-reason (round 2): score=0.200 status=insufficient
2026-10-09 10:39:44,310 WARNING [panda.models] MLLM request failed (attempt 1): MLLM API key missing: set KIMI_API_KEY (and optionally KIMI_BASE_URL) in the environment.
2026-10-09 10:39:44,310 WARNING [panda.models] MLLM request failed (attempt 2): MLLM API key missing: set KIMI_API_KEY (and optionally KIMI_BASE_URL) in the environment.
2026-10-09 10:39:44,311 ERROR [panda.models] MLLM failed to produce parseable JSON after retries
2026-10-09 10:39:44,311 WARNING [panda.agent] reflection output not parseable; using empty reflection
2026-10-09 10:39:44,311 INFO [panda.agent] clip 71 reflection round 3: tools=[]
2026-10-09 10:39:44,312 INFO [panda.agent] clip 71: reflection suggested no tools
2026-10-09 10:39:46,125 INFO [httpx2] HTTP Request: POST http://localhost:8000/v1/chat/completions "HTTP/1.1 200 OK"
2026-10-09 10:39:46,127 INFO [panda.agent] clip 71 re-reason (round 3): score=0.200 status=insufficient
2026-10-09 10:39:46,129 INFO [panda.agent] clip 71: still insufficient after 3 rounds; fallback score 0.50
2026-10-09 10:39:48,146 INFO [httpx2] HTTP Request: POST http://localhost:8000/v1/chat/completions "HTTP/1.1 200 OK"
2026-10-09 10:39:48,148 INFO [panda.agent] clip 72 reason: score=0.000 status=normal
2026-10-09 10:39:49,979 INFO [httpx2] HTTP Request: POST http://localhost:8000/v1/chat/completions "HTTP/1.1 200 OK"
2026-10-09 10:39:49,981 INFO [panda.agent] clip 73 reason: score=0.000 status=normal
2026-10-09 10:39:51,956 INFO [httpx2] HTTP Request: POST http://localhost:8000/v1/chat/completions "HTTP/1.1 200 OK"
2026-10-09 10:39:51,958 INFO [panda.agent] clip 74 reason: score=0.000 status=normal
2026-10-09 10:39:53,601 INFO [httpx2] HTTP Request: POST http://localhost:8000/v1/chat/completions "HTTP/1.1 200 OK"
2026-10-09 10:39:53,603 INFO [panda.agent] clip 75 reason: score=0.800 status=abnormal
2026-10-09 10:39:56,274 INFO [httpx2] HTTP Request: POST http://localhost:8000/v1/chat/completions "HTTP/1.1 200 OK"
2026-10-09 10:39:56,277 INFO [panda.agent] clip 76 reason: score=0.300 status=insufficient
2026-10-09 10:39:56,279 WARNING [panda.models] MLLM request failed (attempt 1): MLLM API key missing: set KIMI_API_KEY (and optionally KIMI_BASE_URL) in the environment.
2026-10-09 10:39:56,280 WARNING [panda.models] MLLM request failed (attempt 2): MLLM API key missing: set KIMI_API_KEY (and optionally KIMI_BASE_URL) in the environment.
2026-10-09 10:39:56,280 ERROR [panda.models] MLLM failed to produce parseable JSON after retries
2026-10-09 10:39:56,280 WARNING [panda.agent] reflection output not parseable; using empty reflection
2026-10-09 10:39:56,280 INFO [panda.agent] clip 76 reflection round 1: tools=[]
2026-10-09 10:39:56,282 INFO [panda.agent] clip 76: reflection suggested no tools
2026-10-09 10:39:58,765 INFO [httpx2] HTTP Request: POST http://localhost:8000/v1/chat/completions "HTTP/1.1 200 OK"
2026-10-09 10:39:58,767 INFO [panda.agent] clip 76 re-reason (round 1): score=0.300 status=insufficient
2026-10-09 10:39:58,770 WARNING [panda.models] MLLM request failed (attempt 1): MLLM API key missing: set KIMI_API_KEY (and optionally KIMI_BASE_URL) in the environment.
2026-10-09 10:39:58,770 WARNING [panda.models] MLLM request failed (attempt 2): MLLM API key missing: set KIMI_API_KEY (and optionally KIMI_BASE_URL) in the environment.
2026-10-09 10:39:58,770 ERROR [panda.models] MLLM failed to produce parseable JSON after retries
2026-10-09 10:39:58,770 WARNING [panda.agent] reflection output not parseable; using empty reflection
2026-10-09 10:39:58,770 INFO [panda.agent] clip 76 reflection round 2: tools=[]
2026-10-09 10:39:58,772 INFO [panda.agent] clip 76: reflection suggested no tools
2026-10-09 10:40:01,253 INFO [httpx2] HTTP Request: POST http://localhost:8000/v1/chat/completions "HTTP/1.1 200 OK"
2026-10-09 10:40:01,255 INFO [panda.agent] clip 76 re-reason (round 2): score=0.300 status=insufficient
2026-10-09 10:40:01,257 WARNING [panda.models] MLLM request failed (attempt 1): MLLM API key missing: set KIMI_API_KEY (and optionally KIMI_BASE_URL) in the environment.
2026-10-09 10:40:01,257 WARNING [panda.models] MLLM request failed (attempt 2): MLLM API key missing: set KIMI_API_KEY (and optionally KIMI_BASE_URL) in the environment.
2026-10-09 10:40:01,257 ERROR [panda.models] MLLM failed to produce parseable JSON after retries
2026-10-09 10:40:01,257 WARNING [panda.agent] reflection output not parseable; using empty reflection
2026-10-09 10:40:01,257 INFO [panda.agent] clip 76 reflection round 3: tools=[]
2026-10-09 10:40:01,258 INFO [panda.agent] clip 76: reflection suggested no tools
2026-10-09 10:40:03,733 INFO [httpx2] HTTP Request: POST http://localhost:8000/v1/chat/completions "HTTP/1.1 200 OK"
2026-10-09 10:40:03,734 INFO [panda.agent] clip 76 re-reason (round 3): score=0.300 status=insufficient
2026-10-09 10:40:03,735 INFO [panda.agent] clip 76: still insufficient after 3 rounds; fallback score 0.50
2026-10-09 10:40:05,734 INFO [httpx2] HTTP Request: POST http://localhost:8000/v1/chat/completions "HTTP/1.1 200 OK"
2026-10-09 10:40:05,735 INFO [panda.agent] clip 77 reason: score=0.200 status=insufficient
2026-10-09 10:40:05,736 WARNING [panda.models] MLLM request failed (attempt 1): MLLM API key missing: set KIMI_API_KEY (and optionally KIMI_BASE_URL) in the environment.
2026-10-09 10:40:05,736 WARNING [panda.models] MLLM request failed (attempt 2): MLLM API key missing: set KIMI_API_KEY (and optionally KIMI_BASE_URL) in the environment.
2026-10-09 10:40:05,737 ERROR [panda.models] MLLM failed to produce parseable JSON after retries
2026-10-09 10:40:05,737 WARNING [panda.agent] reflection output not parseable; using empty reflection
2026-10-09 10:40:05,737 INFO [panda.agent] clip 77 reflection round 1: tools=[]
2026-10-09 10:40:05,737 INFO [panda.agent] clip 77: reflection suggested no tools
2026-10-09 10:40:07,593 INFO [httpx2] HTTP Request: POST http://localhost:8000/v1/chat/completions "HTTP/1.1 200 OK"
2026-10-09 10:40:07,594 INFO [panda.agent] clip 77 re-reason (round 1): score=0.200 status=insufficient
2026-10-09 10:40:07,595 WARNING [panda.models] MLLM request failed (attempt 1): MLLM API key missing: set KIMI_API_KEY (and optionally KIMI_BASE_URL) in the environment.
2026-10-09 10:40:07,595 WARNING [panda.models] MLLM request failed (attempt 2): MLLM API key missing: set KIMI_API_KEY (and optionally KIMI_BASE_URL) in the environment.
2026-10-09 10:40:07,595 ERROR [panda.models] MLLM failed to produce parseable JSON after retries
2026-10-09 10:40:07,595 WARNING [panda.agent] reflection output not parseable; using empty reflection
2026-10-09 10:40:07,596 INFO [panda.agent] clip 77 reflection round 2: tools=[]
2026-10-09 10:40:07,596 INFO [panda.agent] clip 77: reflection suggested no tools
2026-10-09 10:40:09,450 INFO [httpx2] HTTP Request: POST http://localhost:8000/v1/chat/completions "HTTP/1.1 200 OK"
2026-10-09 10:40:09,451 INFO [panda.agent] clip 77 re-reason (round 2): score=0.200 status=insufficient
2026-10-09 10:40:09,452 WARNING [panda.models] MLLM request failed (attempt 1): MLLM API key missing: set KIMI_API_KEY (and optionally KIMI_BASE_URL) in the environment.
2026-10-09 10:40:09,453 WARNING [panda.models] MLLM request failed (attempt 2): MLLM API key missing: set KIMI_API_KEY (and optionally KIMI_BASE_URL) in the environment.
2026-10-09 10:40:09,453 ERROR [panda.models] MLLM failed to produce parseable JSON after retries
2026-10-09 10:40:09,453 WARNING [panda.agent] reflection output not parseable; using empty reflection
2026-10-09 10:40:09,453 INFO [panda.agent] clip 77 reflection round 3: tools=[]
2026-10-09 10:40:09,453 INFO [panda.agent] clip 77: reflection suggested no tools
2026-10-09 10:40:11,322 INFO [httpx2] HTTP Request: POST http://localhost:8000/v1/chat/completions "HTTP/1.1 200 OK"
2026-10-09 10:40:11,323 INFO [panda.agent] clip 77 re-reason (round 3): score=0.200 status=insufficient
2026-10-09 10:40:11,324 INFO [panda.agent] clip 77: still insufficient after 3 rounds; fallback score 0.50
2026-10-09 10:40:13,259 INFO [httpx2] HTTP Request: POST http://localhost:8000/v1/chat/completions "HTTP/1.1 200 OK"
2026-10-09 10:40:13,261 INFO [panda.agent] clip 78 reason: score=0.000 status=normal
2026-10-09 10:40:15,206 INFO [httpx2] HTTP Request: POST http://localhost:8000/v1/chat/completions "HTTP/1.1 200 OK"
2026-10-09 10:40:15,209 INFO [panda.agent] clip 79 reason: score=0.000 status=normal
2026-10-09 10:40:17,094 INFO [httpx2] HTTP Request: POST http://localhost:8000/v1/chat/completions "HTTP/1.1 200 OK"
2026-10-09 10:40:17,097 INFO [panda.agent] clip 80 reason: score=0.000 status=normal
2026-10-09 10:40:18,921 INFO [httpx2] HTTP Request: POST http://localhost:8000/v1/chat/completions "HTTP/1.1 200 OK"
2026-10-09 10:40:18,922 INFO [panda.agent] clip 81 reason: score=0.000 status=normal
2026-10-09 10:40:21,071 INFO [httpx2] HTTP Request: POST http://localhost:8000/v1/chat/completions "HTTP/1.1 200 OK"
2026-10-09 10:40:21,073 INFO [panda.agent] clip 82 reason: score=0.200 status=insufficient
2026-10-09 10:40:21,075 WARNING [panda.models] MLLM request failed (attempt 1): MLLM API key missing: set KIMI_API_KEY (and optionally KIMI_BASE_URL) in the environment.
2026-10-09 10:40:21,075 WARNING [panda.models] MLLM request failed (attempt 2): MLLM API key missing: set KIMI_API_KEY (and optionally KIMI_BASE_URL) in the environment.
2026-10-09 10:40:21,075 ERROR [panda.models] MLLM failed to produce parseable JSON after retries
2026-10-09 10:40:21,076 WARNING [panda.agent] reflection output not parseable; using empty reflection
2026-10-09 10:40:21,076 INFO [panda.agent] clip 82 reflection round 1: tools=[]
2026-10-09 10:40:21,077 INFO [panda.agent] clip 82: reflection suggested no tools
2026-10-09 10:40:23,077 INFO [httpx2] HTTP Request: POST http://localhost:8000/v1/chat/completions "HTTP/1.1 200 OK"
2026-10-09 10:40:23,079 INFO [panda.agent] clip 82 re-reason (round 1): score=0.200 status=insufficient
2026-10-09 10:40:23,081 WARNING [panda.models] MLLM request failed (attempt 1): MLLM API key missing: set KIMI_API_KEY (and optionally KIMI_BASE_URL) in the environment.
2026-10-09 10:40:23,082 WARNING [panda.models] MLLM request failed (attempt 2): MLLM API key missing: set KIMI_API_KEY (and optionally KIMI_BASE_URL) in the environment.
2026-10-09 10:40:23,082 ERROR [panda.models] MLLM failed to produce parseable JSON after retries
2026-10-09 10:40:23,082 WARNING [panda.agent] reflection output not parseable; using empty reflection
2026-10-09 10:40:23,082 INFO [panda.agent] clip 82 reflection round 2: tools=[]
2026-10-09 10:40:23,083 INFO [panda.agent] clip 82: reflection suggested no tools
2026-10-09 10:40:25,085 INFO [httpx2] HTTP Request: POST http://localhost:8000/v1/chat/completions "HTTP/1.1 200 OK"
2026-10-09 10:40:25,087 INFO [panda.agent] clip 82 re-reason (round 2): score=0.200 status=insufficient
2026-10-09 10:40:25,088 WARNING [panda.models] MLLM request failed (attempt 1): MLLM API key missing: set KIMI_API_KEY (and optionally KIMI_BASE_URL) in the environment.
2026-10-09 10:40:25,088 WARNING [panda.models] MLLM request failed (attempt 2): MLLM API key missing: set KIMI_API_KEY (and optionally KIMI_BASE_URL) in the environment.
2026-10-09 10:40:25,088 ERROR [panda.models] MLLM failed to produce parseable JSON after retries
2026-10-09 10:40:25,088 WARNING [panda.agent] reflection output not parseable; using empty reflection
2026-10-09 10:40:25,088 INFO [panda.agent] clip 82 reflection round 3: tools=[]
2026-10-09 10:40:25,089 INFO [panda.agent] clip 82: reflection suggested no tools
2026-10-09 10:40:27,081 INFO [httpx2] HTTP Request: POST http://localhost:8000/v1/chat/completions "HTTP/1.1 200 OK"
2026-10-09 10:40:27,082 INFO [panda.agent] clip 82 re-reason (round 3): score=0.200 status=insufficient
2026-10-09 10:40:27,084 INFO [panda.agent] clip 82: still insufficient after 3 rounds; fallback score 0.50
2026-10-09 10:40:28,898 INFO [httpx2] HTTP Request: POST http://localhost:8000/v1/chat/completions "HTTP/1.1 200 OK"
2026-10-09 10:40:28,899 INFO [panda.agent] clip 83 reason: score=0.200 status=insufficient
2026-10-09 10:40:28,900 WARNING [panda.models] MLLM request failed (attempt 1): MLLM API key missing: set KIMI_API_KEY (and optionally KIMI_BASE_URL) in the environment.
2026-10-09 10:40:28,901 WARNING [panda.models] MLLM request failed (attempt 2): MLLM API key missing: set KIMI_API_KEY (and optionally KIMI_BASE_URL) in the environment.
2026-10-09 10:40:28,901 ERROR [panda.models] MLLM failed to produce parseable JSON after retries
2026-10-09 10:40:28,901 WARNING [panda.agent] reflection output not parseable; using empty reflection
2026-10-09 10:40:28,901 INFO [panda.agent] clip 83 reflection round 1: tools=[]
2026-10-09 10:40:28,901 INFO [panda.agent] clip 83: reflection suggested no tools
2026-10-09 10:40:31,480 INFO [httpx2] HTTP Request: POST http://localhost:8000/v1/chat/completions "HTTP/1.1 200 OK"
2026-10-09 10:40:31,482 INFO [panda.agent] clip 83 re-reason (round 1): score=0.300 status=insufficient
2026-10-09 10:40:31,484 WARNING [panda.models] MLLM request failed (attempt 1): MLLM API key missing: set KIMI_API_KEY (and optionally KIMI_BASE_URL) in the environment.
2026-10-09 10:40:31,484 WARNING [panda.models] MLLM request failed (attempt 2): MLLM API key missing: set KIMI_API_KEY (and optionally KIMI_BASE_URL) in the environment.
2026-10-09 10:40:31,484 ERROR [panda.models] MLLM failed to produce parseable JSON after retries
2026-10-09 10:40:31,484 WARNING [panda.agent] reflection output not parseable; using empty reflection
2026-10-09 10:40:31,484 INFO [panda.agent] clip 83 reflection round 2: tools=[]
2026-10-09 10:40:31,485 INFO [panda.agent] clip 83: reflection suggested no tools
2026-10-09 10:40:34,074 INFO [httpx2] HTTP Request: POST http://localhost:8000/v1/chat/completions "HTTP/1.1 200 OK"
2026-10-09 10:40:34,076 INFO [panda.agent] clip 83 re-reason (round 2): score=0.300 status=insufficient
2026-10-09 10:40:34,079 WARNING [panda.models] MLLM request failed (attempt 1): MLLM API key missing: set KIMI_API_KEY (and optionally KIMI_BASE_URL) in the environment.
2026-10-09 10:40:34,079 WARNING [panda.models] MLLM request failed (attempt 2): MLLM API key missing: set KIMI_API_KEY (and optionally KIMI_BASE_URL) in the environment.
2026-10-09 10:40:34,079 ERROR [panda.models] MLLM failed to produce parseable JSON after retries
2026-10-09 10:40:34,079 WARNING [panda.agent] reflection output not parseable; using empty reflection
2026-10-09 10:40:34,079 INFO [panda.agent] clip 83 reflection round 3: tools=[]
2026-10-09 10:40:34,081 INFO [panda.agent] clip 83: reflection suggested no tools
2026-10-09 10:40:36,679 INFO [httpx2] HTTP Request: POST http://localhost:8000/v1/chat/completions "HTTP/1.1 200 OK"
2026-10-09 10:40:36,682 INFO [panda.agent] clip 83 re-reason (round 3): score=0.300 status=insufficient
2026-10-09 10:40:36,684 INFO [panda.agent] clip 83: still insufficient after 3 rounds; fallback score 0.50
2026-10-09 10:40:38,290 INFO [httpx2] HTTP Request: POST http://localhost:8000/v1/chat/completions "HTTP/1.1 200 OK"
2026-10-09 10:40:38,292 INFO [panda.agent] clip 84 reason: score=0.700 status=abnormal
2026-10-09 10:40:40,005 INFO [httpx2] HTTP Request: POST http://localhost:8000/v1/chat/completions "HTTP/1.1 200 OK"
2026-10-09 10:40:40,007 INFO [panda.agent] clip 85 reason: score=0.700 status=abnormal
2026-10-09 10:40:41,838 INFO [httpx2] HTTP Request: POST http://localhost:8000/v1/chat/completions "HTTP/1.1 200 OK"
2026-10-09 10:40:41,840 INFO [panda.agent] clip 86 reason: score=0.200 status=insufficient
2026-10-09 10:40:41,843 WARNING [panda.models] MLLM request failed (attempt 1): MLLM API key missing: set KIMI_API_KEY (and optionally KIMI_BASE_URL) in the environment.
2026-10-09 10:40:41,843 WARNING [panda.models] MLLM request failed (attempt 2): MLLM API key missing: set KIMI_API_KEY (and optionally KIMI_BASE_URL) in the environment.
2026-10-09 10:40:41,843 ERROR [panda.models] MLLM failed to produce parseable JSON after retries
2026-10-09 10:40:41,843 WARNING [panda.agent] reflection output not parseable; using empty reflection
2026-10-09 10:40:41,844 INFO [panda.agent] clip 86 reflection round 1: tools=[]
2026-10-09 10:40:41,845 INFO [panda.agent] clip 86: reflection suggested no tools
2026-10-09 10:40:43,833 INFO [httpx2] HTTP Request: POST http://localhost:8000/v1/chat/completions "HTTP/1.1 200 OK"
2026-10-09 10:40:43,835 INFO [panda.agent] clip 86 re-reason (round 1): score=0.200 status=insufficient
2026-10-09 10:40:43,837 WARNING [panda.models] MLLM request failed (attempt 1): MLLM API key missing: set KIMI_API_KEY (and optionally KIMI_BASE_URL) in the environment.
2026-10-09 10:40:43,838 WARNING [panda.models] MLLM request failed (attempt 2): MLLM API key missing: set KIMI_API_KEY (and optionally KIMI_BASE_URL) in the environment.
2026-10-09 10:40:43,838 ERROR [panda.models] MLLM failed to produce parseable JSON after retries
2026-10-09 10:40:43,838 WARNING [panda.agent] reflection output not parseable; using empty reflection
2026-10-09 10:40:43,838 INFO [panda.agent] clip 86 reflection round 2: tools=[]
2026-10-09 10:40:43,839 INFO [panda.agent] clip 86: reflection suggested no tools
2026-10-09 10:40:45,824 INFO [httpx2] HTTP Request: POST http://localhost:8000/v1/chat/completions "HTTP/1.1 200 OK"
2026-10-09 10:40:45,826 INFO [panda.agent] clip 86 re-reason (round 2): score=0.200 status=insufficient
2026-10-09 10:40:45,828 WARNING [panda.models] MLLM request failed (attempt 1): MLLM API key missing: set KIMI_API_KEY (and optionally KIMI_BASE_URL) in the environment.
2026-10-09 10:40:45,828 WARNING [panda.models] MLLM request failed (attempt 2): MLLM API key missing: set KIMI_API_KEY (and optionally KIMI_BASE_URL) in the environment.
2026-10-09 10:40:45,828 ERROR [panda.models] MLLM failed to produce parseable JSON after retries
2026-10-09 10:40:45,828 WARNING [panda.agent] reflection output not parseable; using empty reflection
2026-10-09 10:40:45,828 INFO [panda.agent] clip 86 reflection round 3: tools=[]
2026-10-09 10:40:45,829 INFO [panda.agent] clip 86: reflection suggested no tools
2026-10-09 10:40:47,811 INFO [httpx2] HTTP Request: POST http://localhost:8000/v1/chat/completions "HTTP/1.1 200 OK"
2026-10-09 10:40:47,813 INFO [panda.agent] clip 86 re-reason (round 3): score=0.200 status=insufficient
2026-10-09 10:40:47,816 INFO [panda.agent] clip 86: still insufficient after 3 rounds; fallback score 0.50
2026-10-09 10:40:49,993 INFO [httpx2] HTTP Request: POST http://localhost:8000/v1/chat/completions "HTTP/1.1 200 OK"
2026-10-09 10:40:49,995 INFO [panda.agent] clip 87 reason: score=0.000 status=normal
2026-10-09 10:40:51,950 INFO [httpx2] HTTP Request: POST http://localhost:8000/v1/chat/completions "HTTP/1.1 200 OK"
2026-10-09 10:40:51,952 INFO [panda.agent] clip 88 reason: score=0.000 status=normal
2026-10-09 10:40:53,573 INFO [httpx2] HTTP Request: POST http://localhost:8000/v1/chat/completions "HTTP/1.1 200 OK"
2026-10-09 10:40:53,575 INFO [panda.agent] clip 89 reason: score=0.200 status=insufficient
2026-10-09 10:40:53,578 WARNING [panda.models] MLLM request failed (attempt 1): MLLM API key missing: set KIMI_API_KEY (and optionally KIMI_BASE_URL) in the environment.
2026-10-09 10:40:53,578 WARNING [panda.models] MLLM request failed (attempt 2): MLLM API key missing: set KIMI_API_KEY (and optionally KIMI_BASE_URL) in the environment.
2026-10-09 10:40:53,578 ERROR [panda.models] MLLM failed to produce parseable JSON after retries
2026-10-09 10:40:53,578 WARNING [panda.agent] reflection output not parseable; using empty reflection
2026-10-09 10:40:53,578 INFO [panda.agent] clip 89 reflection round 1: tools=[]
2026-10-09 10:40:53,580 INFO [panda.agent] clip 89: reflection suggested no tools
2026-10-09 10:40:55,043 INFO [httpx2] HTTP Request: POST http://localhost:8000/v1/chat/completions "HTTP/1.1 200 OK"
2026-10-09 10:40:55,045 INFO [panda.agent] clip 89 re-reason (round 1): score=0.200 status=insufficient
2026-10-09 10:40:55,048 WARNING [panda.models] MLLM request failed (attempt 1): MLLM API key missing: set KIMI_API_KEY (and optionally KIMI_BASE_URL) in the environment.
2026-10-09 10:40:55,048 WARNING [panda.models] MLLM request failed (attempt 2): MLLM API key missing: set KIMI_API_KEY (and optionally KIMI_BASE_URL) in the environment.
2026-10-09 10:40:55,048 ERROR [panda.models] MLLM failed to produce parseable JSON after retries
2026-10-09 10:40:55,048 WARNING [panda.agent] reflection output not parseable; using empty reflection
2026-10-09 10:40:55,048 INFO [panda.agent] clip 89 reflection round 2: tools=[]
2026-10-09 10:40:55,050 INFO [panda.agent] clip 89: reflection suggested no tools
2026-10-09 10:40:56,520 INFO [httpx2] HTTP Request: POST http://localhost:8000/v1/chat/completions "HTTP/1.1 200 OK"
2026-10-09 10:40:56,522 INFO [panda.agent] clip 89 re-reason (round 2): score=0.200 status=insufficient
2026-10-09 10:40:56,524 WARNING [panda.models] MLLM request failed (attempt 1): MLLM API key missing: set KIMI_API_KEY (and optionally KIMI_BASE_URL) in the environment.
2026-10-09 10:40:56,524 WARNING [panda.models] MLLM request failed (attempt 2): MLLM API key missing: set KIMI_API_KEY (and optionally KIMI_BASE_URL) in the environment.
2026-10-09 10:40:56,524 ERROR [panda.models] MLLM failed to produce parseable JSON after retries
2026-10-09 10:40:56,524 WARNING [panda.agent] reflection output not parseable; using empty reflection
2026-10-09 10:40:56,525 INFO [panda.agent] clip 89 reflection round 3: tools=[]
2026-10-09 10:40:56,526 INFO [panda.agent] clip 89: reflection suggested no tools
2026-10-09 10:40:57,991 INFO [httpx2] HTTP Request: POST http://localhost:8000/v1/chat/completions "HTTP/1.1 200 OK"
2026-10-09 10:40:57,992 INFO [panda.agent] clip 89 re-reason (round 3): score=0.200 status=insufficient
2026-10-09 10:40:57,993 INFO [panda.agent] clip 89: still insufficient after 3 rounds; fallback score 0.50
2026-10-09 10:40:59,847 INFO [httpx2] HTTP Request: POST http://localhost:8000/v1/chat/completions "HTTP/1.1 200 OK"
2026-10-09 10:40:59,849 INFO [panda.agent] clip 90 reason: score=0.800 status=abnormal
2026-10-09 10:41:01,564 INFO [httpx2] HTTP Request: POST http://localhost:8000/v1/chat/completions "HTTP/1.1 200 OK"
2026-10-09 10:41:01,567 INFO [panda.agent] clip 91 reason: score=0.800 status=abnormal
2026-10-09 10:41:03,268 INFO [httpx2] HTTP Request: POST http://localhost:8000/v1/chat/completions "HTTP/1.1 200 OK"
2026-10-09 10:41:03,270 INFO [panda.agent] clip 92 reason: score=0.800 status=abnormal
2026-10-09 10:41:04,849 INFO [httpx2] HTTP Request: POST http://localhost:8000/v1/chat/completions "HTTP/1.1 200 OK"
2026-10-09 10:41:04,851 INFO [panda.agent] clip 93 reason: score=0.800 status=abnormal
2026-10-09 10:41:06,884 INFO [httpx2] HTTP Request: POST http://localhost:8000/v1/chat/completions "HTTP/1.1 200 OK"
2026-10-09 10:41:06,885 INFO [panda.agent] clip 94 reason: score=0.800 status=abnormal
2026-10-09 10:41:08,883 INFO [httpx2] HTTP Request: POST http://localhost:8000/v1/chat/completions "HTTP/1.1 200 OK"
2026-10-09 10:41:08,886 INFO [panda.agent] clip 95 reason: score=0.000 status=normal
2026-10-09 10:41:10,941 INFO [httpx2] HTTP Request: POST http://localhost:8000/v1/chat/completions "HTTP/1.1 200 OK"
2026-10-09 10:41:10,942 INFO [panda.agent] clip 96 reason: score=0.800 status=abnormal
2026-10-09 10:41:12,573 INFO [httpx2] HTTP Request: POST http://localhost:8000/v1/chat/completions "HTTP/1.1 200 OK"
2026-10-09 10:41:12,575 INFO [panda.agent] clip 97 reason: score=0.800 status=abnormal
2026-10-09 10:41:14,881 INFO [httpx2] HTTP Request: POST http://localhost:8000/v1/chat/completions "HTTP/1.1 200 OK"
2026-10-09 10:41:14,883 INFO [panda.agent] clip 98 reason: score=0.700 status=abnormal
2026-10-09 10:41:17,022 INFO [httpx2] HTTP Request: POST http://localhost:8000/v1/chat/completions "HTTP/1.1 200 OK"
2026-10-09 10:41:17,024 INFO [panda.agent] clip 99 reason: score=0.000 status=normal
2026-10-09 10:41:18,972 INFO [httpx2] HTTP Request: POST http://localhost:8000/v1/chat/completions "HTTP/1.1 200 OK"
2026-10-09 10:41:18,975 INFO [panda.agent] clip 100 reason: score=0.000 status=normal
2026-10-09 10:41:21,145 INFO [httpx2] HTTP Request: POST http://localhost:8000/v1/chat/completions "HTTP/1.1 200 OK"
2026-10-09 10:41:21,147 INFO [panda.agent] clip 101 reason: score=0.000 status=normal
2026-10-09 10:41:22,813 INFO [httpx2] HTTP Request: POST http://localhost:8000/v1/chat/completions "HTTP/1.1 200 OK"
2026-10-09 10:41:22,815 INFO [panda.agent] clip 102 reason: score=0.000 status=normal
2026-10-09 10:41:24,789 INFO [httpx2] HTTP Request: POST http://localhost:8000/v1/chat/completions "HTTP/1.1 200 OK"
2026-10-09 10:41:24,791 INFO [panda.agent] clip 103 reason: score=0.000 status=normal
2026-10-09 10:41:26,293 INFO [httpx2] HTTP Request: POST http://localhost:8000/v1/chat/completions "HTTP/1.1 200 OK"
2026-10-09 10:41:26,296 INFO [panda.agent] clip 104 reason: score=0.000 status=normal
2026-10-09 10:41:27,995 INFO [httpx2] HTTP Request: POST http://localhost:8000/v1/chat/completions "HTTP/1.1 200 OK"
2026-10-09 10:41:27,997 INFO [panda.agent] clip 105 reason: score=0.000 status=normal
2026-10-09 10:41:30,132 INFO [httpx2] HTTP Request: POST http://localhost:8000/v1/chat/completions "HTTP/1.1 200 OK"
2026-10-09 10:41:30,134 INFO [panda.agent] clip 106 reason: score=0.000 status=normal
2026-10-09 10:41:32,217 INFO [httpx2] HTTP Request: POST http://localhost:8000/v1/chat/completions "HTTP/1.1 200 OK"
2026-10-09 10:41:32,219 INFO [panda.agent] clip 107 reason: score=0.000 status=normal
2026-10-09 10:41:32,222 INFO [panda.agent] === video Assault010_x264 done: 108 clips ===
2026-10-09 10:41:32,232 INFO [run_eval] video Assault010_x264 done in 303.0s: auc raw=84.63 smoothed=90.40
2026-10-09 10:41:32,232 INFO [run_eval] video Assault011_x264 (abnormal): 76 frames, fps=30.00
2026-10-09 10:41:32,233 INFO [panda.agent] === video Assault011_x264: 76 frames, 16 clips ===
2026-10-09 10:41:32,233 INFO [panda.agent] perception: sampled 76 frames, sending 32 (token budget)
2026-10-09 10:41:35,084 INFO [httpx2] HTTP Request: POST http://localhost:8000/v1/chat/completions "HTTP/1.1 200 OK"
2026-10-09 10:41:37,280 INFO [httpx2] HTTP Request: POST http://localhost:8000/v1/chat/completions "HTTP/1.1 200 OK"
2026-10-09 10:41:39,265 INFO [httpx2] HTTP Request: POST http://localhost:8000/v1/chat/completions "HTTP/1.1 200 OK"
2026-10-09 10:41:41,198 INFO [httpx2] HTTP Request: POST http://localhost:8000/v1/chat/completions "HTTP/1.1 200 OK"
2026-10-09 10:41:41,200 INFO [panda.agent] perception done: {'Scene Overview': 'The scene takes place in a busy outdoor parking lot with several motorcycles parked. There are people walking around, some of them appear to be interacting with each other.; The video shows a street scene with parked motorcycles and bicycles. There are people walking around and interacting with each other.; The scene takes place in a busy street with parked motorcycles and bicycles. There are several people walking around, some of them carrying objects like sticks or bags.; The scene takes place in a busy street with parked motorcycles and pedestrians walking around. There is a shop on the right side of the frame.', 'Weather Condition': 'The weather appears to be clear and sunny, as there are no signs of rain or overcast skies. The lighting is bright, indicating it is daytime.; The weather appears to be clear and sunny, as there are no signs of rain or overcast skies.; It appears to be daytime with clear weather conditions.', 'Video Quality': 'The video quality is clear, with good resolution and minimal noise. The frames are well-lit, allowing for easy identification of objects and people in the scene.; The video quality is clear, with good visibility of the objects and people in the scene. The camera angle provides a wide view of the area.; The video quality is clear, with good visibility of the surroundings and the people in the scene.; The video quality is clear, with good visibility of the people and objects in the scene.', 'Potential Anomalies': 'There are no obvious signs of abnormal events such as fighting, stealing, or vandalism in these frames. However, it would be beneficial to monitor the scene for any sudden changes or unusual behavior.; There are no obvious signs of abnormal events such as fighting, stealing, or vandalism in the video.; There are no obvious signs of abnormal events such as fighting, stealing, or vandalism in these frames.; There are no obvious signs of abnormal events such as fighting, stealing, or accidents in these frames.'}
2026-10-09 10:41:41,203 INFO [panda.agent] planning: retrieved 0 rules
2026-10-09 10:41:41,203 WARNING [panda.models] MLLM request failed (attempt 1): MLLM API key missing: set KIMI_API_KEY (and optionally KIMI_BASE_URL) in the environment.
2026-10-09 10:41:41,203 WARNING [panda.models] MLLM request failed (attempt 2): MLLM API key missing: set KIMI_API_KEY (and optionally KIMI_BASE_URL) in the environment.
2026-10-09 10:41:41,203 ERROR [panda.models] MLLM failed to produce parseable JSON after retries
2026-10-09 10:41:41,203 WARNING [panda.agent] planning output not parseable; using empty plan
2026-10-09 10:41:41,203 INFO [panda.agent] planning done: preprocessing=, anomalies=
2026-10-09 10:41:42,865 INFO [httpx2] HTTP Request: POST http://localhost:8000/v1/chat/completions "HTTP/1.1 200 OK"
2026-10-09 10:41:42,867 INFO [panda.agent] clip 0 reason: score=0.000 status=normal
2026-10-09 10:41:44,547 INFO [httpx2] HTTP Request: POST http://localhost:8000/v1/chat/completions "HTTP/1.1 200 OK"
2026-10-09 10:41:44,549 INFO [panda.agent] clip 1 reason: score=0.000 status=normal
2026-10-09 10:41:46,393 INFO [httpx2] HTTP Request: POST http://localhost:8000/v1/chat/completions "HTTP/1.1 200 OK"
2026-10-09 10:41:46,395 INFO [panda.agent] clip 2 reason: score=0.100 status=normal
2026-10-09 10:41:48,351 INFO [httpx2] HTTP Request: POST http://localhost:8000/v1/chat/completions "HTTP/1.1 200 OK"
2026-10-09 10:41:48,353 INFO [panda.agent] clip 3 reason: score=0.000 status=normal
2026-10-09 10:41:49,280 INFO [httpx2] HTTP Request: POST http://localhost:8000/v1/chat/completions "HTTP/1.1 200 OK"
2026-10-09 10:41:49,282 INFO [panda.agent] clip 4 reason: score=0.200 status=insufficient
2026-10-09 10:41:49,285 WARNING [panda.models] MLLM request failed (attempt 1): MLLM API key missing: set KIMI_API_KEY (and optionally KIMI_BASE_URL) in the environment.
2026-10-09 10:41:49,285 WARNING [panda.models] MLLM request failed (attempt 2): MLLM API key missing: set KIMI_API_KEY (and optionally KIMI_BASE_URL) in the environment.
2026-10-09 10:41:49,285 ERROR [panda.models] MLLM failed to produce parseable JSON after retries
2026-10-09 10:41:49,285 WARNING [panda.agent] reflection output not parseable; using empty reflection
2026-10-09 10:41:49,285 INFO [panda.agent] clip 4 reflection round 1: tools=[]
2026-10-09 10:41:49,287 INFO [panda.agent] clip 4: reflection suggested no tools
2026-10-09 10:41:50,065 INFO [httpx2] HTTP Request: POST http://localhost:8000/v1/chat/completions "HTTP/1.1 200 OK"
2026-10-09 10:41:50,067 INFO [panda.agent] clip 4 re-reason (round 1): score=0.200 status=insufficient
2026-10-09 10:41:50,070 WARNING [panda.models] MLLM request failed (attempt 1): MLLM API key missing: set KIMI_API_KEY (and optionally KIMI_BASE_URL) in the environment.
2026-10-09 10:41:50,070 WARNING [panda.models] MLLM request failed (attempt 2): MLLM API key missing: set KIMI_API_KEY (and optionally KIMI_BASE_URL) in the environment.
2026-10-09 10:41:50,070 ERROR [panda.models] MLLM failed to produce parseable JSON after retries
2026-10-09 10:41:50,070 WARNING [panda.agent] reflection output not parseable; using empty reflection
2026-10-09 10:41:50,071 INFO [panda.agent] clip 4 reflection round 2: tools=[]
2026-10-09 10:41:50,072 INFO [panda.agent] clip 4: reflection suggested no tools
2026-10-09 10:41:50,844 INFO [httpx2] HTTP Request: POST http://localhost:8000/v1/chat/completions "HTTP/1.1 200 OK"
2026-10-09 10:41:50,846 INFO [panda.agent] clip 4 re-reason (round 2): score=0.200 status=insufficient
2026-10-09 10:41:50,849 WARNING [panda.models] MLLM request failed (attempt 1): MLLM API key missing: set KIMI_API_KEY (and optionally KIMI_BASE_URL) in the environment.
2026-10-09 10:41:50,849 WARNING [panda.models] MLLM request failed (attempt 2): MLLM API key missing: set KIMI_API_KEY (and optionally KIMI_BASE_URL) in the environment.
2026-10-09 10:41:50,849 ERROR [panda.models] MLLM failed to produce parseable JSON after retries
2026-10-09 10:41:50,849 WARNING [panda.agent] reflection output not parseable; using empty reflection
2026-10-09 10:41:50,849 INFO [panda.agent] clip 4 reflection round 3: tools=[]
2026-10-09 10:41:50,851 INFO [panda.agent] clip 4: reflection suggested no tools
2026-10-09 10:41:51,631 INFO [httpx2] HTTP Request: POST http://localhost:8000/v1/chat/completions "HTTP/1.1 200 OK"
2026-10-09 10:41:51,633 INFO [panda.agent] clip 4 re-reason (round 3): score=0.200 status=insufficient
2026-10-09 10:41:51,635 INFO [panda.agent] clip 4: still insufficient after 3 rounds; fallback score 0.50
2026-10-09 10:41:53,572 INFO [httpx2] HTTP Request: POST http://localhost:8000/v1/chat/completions "HTTP/1.1 200 OK"
2026-10-09 10:41:53,574 INFO [panda.agent] clip 5 reason: score=0.200 status=insufficient
2026-10-09 10:41:53,577 WARNING [panda.models] MLLM request failed (attempt 1): MLLM API key missing: set KIMI_API_KEY (and optionally KIMI_BASE_URL) in the environment.
2026-10-09 10:41:53,577 WARNING [panda.models] MLLM request failed (attempt 2): MLLM API key missing: set KIMI_API_KEY (and optionally KIMI_BASE_URL) in the environment.
2026-10-09 10:41:53,577 ERROR [panda.models] MLLM failed to produce parseable JSON after retries
2026-10-09 10:41:53,577 WARNING [panda.agent] reflection output not parseable; using empty reflection
2026-10-09 10:41:53,577 INFO [panda.agent] clip 5 reflection round 1: tools=[]
2026-10-09 10:41:53,579 INFO [panda.agent] clip 5: reflection suggested no tools
2026-10-09 10:41:55,263 INFO [httpx2] HTTP Request: POST http://localhost:8000/v1/chat/completions "HTTP/1.1 200 OK"
2026-10-09 10:41:55,265 INFO [panda.agent] clip 5 re-reason (round 1): score=0.200 status=insufficient
2026-10-09 10:41:55,267 WARNING [panda.models] MLLM request failed (attempt 1): MLLM API key missing: set KIMI_API_KEY (and optionally KIMI_BASE_URL) in the environment.
2026-10-09 10:41:55,268 WARNING [panda.models] MLLM request failed (attempt 2): MLLM API key missing: set KIMI_API_KEY (and optionally KIMI_BASE_URL) in the environment.
2026-10-09 10:41:55,268 ERROR [panda.models] MLLM failed to produce parseable JSON after retries
2026-10-09 10:41:55,268 WARNING [panda.agent] reflection output not parseable; using empty reflection
2026-10-09 10:41:55,268 INFO [panda.agent] clip 5 reflection round 2: tools=[]
2026-10-09 10:41:55,270 INFO [panda.agent] clip 5: reflection suggested no tools
2026-10-09 10:41:56,957 INFO [httpx2] HTTP Request: POST http://localhost:8000/v1/chat/completions "HTTP/1.1 200 OK"
2026-10-09 10:41:56,959 INFO [panda.agent] clip 5 re-reason (round 2): score=0.200 status=insufficient
2026-10-09 10:41:56,962 WARNING [panda.models] MLLM request failed (attempt 1): MLLM API key missing: set KIMI_API_KEY (and optionally KIMI_BASE_URL) in the environment.
2026-10-09 10:41:56,962 WARNING [panda.models] MLLM request failed (attempt 2): MLLM API key missing: set KIMI_API_KEY (and optionally KIMI_BASE_URL) in the environment.
2026-10-09 10:41:56,962 ERROR [panda.models] MLLM failed to produce parseable JSON after retries
2026-10-09 10:41:56,962 WARNING [panda.agent] reflection output not parseable; using empty reflection
2026-10-09 10:41:56,962 INFO [panda.agent] clip 5 reflection round 3: tools=[]
2026-10-09 10:41:56,964 INFO [panda.agent] clip 5: reflection suggested no tools
2026-10-09 10:41:58,651 INFO [httpx2] HTTP Request: POST http://localhost:8000/v1/chat/completions "HTTP/1.1 200 OK"
2026-10-09 10:41:58,653 INFO [panda.agent] clip 5 re-reason (round 3): score=0.200 status=insufficient
2026-10-09 10:41:58,656 INFO [panda.agent] clip 5: still insufficient after 3 rounds; fallback score 0.50
2026-10-09 10:41:59,572 INFO [httpx2] HTTP Request: POST http://localhost:8000/v1/chat/completions "HTTP/1.1 200 OK"
2026-10-09 10:41:59,575 INFO [panda.agent] clip 6 reason: score=0.200 status=insufficient
2026-10-09 10:41:59,577 WARNING [panda.models] MLLM request failed (attempt 1): MLLM API key missing: set KIMI_API_KEY (and optionally KIMI_BASE_URL) in the environment.
2026-10-09 10:41:59,577 WARNING [panda.models] MLLM request failed (attempt 2): MLLM API key missing: set KIMI_API_KEY (and optionally KIMI_BASE_URL) in the environment.
2026-10-09 10:41:59,578 ERROR [panda.models] MLLM failed to produce parseable JSON after retries
2026-10-09 10:41:59,578 WARNING [panda.agent] reflection output not parseable; using empty reflection
2026-10-09 10:41:59,578 INFO [panda.agent] clip 6 reflection round 1: tools=[]
2026-10-09 10:41:59,579 INFO [panda.agent] clip 6: reflection suggested no tools
2026-10-09 10:42:01,406 INFO [httpx2] HTTP Request: POST http://localhost:8000/v1/chat/completions "HTTP/1.1 200 OK"
2026-10-09 10:42:01,409 INFO [panda.agent] clip 6 re-reason (round 1): score=0.200 status=insufficient
2026-10-09 10:42:01,411 WARNING [panda.models] MLLM request failed (attempt 1): MLLM API key missing: set KIMI_API_KEY (and optionally KIMI_BASE_URL) in the environment.
2026-10-09 10:42:01,412 WARNING [panda.models] MLLM request failed (attempt 2): MLLM API key missing: set KIMI_API_KEY (and optionally KIMI_BASE_URL) in the environment.
2026-10-09 10:42:01,412 ERROR [panda.models] MLLM failed to produce parseable JSON after retries
2026-10-09 10:42:01,412 WARNING [panda.agent] reflection output not parseable; using empty reflection
2026-10-09 10:42:01,412 INFO [panda.agent] clip 6 reflection round 2: tools=[]
2026-10-09 10:42:01,414 INFO [panda.agent] clip 6: reflection suggested no tools
2026-10-09 10:42:03,236 INFO [httpx2] HTTP Request: POST http://localhost:8000/v1/chat/completions "HTTP/1.1 200 OK"
2026-10-09 10:42:03,238 INFO [panda.agent] clip 6 re-reason (round 2): score=0.200 status=insufficient
2026-10-09 10:42:03,241 WARNING [panda.models] MLLM request failed (attempt 1): MLLM API key missing: set KIMI_API_KEY (and optionally KIMI_BASE_URL) in the environment.
2026-10-09 10:42:03,241 WARNING [panda.models] MLLM request failed (attempt 2): MLLM API key missing: set KIMI_API_KEY (and optionally KIMI_BASE_URL) in the environment.
2026-10-09 10:42:03,241 ERROR [panda.models] MLLM failed to produce parseable JSON after retries
2026-10-09 10:42:03,241 WARNING [panda.agent] reflection output not parseable; using empty reflection
2026-10-09 10:42:03,241 INFO [panda.agent] clip 6 reflection round 3: tools=[]
2026-10-09 10:42:03,243 INFO [panda.agent] clip 6: reflection suggested no tools
2026-10-09 10:42:05,075 INFO [httpx2] HTTP Request: POST http://localhost:8000/v1/chat/completions "HTTP/1.1 200 OK"
2026-10-09 10:42:05,077 INFO [panda.agent] clip 6 re-reason (round 3): score=0.200 status=insufficient
2026-10-09 10:42:05,078 INFO [panda.agent] clip 6: still insufficient after 3 rounds; fallback score 0.50
2026-10-09 10:42:07,136 INFO [httpx2] HTTP Request: POST http://localhost:8000/v1/chat/completions "HTTP/1.1 200 OK"
2026-10-09 10:42:07,139 INFO [panda.agent] clip 7 reason: score=0.200 status=insufficient
2026-10-09 10:42:07,141 WARNING [panda.models] MLLM request failed (attempt 1): MLLM API key missing: set KIMI_API_KEY (and optionally KIMI_BASE_URL) in the environment.
2026-10-09 10:42:07,141 WARNING [panda.models] MLLM request failed (attempt 2): MLLM API key missing: set KIMI_API_KEY (and optionally KIMI_BASE_URL) in the environment.
2026-10-09 10:42:07,141 ERROR [panda.models] MLLM failed to produce parseable JSON after retries
2026-10-09 10:42:07,141 WARNING [panda.agent] reflection output not parseable; using empty reflection
2026-10-09 10:42:07,142 INFO [panda.agent] clip 7 reflection round 1: tools=[]
2026-10-09 10:42:07,143 INFO [panda.agent] clip 7: reflection suggested no tools
2026-10-09 10:42:09,055 INFO [httpx2] HTTP Request: POST http://localhost:8000/v1/chat/completions "HTTP/1.1 200 OK"
2026-10-09 10:42:09,057 INFO [panda.agent] clip 7 re-reason (round 1): score=0.200 status=insufficient
2026-10-09 10:42:09,059 WARNING [panda.models] MLLM request failed (attempt 1): MLLM API key missing: set KIMI_API_KEY (and optionally KIMI_BASE_URL) in the environment.
2026-10-09 10:42:09,060 WARNING [panda.models] MLLM request failed (attempt 2): MLLM API key missing: set KIMI_API_KEY (and optionally KIMI_BASE_URL) in the environment.
2026-10-09 10:42:09,060 ERROR [panda.models] MLLM failed to produce parseable JSON after retries
2026-10-09 10:42:09,060 WARNING [panda.agent] reflection output not parseable; using empty reflection
2026-10-09 10:42:09,060 INFO [panda.agent] clip 7 reflection round 2: tools=[]
2026-10-09 10:42:09,062 INFO [panda.agent] clip 7: reflection suggested no tools
2026-10-09 10:42:10,970 INFO [httpx2] HTTP Request: POST http://localhost:8000/v1/chat/completions "HTTP/1.1 200 OK"
2026-10-09 10:42:10,972 INFO [panda.agent] clip 7 re-reason (round 2): score=0.200 status=insufficient
2026-10-09 10:42:10,975 WARNING [panda.models] MLLM request failed (attempt 1): MLLM API key missing: set KIMI_API_KEY (and optionally KIMI_BASE_URL) in the environment.
2026-10-09 10:42:10,975 WARNING [panda.models] MLLM request failed (attempt 2): MLLM API key missing: set KIMI_API_KEY (and optionally KIMI_BASE_URL) in the environment.
2026-10-09 10:42:10,975 ERROR [panda.models] MLLM failed to produce parseable JSON after retries
2026-10-09 10:42:10,975 WARNING [panda.agent] reflection output not parseable; using empty reflection
2026-10-09 10:42:10,975 INFO [panda.agent] clip 7 reflection round 3: tools=[]
2026-10-09 10:42:10,977 INFO [panda.agent] clip 7: reflection suggested no tools
2026-10-09 10:42:12,888 INFO [httpx2] HTTP Request: POST http://localhost:8000/v1/chat/completions "HTTP/1.1 200 OK"
2026-10-09 10:42:12,890 INFO [panda.agent] clip 7 re-reason (round 3): score=0.200 status=insufficient
2026-10-09 10:42:12,892 INFO [panda.agent] clip 7: still insufficient after 3 rounds; fallback score 0.50
2026-10-09 10:42:14,924 INFO [httpx2] HTTP Request: POST http://localhost:8000/v1/chat/completions "HTTP/1.1 200 OK"
2026-10-09 10:42:14,926 INFO [panda.agent] clip 8 reason: score=0.200 status=insufficient
2026-10-09 10:42:14,929 WARNING [panda.models] MLLM request failed (attempt 1): MLLM API key missing: set KIMI_API_KEY (and optionally KIMI_BASE_URL) in the environment.
2026-10-09 10:42:14,929 WARNING [panda.models] MLLM request failed (attempt 2): MLLM API key missing: set KIMI_API_KEY (and optionally KIMI_BASE_URL) in the environment.
2026-10-09 10:42:14,929 ERROR [panda.models] MLLM failed to produce parseable JSON after retries
2026-10-09 10:42:14,929 WARNING [panda.agent] reflection output not parseable; using empty reflection
2026-10-09 10:42:14,929 INFO [panda.agent] clip 8 reflection round 1: tools=[]
2026-10-09 10:42:14,931 INFO [panda.agent] clip 8: reflection suggested no tools
2026-10-09 10:42:16,758 INFO [httpx2] HTTP Request: POST http://localhost:8000/v1/chat/completions "HTTP/1.1 200 OK"
2026-10-09 10:42:16,761 INFO [panda.agent] clip 8 re-reason (round 1): score=0.200 status=insufficient
2026-10-09 10:42:16,764 WARNING [panda.models] MLLM request failed (attempt 1): MLLM API key missing: set KIMI_API_KEY (and optionally KIMI_BASE_URL) in the environment.
2026-10-09 10:42:16,764 WARNING [panda.models] MLLM request failed (attempt 2): MLLM API key missing: set KIMI_API_KEY (and optionally KIMI_BASE_URL) in the environment.
2026-10-09 10:42:16,764 ERROR [panda.models] MLLM failed to produce parseable JSON after retries
2026-10-09 10:42:16,764 WARNING [panda.agent] reflection output not parseable; using empty reflection
2026-10-09 10:42:16,764 INFO [panda.agent] clip 8 reflection round 2: tools=[]
2026-10-09 10:42:16,766 INFO [panda.agent] clip 8: reflection suggested no tools
2026-10-09 10:42:18,598 INFO [httpx2] HTTP Request: POST http://localhost:8000/v1/chat/completions "HTTP/1.1 200 OK"
2026-10-09 10:42:18,601 INFO [panda.agent] clip 8 re-reason (round 2): score=0.200 status=insufficient
2026-10-09 10:42:18,603 WARNING [panda.models] MLLM request failed (attempt 1): MLLM API key missing: set KIMI_API_KEY (and optionally KIMI_BASE_URL) in the environment.
2026-10-09 10:42:18,604 WARNING [panda.models] MLLM request failed (attempt 2): MLLM API key missing: set KIMI_API_KEY (and optionally KIMI_BASE_URL) in the environment.
2026-10-09 10:42:18,604 ERROR [panda.models] MLLM failed to produce parseable JSON after retries
2026-10-09 10:42:18,604 WARNING [panda.agent] reflection output not parseable; using empty reflection
2026-10-09 10:42:18,604 INFO [panda.agent] clip 8 reflection round 3: tools=[]
2026-10-09 10:42:18,606 INFO [panda.agent] clip 8: reflection suggested no tools
2026-10-09 10:42:20,423 INFO [httpx2] HTTP Request: POST http://localhost:8000/v1/chat/completions "HTTP/1.1 200 OK"
2026-10-09 10:42:20,425 INFO [panda.agent] clip 8 re-reason (round 3): score=0.200 status=insufficient
2026-10-09 10:42:20,428 INFO [panda.agent] clip 8: still insufficient after 3 rounds; fallback score 0.50
2026-10-09 10:42:22,258 INFO [httpx2] HTTP Request: POST http://localhost:8000/v1/chat/completions "HTTP/1.1 200 OK"
2026-10-09 10:42:22,261 INFO [panda.agent] clip 9 reason: score=0.000 status=normal
2026-10-09 10:42:24,116 INFO [httpx2] HTTP Request: POST http://localhost:8000/v1/chat/completions "HTTP/1.1 200 OK"
2026-10-09 10:42:24,118 INFO [panda.agent] clip 10 reason: score=0.000 status=normal
2026-10-09 10:42:25,970 INFO [httpx2] HTTP Request: POST http://localhost:8000/v1/chat/completions "HTTP/1.1 200 OK"
2026-10-09 10:42:25,972 INFO [panda.agent] clip 11 reason: score=0.000 status=normal
2026-10-09 10:42:27,804 INFO [httpx2] HTTP Request: POST http://localhost:8000/v1/chat/completions "HTTP/1.1 200 OK"
2026-10-09 10:42:27,806 INFO [panda.agent] clip 12 reason: score=0.000 status=normal
2026-10-09 10:42:29,643 INFO [httpx2] HTTP Request: POST http://localhost:8000/v1/chat/completions "HTTP/1.1 200 OK"
2026-10-09 10:42:29,645 INFO [panda.agent] clip 13 reason: score=0.000 status=normal
2026-10-09 10:42:31,772 INFO [httpx2] HTTP Request: POST http://localhost:8000/v1/chat/completions "HTTP/1.1 200 OK"
2026-10-09 10:42:31,775 INFO [panda.agent] clip 14 reason: score=0.200 status=insufficient
2026-10-09 10:42:31,778 WARNING [panda.models] MLLM request failed (attempt 1): MLLM API key missing: set KIMI_API_KEY (and optionally KIMI_BASE_URL) in the environment.
2026-10-09 10:42:31,778 WARNING [panda.models] MLLM request failed (attempt 2): MLLM API key missing: set KIMI_API_KEY (and optionally KIMI_BASE_URL) in the environment.
2026-10-09 10:42:31,778 ERROR [panda.models] MLLM failed to produce parseable JSON after retries
2026-10-09 10:42:31,778 WARNING [panda.agent] reflection output not parseable; using empty reflection
2026-10-09 10:42:31,778 INFO [panda.agent] clip 14 reflection round 1: tools=[]
2026-10-09 10:42:31,780 INFO [panda.agent] clip 14: reflection suggested no tools
2026-10-09 10:42:33,768 INFO [httpx2] HTTP Request: POST http://localhost:8000/v1/chat/completions "HTTP/1.1 200 OK"
2026-10-09 10:42:33,770 INFO [panda.agent] clip 14 re-reason (round 1): score=0.200 status=insufficient
2026-10-09 10:42:33,773 WARNING [panda.models] MLLM request failed (attempt 1): MLLM API key missing: set KIMI_API_KEY (and optionally KIMI_BASE_URL) in the environment.
2026-10-09 10:42:33,773 WARNING [panda.models] MLLM request failed (attempt 2): MLLM API key missing: set KIMI_API_KEY (and optionally KIMI_BASE_URL) in the environment.
2026-10-09 10:42:33,773 ERROR [panda.models] MLLM failed to produce parseable JSON after retries
2026-10-09 10:42:33,773 WARNING [panda.agent] reflection output not parseable; using empty reflection
2026-10-09 10:42:33,774 INFO [panda.agent] clip 14 reflection round 2: tools=[]
2026-10-09 10:42:33,775 INFO [panda.agent] clip 14: reflection suggested no tools
2026-10-09 10:42:35,763 INFO [httpx2] HTTP Request: POST http://localhost:8000/v1/chat/completions "HTTP/1.1 200 OK"
2026-10-09 10:42:35,765 INFO [panda.agent] clip 14 re-reason (round 2): score=0.200 status=insufficient
2026-10-09 10:42:35,768 WARNING [panda.models] MLLM request failed (attempt 1): MLLM API key missing: set KIMI_API_KEY (and optionally KIMI_BASE_URL) in the environment.
2026-10-09 10:42:35,768 WARNING [panda.models] MLLM request failed (attempt 2): MLLM API key missing: set KIMI_API_KEY (and optionally KIMI_BASE_URL) in the environment.
2026-10-09 10:42:35,768 ERROR [panda.models] MLLM failed to produce parseable JSON after retries
2026-10-09 10:42:35,769 WARNING [panda.agent] reflection output not parseable; using empty reflection
2026-10-09 10:42:35,769 INFO [panda.agent] clip 14 reflection round 3: tools=[]
2026-10-09 10:42:35,770 INFO [panda.agent] clip 14: reflection suggested no tools
2026-10-09 10:42:37,759 INFO [httpx2] HTTP Request: POST http://localhost:8000/v1/chat/completions "HTTP/1.1 200 OK"
2026-10-09 10:42:37,762 INFO [panda.agent] clip 14 re-reason (round 3): score=0.200 status=insufficient
2026-10-09 10:42:37,764 INFO [panda.agent] clip 14: still insufficient after 3 rounds; fallback score 0.50
2026-10-09 10:42:40,189 INFO [httpx2] HTTP Request: POST http://localhost:8000/v1/chat/completions "HTTP/1.1 200 OK"
2026-10-09 10:42:40,192 INFO [panda.agent] clip 15 reason: score=0.200 status=insufficient
2026-10-09 10:42:40,194 WARNING [panda.models] MLLM request failed (attempt 1): MLLM API key missing: set KIMI_API_KEY (and optionally KIMI_BASE_URL) in the environment.
2026-10-09 10:42:40,195 WARNING [panda.models] MLLM request failed (attempt 2): MLLM API key missing: set KIMI_API_KEY (and optionally KIMI_BASE_URL) in the environment.
2026-10-09 10:42:40,195 ERROR [panda.models] MLLM failed to produce parseable JSON after retries
2026-10-09 10:42:40,195 WARNING [panda.agent] reflection output not parseable; using empty reflection
2026-10-09 10:42:40,195 INFO [panda.agent] clip 15 reflection round 1: tools=[]
2026-10-09 10:42:40,197 INFO [panda.agent] clip 15: reflection suggested no tools
2026-10-09 10:42:42,527 INFO [httpx2] HTTP Request: POST http://localhost:8000/v1/chat/completions "HTTP/1.1 200 OK"
2026-10-09 10:42:42,529 INFO [panda.agent] clip 15 re-reason (round 1): score=0.200 status=insufficient
2026-10-09 10:42:42,531 WARNING [panda.models] MLLM request failed (attempt 1): MLLM API key missing: set KIMI_API_KEY (and optionally KIMI_BASE_URL) in the environment.
2026-10-09 10:42:42,531 WARNING [panda.models] MLLM request failed (attempt 2): MLLM API key missing: set KIMI_API_KEY (and optionally KIMI_BASE_URL) in the environment.
2026-10-09 10:42:42,531 ERROR [panda.models] MLLM failed to produce parseable JSON after retries
2026-10-09 10:42:42,532 WARNING [panda.agent] reflection output not parseable; using empty reflection
2026-10-09 10:42:42,532 INFO [panda.agent] clip 15 reflection round 2: tools=[]
2026-10-09 10:42:42,533 INFO [panda.agent] clip 15: reflection suggested no tools
2026-10-09 10:42:44,874 INFO [httpx2] HTTP Request: POST http://localhost:8000/v1/chat/completions "HTTP/1.1 200 OK"
2026-10-09 10:42:44,876 INFO [panda.agent] clip 15 re-reason (round 2): score=0.200 status=insufficient
2026-10-09 10:42:44,879 WARNING [panda.models] MLLM request failed (attempt 1): MLLM API key missing: set KIMI_API_KEY (and optionally KIMI_BASE_URL) in the environment.
2026-10-09 10:42:44,879 WARNING [panda.models] MLLM request failed (attempt 2): MLLM API key missing: set KIMI_API_KEY (and optionally KIMI_BASE_URL) in the environment.
2026-10-09 10:42:44,879 ERROR [panda.models] MLLM failed to produce parseable JSON after retries
2026-10-09 10:42:44,879 WARNING [panda.agent] reflection output not parseable; using empty reflection
2026-10-09 10:42:44,880 INFO [panda.agent] clip 15 reflection round 3: tools=[]
2026-10-09 10:42:44,881 INFO [panda.agent] clip 15: reflection suggested no tools
2026-10-09 10:42:47,222 INFO [httpx2] HTTP Request: POST http://localhost:8000/v1/chat/completions "HTTP/1.1 200 OK"
2026-10-09 10:42:47,223 INFO [panda.agent] clip 15 re-reason (round 3): score=0.200 status=insufficient
2026-10-09 10:42:47,223 INFO [panda.agent] clip 15: still insufficient after 3 rounds; fallback score 0.50
2026-10-09 10:42:47,224 INFO [panda.agent] === video Assault011_x264 done: 16 clips ===
2026-10-09 10:42:47,229 INFO [run_eval] video Assault011_x264 done in 75.0s: auc raw=67.28 smoothed=72.32
2026-10-09 10:42:47,230 INFO [run_eval] video Burglary005_x264 (abnormal): 258 frames, fps=30.00
2026-10-09 10:42:47,230 INFO [panda.agent] === video Burglary005_x264: 258 frames, 52 clips ===
2026-10-09 10:42:47,231 INFO [panda.agent] perception: sampled 258 frames, sending 32 (token budget)
2026-10-09 10:42:50,191 INFO [httpx2] HTTP Request: POST http://localhost:8000/v1/chat/completions "HTTP/1.1 200 OK"
2026-10-09 10:42:52,082 INFO [httpx2] HTTP Request: POST http://localhost:8000/v1/chat/completions "HTTP/1.1 200 OK"
2026-10-09 10:42:55,630 INFO [httpx2] HTTP Request: POST http://localhost:8000/v1/chat/completions "HTTP/1.1 200 OK"
2026-10-09 10:42:59,040 INFO [httpx2] HTTP Request: POST http://localhost:8000/v1/chat/completions "HTTP/1.1 200 OK"
2026-10-09 10:42:59,040 INFO [panda.agent] perception done: {'Scene Overview': 'The scene takes place outside a house, with a sidewalk leading up to the front door. The environment appears to be a residential area with a well-maintained lawn and a driveway visible in the background.; A residential area with a house and a sidewalk. A person is seen walking towards the house and then turns around and walks away.; The scene takes place outside a house with a sidewalk leading up to the front door. A woman is seen walking towards the door while holding a phone in her hand. She appears to be looking at the phone as she approaches the door. Another person is seen walking away from the house in the background.; The scene takes place outside a house with a sidewalk leading up to the front door. The grassy area and a small garden bed with pebbles are visible. A person wearing dark clothing is seen walking towards the house.', 'Weather Condition': 'The weather seems to be clear and sunny, as indicated by the shadows cast on the ground and the bright lighting conditions.; The weather appears to be clear and sunny, as there are shadows cast on the ground.; It appears to be daytime with clear weather. The lighting suggests it is sunny, and there are no signs of rain or overcast skies.; The weather appears to be clear and sunny, as indicated by the shadows cast on the ground and the bright lighting conditions.', 'Video Quality': "The video quality appears to be clear, with good visibility of the subject and the surrounding environment. There are no noticeable artifacts or noise that would suggest poor image quality.; The video quality is clear, with good visibility of the scene and the person's actions.; The video quality is somewhat blurry, which may make it difficult to discern finer details. However, the overall scene is still recognizable, and the main activities can be identified.; The video quality is moderate, with some graininess and noise present. The image is not very sharp, and there may be some motion blur due to the camera's movement or the subject's movement.", 'Potential Anomalies': 'Based on the visual content, there are no obvious signs of abnormal events such as fighting, stealing, or other listed anomalies. The person in the video is simply entering the house, which is a normal activity.; There are no potential anomalies detected in this video.; Based on the visual content, there are no obvious signs of abnormal events such as fighting, stealing, or other criminal activities. The woman appears to be engaged in a normal activity, possibly delivering a package or making a delivery. There is no indication of any suspicious behavior.; Based on the visual content, there are no obvious signs of abnormal events such as fighting, stealing, or vandalism. However, it is important to note that the video only captures a short sequence of time, and more context would be needed to determine if any potential anomalies occurred.'}
2026-10-09 10:42:59,041 INFO [panda.agent] planning: retrieved 0 rules
2026-10-09 10:42:59,041 WARNING [panda.models] MLLM request failed (attempt 1): MLLM API key missing: set KIMI_API_KEY (and optionally KIMI_BASE_URL) in the environment.
2026-10-09 10:42:59,041 WARNING [panda.models] MLLM request failed (attempt 2): MLLM API key missing: set KIMI_API_KEY (and optionally KIMI_BASE_URL) in the environment.
2026-10-09 10:42:59,041 ERROR [panda.models] MLLM failed to produce parseable JSON after retries
2026-10-09 10:42:59,042 WARNING [panda.agent] planning output not parseable; using empty plan
2026-10-09 10:42:59,042 INFO [panda.agent] planning done: preprocessing=, anomalies=
2026-10-09 10:43:00,677 INFO [httpx2] HTTP Request: POST http://localhost:8000/v1/chat/completions "HTTP/1.1 200 OK"
2026-10-09 10:43:00,680 INFO [panda.agent] clip 0 reason: score=0.000 status=normal
2026-10-09 10:43:02,258 INFO [httpx2] HTTP Request: POST http://localhost:8000/v1/chat/completions "HTTP/1.1 200 OK"
2026-10-09 10:43:02,260 INFO [panda.agent] clip 1 reason: score=0.000 status=normal
2026-10-09 10:43:03,183 INFO [httpx2] HTTP Request: POST http://localhost:8000/v1/chat/completions "HTTP/1.1 200 OK"
2026-10-09 10:43:03,185 INFO [panda.agent] clip 2 reason: score=0.200 status=insufficient
2026-10-09 10:43:03,186 WARNING [panda.models] MLLM request failed (attempt 1): MLLM API key missing: set KIMI_API_KEY (and optionally KIMI_BASE_URL) in the environment.
2026-10-09 10:43:03,186 WARNING [panda.models] MLLM request failed (attempt 2): MLLM API key missing: set KIMI_API_KEY (and optionally KIMI_BASE_URL) in the environment.
2026-10-09 10:43:03,186 ERROR [panda.models] MLLM failed to produce parseable JSON after retries
2026-10-09 10:43:03,186 WARNING [panda.agent] reflection output not parseable; using empty reflection
2026-10-09 10:43:03,186 INFO [panda.agent] clip 2 reflection round 1: tools=[]
2026-10-09 10:43:03,187 INFO [panda.agent] clip 2: reflection suggested no tools
2026-10-09 10:43:03,966 INFO [httpx2] HTTP Request: POST http://localhost:8000/v1/chat/completions "HTTP/1.1 200 OK"
2026-10-09 10:43:03,968 INFO [panda.agent] clip 2 re-reason (round 1): score=0.200 status=insufficient
2026-10-09 10:43:03,971 WARNING [panda.models] MLLM request failed (attempt 1): MLLM API key missing: set KIMI_API_KEY (and optionally KIMI_BASE_URL) in the environment.
2026-10-09 10:43:03,971 WARNING [panda.models] MLLM request failed (attempt 2): MLLM API key missing: set KIMI_API_KEY (and optionally KIMI_BASE_URL) in the environment.
2026-10-09 10:43:03,971 ERROR [panda.models] MLLM failed to produce parseable JSON after retries
2026-10-09 10:43:03,971 WARNING [panda.agent] reflection output not parseable; using empty reflection
2026-10-09 10:43:03,971 INFO [panda.agent] clip 2 reflection round 2: tools=[]
2026-10-09 10:43:03,973 INFO [panda.agent] clip 2: reflection suggested no tools
2026-10-09 10:43:04,758 INFO [httpx2] HTTP Request: POST http://localhost:8000/v1/chat/completions "HTTP/1.1 200 OK"
2026-10-09 10:43:04,761 INFO [panda.agent] clip 2 re-reason (round 2): score=0.200 status=insufficient
2026-10-09 10:43:04,764 WARNING [panda.models] MLLM request failed (attempt 1): MLLM API key missing: set KIMI_API_KEY (and optionally KIMI_BASE_URL) in the environment.
2026-10-09 10:43:04,764 WARNING [panda.models] MLLM request failed (attempt 2): MLLM API key missing: set KIMI_API_KEY (and optionally KIMI_BASE_URL) in the environment.
2026-10-09 10:43:04,764 ERROR [panda.models] MLLM failed to produce parseable JSON after retries
2026-10-09 10:43:04,764 WARNING [panda.agent] reflection output not parseable; using empty reflection
2026-10-09 10:43:04,764 INFO [panda.agent] clip 2 reflection round 3: tools=[]
2026-10-09 10:43:04,766 INFO [panda.agent] clip 2: reflection suggested no tools
2026-10-09 10:43:05,557 INFO [httpx2] HTTP Request: POST http://localhost:8000/v1/chat/completions "HTTP/1.1 200 OK"
2026-10-09 10:43:05,559 INFO [panda.agent] clip 2 re-reason (round 3): score=0.200 status=insufficient
2026-10-09 10:43:05,561 INFO [panda.agent] clip 2: still insufficient after 3 rounds; fallback score 0.50
2026-10-09 10:43:07,293 INFO [httpx2] HTTP Request: POST http://localhost:8000/v1/chat/completions "HTTP/1.1 200 OK"
2026-10-09 10:43:07,295 INFO [panda.agent] clip 3 reason: score=0.000 status=normal
2026-10-09 10:43:08,709 INFO [httpx2] HTTP Request: POST http://localhost:8000/v1/chat/completions "HTTP/1.1 200 OK"
2026-10-09 10:43:08,712 INFO [panda.agent] clip 4 reason: score=0.000 status=normal
2026-10-09 10:43:10,051 INFO [httpx2] HTTP Request: POST http://localhost:8000/v1/chat/completions "HTTP/1.1 200 OK"
2026-10-09 10:43:10,054 INFO [panda.agent] clip 5 reason: score=0.000 status=normal
2026-10-09 10:43:11,743 INFO [httpx2] HTTP Request: POST http://localhost:8000/v1/chat/completions "HTTP/1.1 200 OK"
2026-10-09 10:43:11,744 INFO [panda.agent] clip 6 reason: score=0.000 status=normal
2026-10-09 10:43:13,540 INFO [httpx2] HTTP Request: POST http://localhost:8000/v1/chat/completions "HTTP/1.1 200 OK"
2026-10-09 10:43:13,541 INFO [panda.agent] clip 7 reason: score=0.000 status=normal
2026-10-09 10:43:14,955 INFO [httpx2] HTTP Request: POST http://localhost:8000/v1/chat/completions "HTTP/1.1 200 OK"
2026-10-09 10:43:14,956 INFO [panda.agent] clip 8 reason: score=0.000 status=normal
2026-10-09 10:43:16,796 INFO [httpx2] HTTP Request: POST http://localhost:8000/v1/chat/completions "HTTP/1.1 200 OK"
2026-10-09 10:43:16,797 INFO [panda.agent] clip 9 reason: score=0.000 status=normal
2026-10-09 10:43:18,536 INFO [httpx2] HTTP Request: POST http://localhost:8000/v1/chat/completions "HTTP/1.1 200 OK"
2026-10-09 10:43:18,537 INFO [panda.agent] clip 10 reason: score=0.100 status=normal
2026-10-09 10:43:20,242 INFO [httpx2] HTTP Request: POST http://localhost:8000/v1/chat/completions "HTTP/1.1 200 OK"
2026-10-09 10:43:20,243 INFO [panda.agent] clip 11 reason: score=0.000 status=normal
2026-10-09 10:43:21,511 INFO [httpx2] HTTP Request: POST http://localhost:8000/v1/chat/completions "HTTP/1.1 200 OK"
2026-10-09 10:43:21,512 INFO [panda.agent] clip 12 reason: score=0.000 status=normal
2026-10-09 10:43:22,966 INFO [httpx2] HTTP Request: POST http://localhost:8000/v1/chat/completions "HTTP/1.1 200 OK"
2026-10-09 10:43:22,968 INFO [panda.agent] clip 13 reason: score=0.000 status=normal
2026-10-09 10:43:24,668 INFO [httpx2] HTTP Request: POST http://localhost:8000/v1/chat/completions "HTTP/1.1 200 OK"
2026-10-09 10:43:24,670 INFO [panda.agent] clip 14 reason: score=0.100 status=normal
2026-10-09 10:43:26,037 INFO [httpx2] HTTP Request: POST http://localhost:8000/v1/chat/completions "HTTP/1.1 200 OK"
2026-10-09 10:43:26,038 INFO [panda.agent] clip 15 reason: score=0.000 status=normal
2026-10-09 10:43:27,468 INFO [httpx2] HTTP Request: POST http://localhost:8000/v1/chat/completions "HTTP/1.1 200 OK"
2026-10-09 10:43:27,471 INFO [panda.agent] clip 16 reason: score=0.100 status=normal
2026-10-09 10:43:28,843 INFO [httpx2] HTTP Request: POST http://localhost:8000/v1/chat/completions "HTTP/1.1 200 OK"
2026-10-09 10:43:28,844 INFO [panda.agent] clip 17 reason: score=0.100 status=normal
2026-10-09 10:43:30,487 INFO [httpx2] HTTP Request: POST http://localhost:8000/v1/chat/completions "HTTP/1.1 200 OK"
2026-10-09 10:43:30,489 INFO [panda.agent] clip 18 reason: score=0.000 status=normal
2026-10-09 10:43:32,127 INFO [httpx2] HTTP Request: POST http://localhost:8000/v1/chat/completions "HTTP/1.1 200 OK"
2026-10-09 10:43:32,128 INFO [panda.agent] clip 19 reason: score=0.000 status=normal
2026-10-09 10:43:34,104 INFO [httpx2] HTTP Request: POST http://localhost:8000/v1/chat/completions "HTTP/1.1 200 OK"
2026-10-09 10:43:34,105 INFO [panda.agent] clip 20 reason: score=0.000 status=normal
2026-10-09 10:43:35,740 INFO [httpx2] HTTP Request: POST http://localhost:8000/v1/chat/completions "HTTP/1.1 200 OK"
2026-10-09 10:43:35,741 INFO [panda.agent] clip 21 reason: score=0.000 status=normal
2026-10-09 10:43:37,576 INFO [httpx2] HTTP Request: POST http://localhost:8000/v1/chat/completions "HTTP/1.1 200 OK"
2026-10-09 10:43:37,578 INFO [panda.agent] clip 22 reason: score=0.000 status=normal
2026-10-09 10:43:39,285 INFO [httpx2] HTTP Request: POST http://localhost:8000/v1/chat/completions "HTTP/1.1 200 OK"
2026-10-09 10:43:39,287 INFO [panda.agent] clip 23 reason: score=0.000 status=normal
2026-10-09 10:43:41,073 INFO [httpx2] HTTP Request: POST http://localhost:8000/v1/chat/completions "HTTP/1.1 200 OK"
2026-10-09 10:43:41,075 INFO [panda.agent] clip 24 reason: score=0.000 status=normal
2026-10-09 10:43:42,797 INFO [httpx2] HTTP Request: POST http://localhost:8000/v1/chat/completions "HTTP/1.1 200 OK"
2026-10-09 10:43:42,798 INFO [panda.agent] clip 25 reason: score=0.000 status=normal
2026-10-09 10:43:44,548 INFO [httpx2] HTTP Request: POST http://localhost:8000/v1/chat/completions "HTTP/1.1 200 OK"
2026-10-09 10:43:44,549 INFO [panda.agent] clip 26 reason: score=0.200 status=insufficient
2026-10-09 10:43:44,550 WARNING [panda.models] MLLM request failed (attempt 1): MLLM API key missing: set KIMI_API_KEY (and optionally KIMI_BASE_URL) in the environment.
2026-10-09 10:43:44,550 WARNING [panda.models] MLLM request failed (attempt 2): MLLM API key missing: set KIMI_API_KEY (and optionally KIMI_BASE_URL) in the environment.
2026-10-09 10:43:44,550 ERROR [panda.models] MLLM failed to produce parseable JSON after retries
2026-10-09 10:43:44,550 WARNING [panda.agent] reflection output not parseable; using empty reflection
2026-10-09 10:43:44,550 INFO [panda.agent] clip 26 reflection round 1: tools=[]
2026-10-09 10:43:44,551 INFO [panda.agent] clip 26: reflection suggested no tools
2026-10-09 10:43:46,160 INFO [httpx2] HTTP Request: POST http://localhost:8000/v1/chat/completions "HTTP/1.1 200 OK"
2026-10-09 10:43:46,162 INFO [panda.agent] clip 26 re-reason (round 1): score=0.200 status=insufficient
2026-10-09 10:43:46,165 WARNING [panda.models] MLLM request failed (attempt 1): MLLM API key missing: set KIMI_API_KEY (and optionally KIMI_BASE_URL) in the environment.
2026-10-09 10:43:46,165 WARNING [panda.models] MLLM request failed (attempt 2): MLLM API key missing: set KIMI_API_KEY (and optionally KIMI_BASE_URL) in the environment.
2026-10-09 10:43:46,165 ERROR [panda.models] MLLM failed to produce parseable JSON after retries
2026-10-09 10:43:46,166 WARNING [panda.agent] reflection output not parseable; using empty reflection
2026-10-09 10:43:46,166 INFO [panda.agent] clip 26 reflection round 2: tools=[]
2026-10-09 10:43:46,167 INFO [panda.agent] clip 26: reflection suggested no tools
2026-10-09 10:43:47,783 INFO [httpx2] HTTP Request: POST http://localhost:8000/v1/chat/completions "HTTP/1.1 200 OK"
2026-10-09 10:43:47,784 INFO [panda.agent] clip 26 re-reason (round 2): score=0.200 status=insufficient
2026-10-09 10:43:47,786 WARNING [panda.models] MLLM request failed (attempt 1): MLLM API key missing: set KIMI_API_KEY (and optionally KIMI_BASE_URL) in the environment.
2026-10-09 10:43:47,786 WARNING [panda.models] MLLM request failed (attempt 2): MLLM API key missing: set KIMI_API_KEY (and optionally KIMI_BASE_URL) in the environment.
2026-10-09 10:43:47,786 ERROR [panda.models] MLLM failed to produce parseable JSON after retries
2026-10-09 10:43:47,786 WARNING [panda.agent] reflection output not parseable; using empty reflection
2026-10-09 10:43:47,786 INFO [panda.agent] clip 26 reflection round 3: tools=[]
2026-10-09 10:43:47,787 INFO [panda.agent] clip 26: reflection suggested no tools
2026-10-09 10:43:49,387 INFO [httpx2] HTTP Request: POST http://localhost:8000/v1/chat/completions "HTTP/1.1 200 OK"
2026-10-09 10:43:49,388 INFO [panda.agent] clip 26 re-reason (round 3): score=0.200 status=insufficient
2026-10-09 10:43:49,390 INFO [panda.agent] clip 26: still insufficient after 3 rounds; fallback score 0.50
2026-10-09 10:43:50,902 INFO [httpx2] HTTP Request: POST http://localhost:8000/v1/chat/completions "HTTP/1.1 200 OK"
2026-10-09 10:43:50,903 INFO [panda.agent] clip 27 reason: score=0.100 status=normal
2026-10-09 10:43:52,529 INFO [httpx2] HTTP Request: POST http://localhost:8000/v1/chat/completions "HTTP/1.1 200 OK"
2026-10-09 10:43:52,530 INFO [panda.agent] clip 28 reason: score=0.000 status=normal
2026-10-09 10:43:53,445 INFO [httpx2] HTTP Request: POST http://localhost:8000/v1/chat/completions "HTTP/1.1 200 OK"
2026-10-09 10:43:53,446 INFO [panda.agent] clip 29 reason: score=0.200 status=insufficient
2026-10-09 10:43:53,448 WARNING [panda.models] MLLM request failed (attempt 1): MLLM API key missing: set KIMI_API_KEY (and optionally KIMI_BASE_URL) in the environment.
2026-10-09 10:43:53,448 WARNING [panda.models] MLLM request failed (attempt 2): MLLM API key missing: set KIMI_API_KEY (and optionally KIMI_BASE_URL) in the environment.
2026-10-09 10:43:53,448 ERROR [panda.models] MLLM failed to produce parseable JSON after retries
2026-10-09 10:43:53,448 WARNING [panda.agent] reflection output not parseable; using empty reflection
2026-10-09 10:43:53,448 INFO [panda.agent] clip 29 reflection round 1: tools=[]
2026-10-09 10:43:53,448 INFO [panda.agent] clip 29: reflection suggested no tools
2026-10-09 10:43:54,224 INFO [httpx2] HTTP Request: POST http://localhost:8000/v1/chat/completions "HTTP/1.1 200 OK"
2026-10-09 10:43:54,225 INFO [panda.agent] clip 29 re-reason (round 1): score=0.200 status=insufficient
2026-10-09 10:43:54,226 WARNING [panda.models] MLLM request failed (attempt 1): MLLM API key missing: set KIMI_API_KEY (and optionally KIMI_BASE_URL) in the environment.
2026-10-09 10:43:54,226 WARNING [panda.models] MLLM request failed (attempt 2): MLLM API key missing: set KIMI_API_KEY (and optionally KIMI_BASE_URL) in the environment.
2026-10-09 10:43:54,226 ERROR [panda.models] MLLM failed to produce parseable JSON after retries
2026-10-09 10:43:54,226 WARNING [panda.agent] reflection output not parseable; using empty reflection
2026-10-09 10:43:54,226 INFO [panda.agent] clip 29 reflection round 2: tools=[]
2026-10-09 10:43:54,226 INFO [panda.agent] clip 29: reflection suggested no tools
2026-10-09 10:43:54,989 INFO [httpx2] HTTP Request: POST http://localhost:8000/v1/chat/completions "HTTP/1.1 200 OK"
2026-10-09 10:43:54,991 INFO [panda.agent] clip 29 re-reason (round 2): score=0.200 status=insufficient
2026-10-09 10:43:54,992 WARNING [panda.models] MLLM request failed (attempt 1): MLLM API key missing: set KIMI_API_KEY (and optionally KIMI_BASE_URL) in the environment.
2026-10-09 10:43:54,992 WARNING [panda.models] MLLM request failed (attempt 2): MLLM API key missing: set KIMI_API_KEY (and optionally KIMI_BASE_URL) in the environment.
2026-10-09 10:43:54,992 ERROR [panda.models] MLLM failed to produce parseable JSON after retries
2026-10-09 10:43:54,992 WARNING [panda.agent] reflection output not parseable; using empty reflection
2026-10-09 10:43:54,993 INFO [panda.agent] clip 29 reflection round 3: tools=[]
2026-10-09 10:43:54,993 INFO [panda.agent] clip 29: reflection suggested no tools
2026-10-09 10:43:55,769 INFO [httpx2] HTTP Request: POST http://localhost:8000/v1/chat/completions "HTTP/1.1 200 OK"
2026-10-09 10:43:55,772 INFO [panda.agent] clip 29 re-reason (round 3): score=0.200 status=insufficient
2026-10-09 10:43:55,774 INFO [panda.agent] clip 29: still insufficient after 3 rounds; fallback score 0.50
2026-10-09 10:43:57,280 INFO [httpx2] HTTP Request: POST http://localhost:8000/v1/chat/completions "HTTP/1.1 200 OK"
2026-10-09 10:43:57,281 INFO [panda.agent] clip 30 reason: score=0.000 status=normal
2026-10-09 10:43:58,789 INFO [httpx2] HTTP Request: POST http://localhost:8000/v1/chat/completions "HTTP/1.1 200 OK"
2026-10-09 10:43:58,791 INFO [panda.agent] clip 31 reason: score=0.200 status=insufficient
2026-10-09 10:43:58,792 WARNING [panda.models] MLLM request failed (attempt 1): MLLM API key missing: set KIMI_API_KEY (and optionally KIMI_BASE_URL) in the environment.
2026-10-09 10:43:58,792 WARNING [panda.models] MLLM request failed (attempt 2): MLLM API key missing: set KIMI_API_KEY (and optionally KIMI_BASE_URL) in the environment.
2026-10-09 10:43:58,792 ERROR [panda.models] MLLM failed to produce parseable JSON after retries
2026-10-09 10:43:58,792 WARNING [panda.agent] reflection output not parseable; using empty reflection
2026-10-09 10:43:58,792 INFO [panda.agent] clip 31 reflection round 1: tools=[]
2026-10-09 10:43:58,793 INFO [panda.agent] clip 31: reflection suggested no tools
2026-10-09 10:44:00,161 INFO [httpx2] HTTP Request: POST http://localhost:8000/v1/chat/completions "HTTP/1.1 200 OK"
2026-10-09 10:44:00,164 INFO [panda.agent] clip 31 re-reason (round 1): score=0.200 status=insufficient
2026-10-09 10:44:00,166 WARNING [panda.models] MLLM request failed (attempt 1): MLLM API key missing: set KIMI_API_KEY (and optionally KIMI_BASE_URL) in the environment.
2026-10-09 10:44:00,167 WARNING [panda.models] MLLM request failed (attempt 2): MLLM API key missing: set KIMI_API_KEY (and optionally KIMI_BASE_URL) in the environment.
2026-10-09 10:44:00,167 ERROR [panda.models] MLLM failed to produce parseable JSON after retries
2026-10-09 10:44:00,167 WARNING [panda.agent] reflection output not parseable; using empty reflection
2026-10-09 10:44:00,167 INFO [panda.agent] clip 31 reflection round 2: tools=[]
2026-10-09 10:44:00,169 INFO [panda.agent] clip 31: reflection suggested no tools
2026-10-09 10:44:01,543 INFO [httpx2] HTTP Request: POST http://localhost:8000/v1/chat/completions "HTTP/1.1 200 OK"
2026-10-09 10:44:01,544 INFO [panda.agent] clip 31 re-reason (round 2): score=0.200 status=insufficient
2026-10-09 10:44:01,545 WARNING [panda.models] MLLM request failed (attempt 1): MLLM API key missing: set KIMI_API_KEY (and optionally KIMI_BASE_URL) in the environment.
2026-10-09 10:44:01,545 WARNING [panda.models] MLLM request failed (attempt 2): MLLM API key missing: set KIMI_API_KEY (and optionally KIMI_BASE_URL) in the environment.
2026-10-09 10:44:01,545 ERROR [panda.models] MLLM failed to produce parseable JSON after retries
2026-10-09 10:44:01,545 WARNING [panda.agent] reflection output not parseable; using empty reflection
2026-10-09 10:44:01,545 INFO [panda.agent] clip 31 reflection round 3: tools=[]
2026-10-09 10:44:01,546 INFO [panda.agent] clip 31: reflection suggested no tools
2026-10-09 10:44:02,919 INFO [httpx2] HTTP Request: POST http://localhost:8000/v1/chat/completions "HTTP/1.1 200 OK"
2026-10-09 10:44:02,920 INFO [panda.agent] clip 31 re-reason (round 3): score=0.200 status=insufficient
2026-10-09 10:44:02,921 INFO [panda.agent] clip 31: still insufficient after 3 rounds; fallback score 0.50
2026-10-09 10:44:03,828 INFO [httpx2] HTTP Request: POST http://localhost:8000/v1/chat/completions "HTTP/1.1 200 OK"
2026-10-09 10:44:03,829 INFO [panda.agent] clip 32 reason: score=0.200 status=insufficient
2026-10-09 10:44:03,830 WARNING [panda.models] MLLM request failed (attempt 1): MLLM API key missing: set KIMI_API_KEY (and optionally KIMI_BASE_URL) in the environment.
2026-10-09 10:44:03,830 WARNING [panda.models] MLLM request failed (attempt 2): MLLM API key missing: set KIMI_API_KEY (and optionally KIMI_BASE_URL) in the environment.
2026-10-09 10:44:03,830 ERROR [panda.models] MLLM failed to produce parseable JSON after retries
2026-10-09 10:44:03,830 WARNING [panda.agent] reflection output not parseable; using empty reflection
2026-10-09 10:44:03,830 INFO [panda.agent] clip 32 reflection round 1: tools=[]
2026-10-09 10:44:03,830 INFO [panda.agent] clip 32: reflection suggested no tools
2026-10-09 10:44:04,599 INFO [httpx2] HTTP Request: POST http://localhost:8000/v1/chat/completions "HTTP/1.1 200 OK"
2026-10-09 10:44:04,600 INFO [panda.agent] clip 32 re-reason (round 1): score=0.200 status=insufficient
2026-10-09 10:44:04,601 WARNING [panda.models] MLLM request failed (attempt 1): MLLM API key missing: set KIMI_API_KEY (and optionally KIMI_BASE_URL) in the environment.
2026-10-09 10:44:04,602 WARNING [panda.models] MLLM request failed (attempt 2): MLLM API key missing: set KIMI_API_KEY (and optionally KIMI_BASE_URL) in the environment.
2026-10-09 10:44:04,602 ERROR [panda.models] MLLM failed to produce parseable JSON after retries
2026-10-09 10:44:04,602 WARNING [panda.agent] reflection output not parseable; using empty reflection
2026-10-09 10:44:04,602 INFO [panda.agent] clip 32 reflection round 2: tools=[]
2026-10-09 10:44:04,602 INFO [panda.agent] clip 32: reflection suggested no tools
2026-10-09 10:44:05,375 INFO [httpx2] HTTP Request: POST http://localhost:8000/v1/chat/completions "HTTP/1.1 200 OK"
2026-10-09 10:44:05,377 INFO [panda.agent] clip 32 re-reason (round 2): score=0.200 status=insufficient
2026-10-09 10:44:05,379 WARNING [panda.models] MLLM request failed (attempt 1): MLLM API key missing: set KIMI_API_KEY (and optionally KIMI_BASE_URL) in the environment.
2026-10-09 10:44:05,380 WARNING [panda.models] MLLM request failed (attempt 2): MLLM API key missing: set KIMI_API_KEY (and optionally KIMI_BASE_URL) in the environment.
2026-10-09 10:44:05,380 ERROR [panda.models] MLLM failed to produce parseable JSON after retries
2026-10-09 10:44:05,380 WARNING [panda.agent] reflection output not parseable; using empty reflection
2026-10-09 10:44:05,380 INFO [panda.agent] clip 32 reflection round 3: tools=[]
2026-10-09 10:44:05,381 INFO [panda.agent] clip 32: reflection suggested no tools
2026-10-09 10:44:06,162 INFO [httpx2] HTTP Request: POST http://localhost:8000/v1/chat/completions "HTTP/1.1 200 OK"
2026-10-09 10:44:06,164 INFO [panda.agent] clip 32 re-reason (round 3): score=0.200 status=insufficient
2026-10-09 10:44:06,167 INFO [panda.agent] clip 32: still insufficient after 3 rounds; fallback score 0.50
2026-10-09 10:44:07,926 INFO [httpx2] HTTP Request: POST http://localhost:8000/v1/chat/completions "HTTP/1.1 200 OK"
2026-10-09 10:44:07,926 INFO [panda.agent] clip 33 reason: score=0.200 status=insufficient
2026-10-09 10:44:07,927 WARNING [panda.models] MLLM request failed (attempt 1): MLLM API key missing: set KIMI_API_KEY (and optionally KIMI_BASE_URL) in the environment.
2026-10-09 10:44:07,927 WARNING [panda.models] MLLM request failed (attempt 2): MLLM API key missing: set KIMI_API_KEY (and optionally KIMI_BASE_URL) in the environment.
2026-10-09 10:44:07,927 ERROR [panda.models] MLLM failed to produce parseable JSON after retries
2026-10-09 10:44:07,928 WARNING [panda.agent] reflection output not parseable; using empty reflection
2026-10-09 10:44:07,928 INFO [panda.agent] clip 33 reflection round 1: tools=[]
2026-10-09 10:44:07,928 INFO [panda.agent] clip 33: reflection suggested no tools
2026-10-09 10:44:09,548 INFO [httpx2] HTTP Request: POST http://localhost:8000/v1/chat/completions "HTTP/1.1 200 OK"
2026-10-09 10:44:09,550 INFO [panda.agent] clip 33 re-reason (round 1): score=0.200 status=insufficient
2026-10-09 10:44:09,551 WARNING [panda.models] MLLM request failed (attempt 1): MLLM API key missing: set KIMI_API_KEY (and optionally KIMI_BASE_URL) in the environment.
2026-10-09 10:44:09,551 WARNING [panda.models] MLLM request failed (attempt 2): MLLM API key missing: set KIMI_API_KEY (and optionally KIMI_BASE_URL) in the environment.
2026-10-09 10:44:09,551 ERROR [panda.models] MLLM failed to produce parseable JSON after retries
2026-10-09 10:44:09,551 WARNING [panda.agent] reflection output not parseable; using empty reflection
2026-10-09 10:44:09,551 INFO [panda.agent] clip 33 reflection round 2: tools=[]
2026-10-09 10:44:09,552 INFO [panda.agent] clip 33: reflection suggested no tools
2026-10-09 10:44:11,180 INFO [httpx2] HTTP Request: POST http://localhost:8000/v1/chat/completions "HTTP/1.1 200 OK"
2026-10-09 10:44:11,182 INFO [panda.agent] clip 33 re-reason (round 2): score=0.200 status=insufficient
2026-10-09 10:44:11,184 WARNING [panda.models] MLLM request failed (attempt 1): MLLM API key missing: set KIMI_API_KEY (and optionally KIMI_BASE_URL) in the environment.
2026-10-09 10:44:11,184 WARNING [panda.models] MLLM request failed (attempt 2): MLLM API key missing: set KIMI_API_KEY (and optionally KIMI_BASE_URL) in the environment.
2026-10-09 10:44:11,184 ERROR [panda.models] MLLM failed to produce parseable JSON after retries
2026-10-09 10:44:11,184 WARNING [panda.agent] reflection output not parseable; using empty reflection
2026-10-09 10:44:11,184 INFO [panda.agent] clip 33 reflection round 3: tools=[]
2026-10-09 10:44:11,185 INFO [panda.agent] clip 33: reflection suggested no tools
2026-10-09 10:44:12,805 INFO [httpx2] HTTP Request: POST http://localhost:8000/v1/chat/completions "HTTP/1.1 200 OK"
2026-10-09 10:44:12,807 INFO [panda.agent] clip 33 re-reason (round 3): score=0.200 status=insufficient
2026-10-09 10:44:12,810 INFO [panda.agent] clip 33: still insufficient after 3 rounds; fallback score 0.50
2026-10-09 10:44:14,881 INFO [httpx2] HTTP Request: POST http://localhost:8000/v1/chat/completions "HTTP/1.1 200 OK"
2026-10-09 10:44:14,883 INFO [panda.agent] clip 34 reason: score=0.000 status=normal
2026-10-09 10:44:16,779 INFO [httpx2] HTTP Request: POST http://localhost:8000/v1/chat/completions "HTTP/1.1 200 OK"
2026-10-09 10:44:16,782 INFO [panda.agent] clip 35 reason: score=0.000 status=normal
2026-10-09 10:44:18,411 INFO [httpx2] HTTP Request: POST http://localhost:8000/v1/chat/completions "HTTP/1.1 200 OK"
2026-10-09 10:44:18,414 INFO [panda.agent] clip 36 reason: score=0.200 status=insufficient
2026-10-09 10:44:18,416 WARNING [panda.models] MLLM request failed (attempt 1): MLLM API key missing: set KIMI_API_KEY (and optionally KIMI_BASE_URL) in the environment.
2026-10-09 10:44:18,416 WARNING [panda.models] MLLM request failed (attempt 2): MLLM API key missing: set KIMI_API_KEY (and optionally KIMI_BASE_URL) in the environment.
2026-10-09 10:44:18,416 ERROR [panda.models] MLLM failed to produce parseable JSON after retries
2026-10-09 10:44:18,417 WARNING [panda.agent] reflection output not parseable; using empty reflection
2026-10-09 10:44:18,417 INFO [panda.agent] clip 36 reflection round 1: tools=[]
2026-10-09 10:44:18,418 INFO [panda.agent] clip 36: reflection suggested no tools
2026-10-09 10:44:19,892 INFO [httpx2] HTTP Request: POST http://localhost:8000/v1/chat/completions "HTTP/1.1 200 OK"
2026-10-09 10:44:19,894 INFO [panda.agent] clip 36 re-reason (round 1): score=0.200 status=insufficient
2026-10-09 10:44:19,897 WARNING [panda.models] MLLM request failed (attempt 1): MLLM API key missing: set KIMI_API_KEY (and optionally KIMI_BASE_URL) in the environment.
2026-10-09 10:44:19,897 WARNING [panda.models] MLLM request failed (attempt 2): MLLM API key missing: set KIMI_API_KEY (and optionally KIMI_BASE_URL) in the environment.
2026-10-09 10:44:19,898 ERROR [panda.models] MLLM failed to produce parseable JSON after retries
2026-10-09 10:44:19,898 WARNING [panda.agent] reflection output not parseable; using empty reflection
2026-10-09 10:44:19,898 INFO [panda.agent] clip 36 reflection round 2: tools=[]
2026-10-09 10:44:19,899 INFO [panda.agent] clip 36: reflection suggested no tools
2026-10-09 10:44:21,371 INFO [httpx2] HTTP Request: POST http://localhost:8000/v1/chat/completions "HTTP/1.1 200 OK"
2026-10-09 10:44:21,374 INFO [panda.agent] clip 36 re-reason (round 2): score=0.200 status=insufficient
2026-10-09 10:44:21,377 WARNING [panda.models] MLLM request failed (attempt 1): MLLM API key missing: set KIMI_API_KEY (and optionally KIMI_BASE_URL) in the environment.
2026-10-09 10:44:21,377 WARNING [panda.models] MLLM request failed (attempt 2): MLLM API key missing: set KIMI_API_KEY (and optionally KIMI_BASE_URL) in the environment.
2026-10-09 10:44:21,377 ERROR [panda.models] MLLM failed to produce parseable JSON after retries
2026-10-09 10:44:21,377 WARNING [panda.agent] reflection output not parseable; using empty reflection
2026-10-09 10:44:21,377 INFO [panda.agent] clip 36 reflection round 3: tools=[]
2026-10-09 10:44:21,379 INFO [panda.agent] clip 36: reflection suggested no tools
2026-10-09 10:44:22,856 INFO [httpx2] HTTP Request: POST http://localhost:8000/v1/chat/completions "HTTP/1.1 200 OK"
2026-10-09 10:44:22,858 INFO [panda.agent] clip 36 re-reason (round 3): score=0.200 status=insufficient
2026-10-09 10:44:22,861 INFO [panda.agent] clip 36: still insufficient after 3 rounds; fallback score 0.50
2026-10-09 10:44:24,138 INFO [httpx2] HTTP Request: POST http://localhost:8000/v1/chat/completions "HTTP/1.1 200 OK"
2026-10-09 10:44:24,140 INFO [panda.agent] clip 37 reason: score=0.100 status=normal
2026-10-09 10:44:26,034 INFO [httpx2] HTTP Request: POST http://localhost:8000/v1/chat/completions "HTTP/1.1 200 OK"
2026-10-09 10:44:26,036 INFO [panda.agent] clip 38 reason: score=0.000 status=normal
2026-10-09 10:44:27,820 INFO [httpx2] HTTP Request: POST http://localhost:8000/v1/chat/completions "HTTP/1.1 200 OK"
2026-10-09 10:44:27,822 INFO [panda.agent] clip 39 reason: score=0.000 status=normal
2026-10-09 10:44:29,545 INFO [httpx2] HTTP Request: POST http://localhost:8000/v1/chat/completions "HTTP/1.1 200 OK"
2026-10-09 10:44:29,547 INFO [panda.agent] clip 40 reason: score=0.000 status=normal
2026-10-09 10:44:31,438 INFO [httpx2] HTTP Request: POST http://localhost:8000/v1/chat/completions "HTTP/1.1 200 OK"
2026-10-09 10:44:31,440 INFO [panda.agent] clip 41 reason: score=0.000 status=normal
2026-10-09 10:44:33,218 INFO [httpx2] HTTP Request: POST http://localhost:8000/v1/chat/completions "HTTP/1.1 200 OK"
2026-10-09 10:44:33,219 INFO [panda.agent] clip 42 reason: score=0.000 status=normal
2026-10-09 10:44:35,248 INFO [httpx2] HTTP Request: POST http://localhost:8000/v1/chat/completions "HTTP/1.1 200 OK"
2026-10-09 10:44:35,249 INFO [panda.agent] clip 43 reason: score=0.000 status=normal
2026-10-09 10:44:37,011 INFO [httpx2] HTTP Request: POST http://localhost:8000/v1/chat/completions "HTTP/1.1 200 OK"
2026-10-09 10:44:37,014 INFO [panda.agent] clip 44 reason: score=0.000 status=normal
2026-10-09 10:44:39,036 INFO [httpx2] HTTP Request: POST http://localhost:8000/v1/chat/completions "HTTP/1.1 200 OK"
2026-10-09 10:44:39,038 INFO [panda.agent] clip 45 reason: score=0.000 status=normal
2026-10-09 10:44:40,933 INFO [httpx2] HTTP Request: POST http://localhost:8000/v1/chat/completions "HTTP/1.1 200 OK"
2026-10-09 10:44:40,935 INFO [panda.agent] clip 46 reason: score=0.000 status=normal
2026-10-09 10:44:42,539 INFO [httpx2] HTTP Request: POST http://localhost:8000/v1/chat/completions "HTTP/1.1 200 OK"
2026-10-09 10:44:42,541 INFO [panda.agent] clip 47 reason: score=0.000 status=normal
2026-10-09 10:44:44,437 INFO [httpx2] HTTP Request: POST http://localhost:8000/v1/chat/completions "HTTP/1.1 200 OK"
2026-10-09 10:44:44,439 INFO [panda.agent] clip 48 reason: score=0.000 status=normal
2026-10-09 10:44:46,219 INFO [httpx2] HTTP Request: POST http://localhost:8000/v1/chat/completions "HTTP/1.1 200 OK"
2026-10-09 10:44:46,221 INFO [panda.agent] clip 49 reason: score=0.000 status=normal
2026-10-09 10:44:48,009 INFO [httpx2] HTTP Request: POST http://localhost:8000/v1/chat/completions "HTTP/1.1 200 OK"
2026-10-09 10:44:48,011 INFO [panda.agent] clip 50 reason: score=0.000 status=normal
2026-10-09 10:44:49,721 INFO [httpx2] HTTP Request: POST http://localhost:8000/v1/chat/completions "HTTP/1.1 200 OK"
2026-10-09 10:44:49,723 INFO [panda.agent] clip 51 reason: score=0.000 status=normal
2026-10-09 10:44:49,725 INFO [panda.agent] === video Burglary005_x264 done: 52 clips ===
2026-10-09 10:44:49,735 INFO [run_eval] video Burglary005_x264 done in 122.5s: auc raw=95.33 smoothed=99.86
2026-10-09 10:44:49,735 INFO [run_eval] video Burglary017_x264 (abnormal): 70 frames, fps=30.00
2026-10-09 10:44:49,736 INFO [panda.agent] === video Burglary017_x264: 70 frames, 14 clips ===
2026-10-09 10:44:49,737 INFO [panda.agent] perception: sampled 70 frames, sending 32 (token budget)
2026-10-09 10:44:51,792 INFO [httpx2] HTTP Request: POST http://localhost:8000/v1/chat/completions "HTTP/1.1 200 OK"
2026-10-09 10:44:54,851 INFO [httpx2] HTTP Request: POST http://localhost:8000/v1/chat/completions "HTTP/1.1 200 OK"
2026-10-09 10:44:58,032 INFO [httpx2] HTTP Request: POST http://localhost:8000/v1/chat/completions "HTTP/1.1 200 OK"
2026-10-09 10:45:00,296 INFO [httpx2] HTTP Request: POST http://localhost:8000/v1/chat/completions "HTTP/1.1 200 OK"
2026-10-09 10:45:00,298 INFO [panda.agent] perception done: {'Scene Overview': 'The video shows a man in a jewelry store. He is standing behind the counter and appears to be looking at something on the counter.; The video shows a man standing at a counter in a room with a mirror behind him. The room appears to be a hotel lobby or a similar setting. There are chairs and tables visible in the background.; The video shows a jewelry store with a counter where a man is working behind it. There are various jewelry items displayed on the counter and shelves. The store has a clean and organized appearance.; The video shows a jewelry store with a counter, shelves, and a mirror reflecting the interior. A man is seen interacting with another person behind the counter.', 'Weather Condition': 'The video is taken indoors, so there is no weather condition to describe.; The video is in black and white, so it is not possible to determine the weather condition. However, the lighting suggests that it is daytime.; The video is in black and white, indicating that it was recorded at night or in a low-light environment. There is no indication of weather conditions as the scene is indoors.; The video is shot indoors, so there is no weather condition to describe.', 'Video Quality': 'The video is of low quality, with a grainy texture and low resolution. The image is also blurry, making it difficult to see details clearly.; The video is of moderate quality, with some noise and graininess. The image is slightly blurry, which may make it difficult to discern fine details.; The video appears to be of moderate quality, with some graininess and noise present. The image is not very sharp, but the objects and people in the scene are still distinguishable.; The video appears to be of moderate quality, with some graininess and noise present. The lighting is adequate for the indoor setting, but the image could be clearer.', 'Potential Anomalies': 'There are no obvious signs of abnormal events in the video.; Based on the visual content, there are no obvious signs of abnormal events such as fighting, stealing, or vandalism. However, the man appears to be in a potentially suspicious situation, as he is standing at the counter and looking around.; There are no obvious signs of abnormal events in the video. However, the man behind the counter seems to be handling jewelry items, which could potentially lead to shoplifting or stealing if he were to take them without permission.; Based on the visual content, potential anomalies include Theft, Shoplifting, and Stealing.'}
2026-10-09 10:45:00,300 INFO [panda.agent] planning: retrieved 0 rules
2026-10-09 10:45:00,301 WARNING [panda.models] MLLM request failed (attempt 1): MLLM API key missing: set KIMI_API_KEY (and optionally KIMI_BASE_URL) in the environment.
2026-10-09 10:45:00,301 WARNING [panda.models] MLLM request failed (attempt 2): MLLM API key missing: set KIMI_API_KEY (and optionally KIMI_BASE_URL) in the environment.
2026-10-09 10:45:00,301 ERROR [panda.models] MLLM failed to produce parseable JSON after retries
2026-10-09 10:45:00,301 WARNING [panda.agent] planning output not parseable; using empty plan
2026-10-09 10:45:00,301 INFO [panda.agent] planning done: preprocessing=, anomalies=
2026-10-09 10:45:01,994 INFO [httpx2] HTTP Request: POST http://localhost:8000/v1/chat/completions "HTTP/1.1 200 OK"
2026-10-09 10:45:01,996 INFO [panda.agent] clip 0 reason: score=0.000 status=normal
2026-10-09 10:45:03,490 INFO [httpx2] HTTP Request: POST http://localhost:8000/v1/chat/completions "HTTP/1.1 200 OK"
2026-10-09 10:45:03,492 INFO [panda.agent] clip 1 reason: score=0.800 status=abnormal
2026-10-09 10:45:04,727 INFO [httpx2] HTTP Request: POST http://localhost:8000/v1/chat/completions "HTTP/1.1 200 OK"
2026-10-09 10:45:04,729 INFO [panda.agent] clip 2 reason: score=0.600 status=abnormal
2026-10-09 10:45:06,188 INFO [httpx2] HTTP Request: POST http://localhost:8000/v1/chat/completions "HTTP/1.1 200 OK"
2026-10-09 10:45:06,190 INFO [panda.agent] clip 3 reason: score=0.800 status=abnormal
2026-10-09 10:45:08,038 INFO [httpx2] HTTP Request: POST http://localhost:8000/v1/chat/completions "HTTP/1.1 200 OK"
2026-10-09 10:45:08,040 INFO [panda.agent] clip 4 reason: score=0.000 status=normal
2026-10-09 10:45:09,478 INFO [httpx2] HTTP Request: POST http://localhost:8000/v1/chat/completions "HTTP/1.1 200 OK"
2026-10-09 10:45:09,483 INFO [panda.agent] clip 5 reason: score=0.000 status=normal
2026-10-09 10:45:11,407 INFO [httpx2] HTTP Request: POST http://localhost:8000/v1/chat/completions "HTTP/1.1 200 OK"
2026-10-09 10:45:11,410 INFO [panda.agent] clip 6 reason: score=0.200 status=insufficient
2026-10-09 10:45:11,413 WARNING [panda.models] MLLM request failed (attempt 1): MLLM API key missing: set KIMI_API_KEY (and optionally KIMI_BASE_URL) in the environment.
2026-10-09 10:45:11,413 WARNING [panda.models] MLLM request failed (attempt 2): MLLM API key missing: set KIMI_API_KEY (and optionally KIMI_BASE_URL) in the environment.
2026-10-09 10:45:11,413 ERROR [panda.models] MLLM failed to produce parseable JSON after retries
2026-10-09 10:45:11,413 WARNING [panda.agent] reflection output not parseable; using empty reflection
2026-10-09 10:45:11,414 INFO [panda.agent] clip 6 reflection round 1: tools=[]
2026-10-09 10:45:11,415 INFO [panda.agent] clip 6: reflection suggested no tools
2026-10-09 10:45:12,719 INFO [httpx2] HTTP Request: POST http://localhost:8000/v1/chat/completions "HTTP/1.1 200 OK"
2026-10-09 10:45:12,721 INFO [panda.agent] clip 6 re-reason (round 1): score=0.000 status=normal
2026-10-09 10:45:14,798 INFO [httpx2] HTTP Request: POST http://localhost:8000/v1/chat/completions "HTTP/1.1 200 OK"
2026-10-09 10:45:14,800 INFO [panda.agent] clip 7 reason: score=0.000 status=normal
2026-10-09 10:45:15,993 INFO [httpx2] HTTP Request: POST http://localhost:8000/v1/chat/completions "HTTP/1.1 200 OK"
2026-10-09 10:45:15,995 INFO [panda.agent] clip 8 reason: score=0.700 status=abnormal
2026-10-09 10:45:17,809 INFO [httpx2] HTTP Request: POST http://localhost:8000/v1/chat/completions "HTTP/1.1 200 OK"
2026-10-09 10:45:17,811 INFO [panda.agent] clip 9 reason: score=0.000 status=normal
2026-10-09 10:45:19,611 INFO [httpx2] HTTP Request: POST http://localhost:8000/v1/chat/completions "HTTP/1.1 200 OK"
2026-10-09 10:45:19,614 INFO [panda.agent] clip 10 reason: score=0.000 status=normal
2026-10-09 10:45:21,257 INFO [httpx2] HTTP Request: POST http://localhost:8000/v1/chat/completions "HTTP/1.1 200 OK"
2026-10-09 10:45:21,259 INFO [panda.agent] clip 11 reason: score=0.100 status=normal
2026-10-09 10:45:22,950 INFO [httpx2] HTTP Request: POST http://localhost:8000/v1/chat/completions "HTTP/1.1 200 OK"
2026-10-09 10:45:22,952 INFO [panda.agent] clip 12 reason: score=0.000 status=normal
2026-10-09 10:45:25,002 INFO [httpx2] HTTP Request: POST http://localhost:8000/v1/chat/completions "HTTP/1.1 200 OK"
2026-10-09 10:45:25,003 INFO [panda.agent] clip 13 reason: score=0.800 status=abnormal
2026-10-09 10:45:25,005 INFO [panda.agent] === video Burglary017_x264 done: 14 clips ===
2026-10-09 10:45:25,016 INFO [run_eval] video Burglary017_x264 done in 35.3s: auc raw=87.33 smoothed=94.73
2026-10-09 10:45:25,016 INFO [run_eval] video Burglary018_x264 (abnormal): 38 frames, fps=30.00
2026-10-09 10:45:25,017 INFO [panda.agent] === video Burglary018_x264: 38 frames, 8 clips ===
2026-10-09 10:45:25,018 INFO [panda.agent] perception: sampled 38 frames, sending 32 (token budget)
2026-10-09 10:45:27,558 INFO [httpx2] HTTP Request: POST http://localhost:8000/v1/chat/completions "HTTP/1.1 200 OK"
2026-10-09 10:45:30,857 INFO [httpx2] HTTP Request: POST http://localhost:8000/v1/chat/completions "HTTP/1.1 200 OK"
2026-10-09 10:45:33,600 INFO [httpx2] HTTP Request: POST http://localhost:8000/v1/chat/completions "HTTP/1.1 200 OK"
2026-10-09 10:45:36,052 INFO [httpx2] HTTP Request: POST http://localhost:8000/v1/chat/completions "HTTP/1.1 200 OK"
2026-10-09 10:45:36,053 INFO [panda.agent] perception done: {'Scene Overview': 'The scene shows a parking lot with a car parked near a building entrance. The ground is tiled, and there is a staircase leading up to the building.; The scene takes place outside a building, possibly a residential or commercial property, with a car parked nearby. The area appears to be a driveway or entranceway leading to the building. There is a person standing near the car, holding a bag.; The scene takes place in a parking lot with a car parked nearby. A person wearing a mask is seen climbing over a wall.; The scene takes place outside a building, possibly near a parking area. A person is seen walking towards the entrance of the building.', 'Weather Condition': "The weather appears to be clear, as there are no visible signs of rain or fog. The lighting suggests it might be daytime.; The weather condition cannot be determined from the video as it is a black and white footage, but the lighting suggests it could be daytime due to the visibility of the surroundings.; The video appears to be taken at night under artificial lighting, as it is dark outside and the scene is illuminated by the camera's light source.", 'Video Quality': 'The video quality is clear, with good visibility of the surroundings. There are no noticeable artifacts or noise that would affect the interpretation of the scene.; The video quality is clear, with good visibility of the scene and the person in the frame. The black and white color scheme does not affect the clarity of the image.; The video quality is clear, with good visibility of the person and the surrounding area. The image is sharp, and there is no noticeable noise or blurriness.; The video quality is clear, with good visibility of the person and their surroundings. There are no noticeable artifacts or noise that would affect the interpretation of the scene.', 'Potential Anomalies': 'There are no obvious signs of abnormal events in these frames. The person walking towards the building does not appear to be engaged in any suspicious activity.; Based on the visual content, there are no obvious signs of abnormal events such as fighting, stealing, or other listed anomalies. The person appears to be standing still, holding a bag, which does not suggest any unusual activity.; Based on the visual content, potential anomalies include Burglary or Vandalism, as the person appears to be climbing over a wall, which could indicate an attempt to enter a restricted area.; Based on the visual content, there are no immediate signs of abnormal events such as fighting, stealing, or other listed anomalies.'}
2026-10-09 10:45:36,054 INFO [panda.agent] planning: retrieved 0 rules
2026-10-09 10:45:36,055 WARNING [panda.models] MLLM request failed (attempt 1): MLLM API key missing: set KIMI_API_KEY (and optionally KIMI_BASE_URL) in the environment.
2026-10-09 10:45:36,055 WARNING [panda.models] MLLM request failed (attempt 2): MLLM API key missing: set KIMI_API_KEY (and optionally KIMI_BASE_URL) in the environment.
2026-10-09 10:45:36,055 ERROR [panda.models] MLLM failed to produce parseable JSON after retries
2026-10-09 10:45:36,055 WARNING [panda.agent] planning output not parseable; using empty plan
2026-10-09 10:45:36,055 INFO [panda.agent] planning done: preprocessing=, anomalies=
2026-10-09 10:45:37,622 INFO [httpx2] HTTP Request: POST http://localhost:8000/v1/chat/completions "HTTP/1.1 200 OK"
2026-10-09 10:45:37,622 INFO [panda.agent] clip 0 reason: score=0.000 status=normal
2026-10-09 10:45:39,212 INFO [httpx2] HTTP Request: POST http://localhost:8000/v1/chat/completions "HTTP/1.1 200 OK"
2026-10-09 10:45:39,213 INFO [panda.agent] clip 1 reason: score=0.000 status=normal
2026-10-09 10:45:40,952 INFO [httpx2] HTTP Request: POST http://localhost:8000/v1/chat/completions "HTTP/1.1 200 OK"
2026-10-09 10:45:40,954 INFO [panda.agent] clip 2 reason: score=0.000 status=normal
2026-10-09 10:45:42,342 INFO [httpx2] HTTP Request: POST http://localhost:8000/v1/chat/completions "HTTP/1.1 200 OK"
2026-10-09 10:45:42,344 INFO [panda.agent] clip 3 reason: score=0.000 status=normal
2026-10-09 10:45:44,111 INFO [httpx2] HTTP Request: POST http://localhost:8000/v1/chat/completions "HTTP/1.1 200 OK"
2026-10-09 10:45:44,113 INFO [panda.agent] clip 4 reason: score=0.000 status=normal
2026-10-09 10:45:45,826 INFO [httpx2] HTTP Request: POST http://localhost:8000/v1/chat/completions "HTTP/1.1 200 OK"
2026-10-09 10:45:45,828 INFO [panda.agent] clip 5 reason: score=0.000 status=normal
2026-10-09 10:45:47,743 INFO [httpx2] HTTP Request: POST http://localhost:8000/v1/chat/completions "HTTP/1.1 200 OK"
2026-10-09 10:45:47,746 INFO [panda.agent] clip 6 reason: score=0.200 status=insufficient
2026-10-09 10:45:47,749 WARNING [panda.models] MLLM request failed (attempt 1): MLLM API key missing: set KIMI_API_KEY (and optionally KIMI_BASE_URL) in the environment.
2026-10-09 10:45:47,749 WARNING [panda.models] MLLM request failed (attempt 2): MLLM API key missing: set KIMI_API_KEY (and optionally KIMI_BASE_URL) in the environment.
2026-10-09 10:45:47,749 ERROR [panda.models] MLLM failed to produce parseable JSON after retries
2026-10-09 10:45:47,749 WARNING [panda.agent] reflection output not parseable; using empty reflection
2026-10-09 10:45:47,749 INFO [panda.agent] clip 6 reflection round 1: tools=[]
2026-10-09 10:45:47,751 INFO [panda.agent] clip 6: reflection suggested no tools
2026-10-09 10:45:49,558 INFO [httpx2] HTTP Request: POST http://localhost:8000/v1/chat/completions "HTTP/1.1 200 OK"
2026-10-09 10:45:49,561 INFO [panda.agent] clip 6 re-reason (round 1): score=0.200 status=insufficient
2026-10-09 10:45:49,563 WARNING [panda.models] MLLM request failed (attempt 1): MLLM API key missing: set KIMI_API_KEY (and optionally KIMI_BASE_URL) in the environment.
2026-10-09 10:45:49,564 WARNING [panda.models] MLLM request failed (attempt 2): MLLM API key missing: set KIMI_API_KEY (and optionally KIMI_BASE_URL) in the environment.
2026-10-09 10:45:49,564 ERROR [panda.models] MLLM failed to produce parseable JSON after retries
2026-10-09 10:45:49,564 WARNING [panda.agent] reflection output not parseable; using empty reflection
2026-10-09 10:45:49,564 INFO [panda.agent] clip 6 reflection round 2: tools=[]
2026-10-09 10:45:49,566 INFO [panda.agent] clip 6: reflection suggested no tools
2026-10-09 10:45:51,367 INFO [httpx2] HTTP Request: POST http://localhost:8000/v1/chat/completions "HTTP/1.1 200 OK"
2026-10-09 10:45:51,369 INFO [panda.agent] clip 6 re-reason (round 2): score=0.200 status=insufficient
2026-10-09 10:45:51,372 WARNING [panda.models] MLLM request failed (attempt 1): MLLM API key missing: set KIMI_API_KEY (and optionally KIMI_BASE_URL) in the environment.
2026-10-09 10:45:51,372 WARNING [panda.models] MLLM request failed (attempt 2): MLLM API key missing: set KIMI_API_KEY (and optionally KIMI_BASE_URL) in the environment.
2026-10-09 10:45:51,372 ERROR [panda.models] MLLM failed to produce parseable JSON after retries
2026-10-09 10:45:51,373 WARNING [panda.agent] reflection output not parseable; using empty reflection
2026-10-09 10:45:51,373 INFO [panda.agent] clip 6 reflection round 3: tools=[]
2026-10-09 10:45:51,374 INFO [panda.agent] clip 6: reflection suggested no tools
2026-10-09 10:45:53,176 INFO [httpx2] HTTP Request: POST http://localhost:8000/v1/chat/completions "HTTP/1.1 200 OK"
2026-10-09 10:45:53,179 INFO [panda.agent] clip 6 re-reason (round 3): score=0.200 status=insufficient
2026-10-09 10:45:53,182 INFO [panda.agent] clip 6: still insufficient after 3 rounds; fallback score 0.50
2026-10-09 10:45:54,800 INFO [httpx2] HTTP Request: POST http://localhost:8000/v1/chat/completions "HTTP/1.1 200 OK"
2026-10-09 10:45:54,803 INFO [panda.agent] clip 7 reason: score=0.000 status=normal
2026-10-09 10:45:54,806 INFO [panda.agent] === video Burglary018_x264 done: 8 clips ===
2026-10-09 10:45:54,827 INFO [run_eval] video Burglary018_x264 done in 29.8s: auc raw=70.83 smoothed=82.05
2026-10-09 10:45:54,827 INFO [run_eval] video Burglary021_x264 (abnormal): 51 frames, fps=30.00
2026-10-09 10:45:54,830 INFO [panda.agent] === video Burglary021_x264: 51 frames, 11 clips ===
2026-10-09 10:45:54,830 INFO [panda.agent] perception: sampled 51 frames, sending 32 (token budget)
2026-10-09 10:45:56,610 INFO [httpx2] HTTP Request: POST http://localhost:8000/v1/chat/completions "HTTP/1.1 200 OK"
2026-10-09 10:45:58,640 INFO [httpx2] HTTP Request: POST http://localhost:8000/v1/chat/completions "HTTP/1.1 200 OK"
2026-10-09 10:46:01,139 INFO [httpx2] HTTP Request: POST http://localhost:8000/v1/chat/completions "HTTP/1.1 200 OK"
2026-10-09 10:46:04,443 INFO [httpx2] HTTP Request: POST http://localhost:8000/v1/chat/completions "HTTP/1.1 200 OK"
2026-10-09 10:46:04,445 INFO [panda.agent] perception done: {'Scene Overview': 'The video shows a truck parked near a building with a person standing next to it.; The video shows a truck parked inside a garage or warehouse. The truck has a flatbed with a metal mesh cover. There are no people or other vehicles visible in the scene.; The video shows a truck parked inside a garage with a motorcycle placed on its bed. A person wearing a black cap and a green jacket is seen moving around the truck, adjusting the motorcycle.; The video shows a truck parked near a building with a motorcycle in its bed. A person wearing a green shirt and black pants is seen moving around the truck, possibly loading or unloading items from the bed.', 'Weather Condition': 'The weather condition appears to be overcast, as there is no direct sunlight visible in the video.; The video appears to be taken indoors, so there is no weather condition to describe.; The weather condition appears to be nighttime, as indicated by the dark sky and artificial lighting.', 'Video Quality': 'The video quality is clear, with good visibility of the truck and the person standing next to it.; The video is clear and well-lit, with good visibility of the truck and its surroundings.; The video has a low resolution and appears to be grainy, which may affect the clarity of the image. The lighting seems to be artificial, possibly from overhead lights in the garage.; The video quality is clear, with good visibility of the truck, the motorcycle, and the person. The camera angle provides a good view of the scene, but there is some motion blur due to the movement of the person.', 'Potential Anomalies': 'There are no potential anomalies detected in this video.; There are no obvious signs of abnormal events such as fighting, stealing, or vandalism in these frames.; Based on the visual content, there are no obvious signs of abnormal events such as fighting, stealing, or vandalism. However, it is possible that the person could be involved in an illegal activity, such as shoplifting or burglary, if they are seen taking items from the truck bed.'}
2026-10-09 10:46:04,447 INFO [panda.agent] planning: retrieved 0 rules
2026-10-09 10:46:04,447 WARNING [panda.models] MLLM request failed (attempt 1): MLLM API key missing: set KIMI_API_KEY (and optionally KIMI_BASE_URL) in the environment.
2026-10-09 10:46:04,447 WARNING [panda.models] MLLM request failed (attempt 2): MLLM API key missing: set KIMI_API_KEY (and optionally KIMI_BASE_URL) in the environment.
2026-10-09 10:46:04,447 ERROR [panda.models] MLLM failed to produce parseable JSON after retries
2026-10-09 10:46:04,447 WARNING [panda.agent] planning output not parseable; using empty plan
2026-10-09 10:46:04,447 INFO [panda.agent] planning done: preprocessing=, anomalies=
2026-10-09 10:46:06,113 INFO [httpx2] HTTP Request: POST http://localhost:8000/v1/chat/completions "HTTP/1.1 200 OK"
2026-10-09 10:46:06,114 INFO [panda.agent] clip 0 reason: score=0.000 status=normal
2026-10-09 10:46:08,415 INFO [httpx2] HTTP Request: POST http://localhost:8000/v1/chat/completions "HTTP/1.1 200 OK"
2026-10-09 10:46:08,417 INFO [panda.agent] clip 1 reason: score=0.200 status=insufficient
2026-10-09 10:46:08,420 WARNING [panda.models] MLLM request failed (attempt 1): MLLM API key missing: set KIMI_API_KEY (and optionally KIMI_BASE_URL) in the environment.
2026-10-09 10:46:08,420 WARNING [panda.models] MLLM request failed (attempt 2): MLLM API key missing: set KIMI_API_KEY (and optionally KIMI_BASE_URL) in the environment.
2026-10-09 10:46:08,420 ERROR [panda.models] MLLM failed to produce parseable JSON after retries
2026-10-09 10:46:08,420 WARNING [panda.agent] reflection output not parseable; using empty reflection
2026-10-09 10:46:08,420 INFO [panda.agent] clip 1 reflection round 1: tools=[]
2026-10-09 10:46:08,421 INFO [panda.agent] clip 1: reflection suggested no tools
2026-10-09 10:46:10,598 INFO [httpx2] HTTP Request: POST http://localhost:8000/v1/chat/completions "HTTP/1.1 200 OK"
2026-10-09 10:46:10,600 INFO [panda.agent] clip 1 re-reason (round 1): score=0.200 status=insufficient
2026-10-09 10:46:10,603 WARNING [panda.models] MLLM request failed (attempt 1): MLLM API key missing: set KIMI_API_KEY (and optionally KIMI_BASE_URL) in the environment.
2026-10-09 10:46:10,603 WARNING [panda.models] MLLM request failed (attempt 2): MLLM API key missing: set KIMI_API_KEY (and optionally KIMI_BASE_URL) in the environment.
2026-10-09 10:46:10,604 ERROR [panda.models] MLLM failed to produce parseable JSON after retries
2026-10-09 10:46:10,604 WARNING [panda.agent] reflection output not parseable; using empty reflection
2026-10-09 10:46:10,604 INFO [panda.agent] clip 1 reflection round 2: tools=[]
2026-10-09 10:46:10,606 INFO [panda.agent] clip 1: reflection suggested no tools
2026-10-09 10:46:12,790 INFO [httpx2] HTTP Request: POST http://localhost:8000/v1/chat/completions "HTTP/1.1 200 OK"
2026-10-09 10:46:12,793 INFO [panda.agent] clip 1 re-reason (round 2): score=0.200 status=insufficient
2026-10-09 10:46:12,795 WARNING [panda.models] MLLM request failed (attempt 1): MLLM API key missing: set KIMI_API_KEY (and optionally KIMI_BASE_URL) in the environment.
2026-10-09 10:46:12,796 WARNING [panda.models] MLLM request failed (attempt 2): MLLM API key missing: set KIMI_API_KEY (and optionally KIMI_BASE_URL) in the environment.
2026-10-09 10:46:12,796 ERROR [panda.models] MLLM failed to produce parseable JSON after retries
2026-10-09 10:46:12,796 WARNING [panda.agent] reflection output not parseable; using empty reflection
2026-10-09 10:46:12,796 INFO [panda.agent] clip 1 reflection round 3: tools=[]
2026-10-09 10:46:12,798 INFO [panda.agent] clip 1: reflection suggested no tools
2026-10-09 10:46:14,985 INFO [httpx2] HTTP Request: POST http://localhost:8000/v1/chat/completions "HTTP/1.1 200 OK"
2026-10-09 10:46:14,987 INFO [panda.agent] clip 1 re-reason (round 3): score=0.200 status=insufficient
2026-10-09 10:46:14,990 INFO [panda.agent] clip 1: still insufficient after 3 rounds; fallback score 0.50
2026-10-09 10:46:16,307 INFO [httpx2] HTTP Request: POST http://localhost:8000/v1/chat/completions "HTTP/1.1 200 OK"
2026-10-09 10:46:16,309 INFO [panda.agent] clip 2 reason: score=0.000 status=normal
2026-10-09 10:46:17,918 INFO [httpx2] HTTP Request: POST http://localhost:8000/v1/chat/completions "HTTP/1.1 200 OK"
2026-10-09 10:46:17,920 INFO [panda.agent] clip 3 reason: score=0.000 status=normal
2026-10-09 10:46:19,730 INFO [httpx2] HTTP Request: POST http://localhost:8000/v1/chat/completions "HTTP/1.1 200 OK"
2026-10-09 10:46:19,732 INFO [panda.agent] clip 4 reason: score=0.000 status=normal
2026-10-09 10:46:21,428 INFO [httpx2] HTTP Request: POST http://localhost:8000/v1/chat/completions "HTTP/1.1 200 OK"
2026-10-09 10:46:21,430 INFO [panda.agent] clip 5 reason: score=0.000 status=normal
2026-10-09 10:46:23,107 INFO [httpx2] HTTP Request: POST http://localhost:8000/v1/chat/completions "HTTP/1.1 200 OK"
2026-10-09 10:46:23,110 INFO [panda.agent] clip 6 reason: score=0.000 status=normal
2026-10-09 10:46:25,085 INFO [httpx2] HTTP Request: POST http://localhost:8000/v1/chat/completions "HTTP/1.1 200 OK"
2026-10-09 10:46:25,088 INFO [panda.agent] clip 7 reason: score=0.000 status=normal
2026-10-09 10:46:26,721 INFO [httpx2] HTTP Request: POST http://localhost:8000/v1/chat/completions "HTTP/1.1 200 OK"
2026-10-09 10:46:26,722 INFO [panda.agent] clip 8 reason: score=0.000 status=normal
2026-10-09 10:46:28,540 INFO [httpx2] HTTP Request: POST http://localhost:8000/v1/chat/completions "HTTP/1.1 200 OK"
2026-10-09 10:46:28,541 INFO [panda.agent] clip 9 reason: score=0.000 status=normal
2026-10-09 10:46:30,631 INFO [httpx2] HTTP Request: POST http://localhost:8000/v1/chat/completions "HTTP/1.1 200 OK"
2026-10-09 10:46:30,632 INFO [panda.agent] clip 10 reason: score=0.000 status=normal
2026-10-09 10:46:30,633 INFO [panda.agent] === video Burglary021_x264 done: 11 clips ===
2026-10-09 10:46:30,642 INFO [run_eval] video Burglary021_x264 done in 35.8s: auc raw=45.38 smoothed=44.59
2026-10-09 10:46:30,642 INFO [run_eval] video Burglary024_x264 (abnormal): 120 frames, fps=30.00
2026-10-09 10:46:30,643 INFO [panda.agent] === video Burglary024_x264: 120 frames, 24 clips ===
2026-10-09 10:46:30,644 INFO [panda.agent] perception: sampled 120 frames, sending 32 (token budget)
2026-10-09 10:46:32,834 INFO [httpx2] HTTP Request: POST http://localhost:8000/v1/chat/completions "HTTP/1.1 200 OK"
2026-10-09 10:46:35,173 INFO [httpx2] HTTP Request: POST http://localhost:8000/v1/chat/completions "HTTP/1.1 200 OK"
2026-10-09 10:46:37,286 INFO [httpx2] HTTP Request: POST http://localhost:8000/v1/chat/completions "HTTP/1.1 200 OK"
2026-10-09 10:46:40,067 INFO [httpx2] HTTP Request: POST http://localhost:8000/v1/chat/completions "HTTP/1.1 200 OK"
2026-10-09 10:46:40,069 INFO [panda.agent] perception done: {'Scene Overview': 'The video shows a woman working at a desk in an office setting. The desk has a computer monitor, keyboard, and other office supplies. There is a filing cabinet next to the desk.; The scene takes place in a small office or workspace with a desk, computer, and some papers. A person is sitting at the desk, working on the computer.; The scene is a security camera view of a room with a desk, a computer, and some papers. There is a person standing near the desk.; The scene shows a cluttered office desk with various items such as a computer monitor, keyboard, papers, and other office supplies. The desk is located near a filing cabinet and a wall-mounted monitor displaying some content.', 'Weather Condition': 'The video is taken indoors, so there is no weather condition to describe.; The video is in black and white, so it is not possible to determine the weather condition.; The weather condition cannot be determined from the video as it is a security camera view of an indoor setting.; The video appears to be taken indoors, so there is no information about weather conditions.', 'Video Quality': 'The video is of low quality, with low resolution and poor lighting. The image is blurry and grainy, making it difficult to see details clearly.; The video appears to be of moderate quality, with clear visibility of the person and the objects in the room. However, the lack of color makes it difficult to assess the lighting conditions accurately.; The video quality appears to be clear, with no noticeable noise or blurriness. The frame rate seems to be consistent.; The video quality seems to be clear, with good visibility of the objects and their details on the desk. However, the image is in black and white, which might affect the perception of colors and lighting conditions.', 'Potential Anomalies': 'There are no potential anomalies detected in this video.; There are no obvious signs of abnormal events in these frames.; There are no potential anomalies detected in the video.; Based on the visual content, there are no obvious signs of abnormal events such as fighting, stealing, or any other listed anomalies.'}
2026-10-09 10:46:40,072 INFO [panda.agent] planning: retrieved 0 rules
2026-10-09 10:46:40,072 WARNING [panda.models] MLLM request failed (attempt 1): MLLM API key missing: set KIMI_API_KEY (and optionally KIMI_BASE_URL) in the environment.
2026-10-09 10:46:40,073 WARNING [panda.models] MLLM request failed (attempt 2): MLLM API key missing: set KIMI_API_KEY (and optionally KIMI_BASE_URL) in the environment.
2026-10-09 10:46:40,073 ERROR [panda.models] MLLM failed to produce parseable JSON after retries
2026-10-09 10:46:40,073 WARNING [panda.agent] planning output not parseable; using empty plan
2026-10-09 10:46:40,073 INFO [panda.agent] planning done: preprocessing=, anomalies=
2026-10-09 10:46:41,795 INFO [httpx2] HTTP Request: POST http://localhost:8000/v1/chat/completions "HTTP/1.1 200 OK"
2026-10-09 10:46:41,798 INFO [panda.agent] clip 0 reason: score=0.000 status=normal
2026-10-09 10:46:43,637 INFO [httpx2] HTTP Request: POST http://localhost:8000/v1/chat/completions "HTTP/1.1 200 OK"
2026-10-09 10:46:43,638 INFO [panda.agent] clip 1 reason: score=0.000 status=normal
2026-10-09 10:46:44,977 INFO [httpx2] HTTP Request: POST http://localhost:8000/v1/chat/completions "HTTP/1.1 200 OK"
2026-10-09 10:46:44,979 INFO [panda.agent] clip 2 reason: score=0.000 status=normal
2026-10-09 10:46:46,254 INFO [httpx2] HTTP Request: POST http://localhost:8000/v1/chat/completions "HTTP/1.1 200 OK"
2026-10-09 10:46:46,256 INFO [panda.agent] clip 3 reason: score=0.000 status=normal
2026-10-09 10:46:47,615 INFO [httpx2] HTTP Request: POST http://localhost:8000/v1/chat/completions "HTTP/1.1 200 OK"
2026-10-09 10:46:47,616 INFO [panda.agent] clip 4 reason: score=0.000 status=normal
2026-10-09 10:46:49,169 INFO [httpx2] HTTP Request: POST http://localhost:8000/v1/chat/completions "HTTP/1.1 200 OK"
2026-10-09 10:46:49,172 INFO [panda.agent] clip 5 reason: score=0.000 status=normal
2026-10-09 10:46:50,838 INFO [httpx2] HTTP Request: POST http://localhost:8000/v1/chat/completions "HTTP/1.1 200 OK"
2026-10-09 10:46:50,840 INFO [panda.agent] clip 6 reason: score=0.000 status=normal
2026-10-09 10:46:52,006 INFO [httpx2] HTTP Request: POST http://localhost:8000/v1/chat/completions "HTTP/1.1 200 OK"
2026-10-09 10:46:52,007 INFO [panda.agent] clip 7 reason: score=0.000 status=normal
2026-10-09 10:46:54,056 INFO [httpx2] HTTP Request: POST http://localhost:8000/v1/chat/completions "HTTP/1.1 200 OK"
2026-10-09 10:46:54,058 INFO [panda.agent] clip 8 reason: score=0.000 status=normal
2026-10-09 10:46:55,809 INFO [httpx2] HTTP Request: POST http://localhost:8000/v1/chat/completions "HTTP/1.1 200 OK"
2026-10-09 10:46:55,811 INFO [panda.agent] clip 9 reason: score=0.000 status=normal
2026-10-09 10:46:57,424 INFO [httpx2] HTTP Request: POST http://localhost:8000/v1/chat/completions "HTTP/1.1 200 OK"
2026-10-09 10:46:57,426 INFO [panda.agent] clip 10 reason: score=0.000 status=normal
2026-10-09 10:46:59,148 INFO [httpx2] HTTP Request: POST http://localhost:8000/v1/chat/completions "HTTP/1.1 200 OK"
2026-10-09 10:46:59,149 INFO [panda.agent] clip 11 reason: score=0.000 status=normal
2026-10-09 10:47:01,132 INFO [httpx2] HTTP Request: POST http://localhost:8000/v1/chat/completions "HTTP/1.1 200 OK"
2026-10-09 10:47:01,133 INFO [panda.agent] clip 12 reason: score=0.000 status=normal
2026-10-09 10:47:02,808 INFO [httpx2] HTTP Request: POST http://localhost:8000/v1/chat/completions "HTTP/1.1 200 OK"
2026-10-09 10:47:02,809 INFO [panda.agent] clip 13 reason: score=0.000 status=normal
2026-10-09 10:47:04,454 INFO [httpx2] HTTP Request: POST http://localhost:8000/v1/chat/completions "HTTP/1.1 200 OK"
2026-10-09 10:47:04,455 INFO [panda.agent] clip 14 reason: score=0.000 status=normal
2026-10-09 10:47:06,174 INFO [httpx2] HTTP Request: POST http://localhost:8000/v1/chat/completions "HTTP/1.1 200 OK"
2026-10-09 10:47:06,176 INFO [panda.agent] clip 15 reason: score=0.000 status=normal
2026-10-09 10:47:08,126 INFO [httpx2] HTTP Request: POST http://localhost:8000/v1/chat/completions "HTTP/1.1 200 OK"
2026-10-09 10:47:08,127 INFO [panda.agent] clip 16 reason: score=0.000 status=normal
2026-10-09 10:47:09,827 INFO [httpx2] HTTP Request: POST http://localhost:8000/v1/chat/completions "HTTP/1.1 200 OK"
2026-10-09 10:47:09,828 INFO [panda.agent] clip 17 reason: score=0.000 status=normal
2026-10-09 10:47:11,513 INFO [httpx2] HTTP Request: POST http://localhost:8000/v1/chat/completions "HTTP/1.1 200 OK"
2026-10-09 10:47:11,515 INFO [panda.agent] clip 18 reason: score=0.000 status=normal
2026-10-09 10:47:13,156 INFO [httpx2] HTTP Request: POST http://localhost:8000/v1/chat/completions "HTTP/1.1 200 OK"
2026-10-09 10:47:13,158 INFO [panda.agent] clip 19 reason: score=0.000 status=normal
2026-10-09 10:47:14,914 INFO [httpx2] HTTP Request: POST http://localhost:8000/v1/chat/completions "HTTP/1.1 200 OK"
2026-10-09 10:47:14,915 INFO [panda.agent] clip 20 reason: score=0.000 status=normal
2026-10-09 10:47:16,760 INFO [httpx2] HTTP Request: POST http://localhost:8000/v1/chat/completions "HTTP/1.1 200 OK"
2026-10-09 10:47:16,762 INFO [panda.agent] clip 21 reason: score=0.000 status=normal
2026-10-09 10:47:18,521 INFO [httpx2] HTTP Request: POST http://localhost:8000/v1/chat/completions "HTTP/1.1 200 OK"
2026-10-09 10:47:18,523 INFO [panda.agent] clip 22 reason: score=0.000 status=normal
2026-10-09 10:47:20,247 INFO [httpx2] HTTP Request: POST http://localhost:8000/v1/chat/completions "HTTP/1.1 200 OK"
2026-10-09 10:47:20,249 INFO [panda.agent] clip 23 reason: score=0.000 status=normal
2026-10-09 10:47:20,250 INFO [panda.agent] === video Burglary024_x264 done: 24 clips ===
2026-10-09 10:47:20,264 INFO [run_eval] video Burglary024_x264 done in 49.6s: auc raw=50.00 smoothed=50.00
2026-10-09 10:47:20,265 INFO [run_eval] video Burglary032_x264 (abnormal): 527 frames, fps=30.00
2026-10-09 10:47:20,266 INFO [panda.agent] === video Burglary032_x264: 527 frames, 106 clips ===
2026-10-09 10:47:20,267 INFO [panda.agent] perception: sampled 300 frames, sending 32 (token budget)
2026-10-09 10:47:22,520 INFO [httpx2] HTTP Request: POST http://localhost:8000/v1/chat/completions "HTTP/1.1 200 OK"
2026-10-09 10:47:24,677 INFO [httpx2] HTTP Request: POST http://localhost:8000/v1/chat/completions "HTTP/1.1 200 OK"
2026-10-09 10:47:26,903 INFO [httpx2] HTTP Request: POST http://localhost:8000/v1/chat/completions "HTTP/1.1 200 OK"
2026-10-09 10:47:29,606 INFO [httpx2] HTTP Request: POST http://localhost:8000/v1/chat/completions "HTTP/1.1 200 OK"
2026-10-09 10:47:29,609 INFO [panda.agent] perception done: {'Scene Overview': 'The video shows a room with a desk, a computer, and some shelves. There are two people in the room, one of them is wearing a white shirt and the other is wearing a dark shirt.; The video shows a room with desks and chairs, possibly an office or a classroom. There are two people present in the scene, one standing near the desk and the other walking around the room.; The scene takes place in a dimly lit office with desks, chairs, and some equipment visible. The office appears to be empty except for two individuals who enter the room.; The video shows a room with a desk, chairs, and some boxes. There are two people in the room, one wearing a white hat and the other wearing a dark shirt.', 'Weather Condition': 'The video is taken indoors, so there is no weather condition to describe.; The video appears to be taken indoors, so there is no weather condition to describe.; The video is shot indoors, so there is no weather condition to describe.', 'Video Quality': 'The video is of low quality, it is blurry and has a low frame rate. The lighting is dim and the image is not very clear.; The video quality is low, with a grainy appearance and poor lighting, making it difficult to discern details.; The video quality is low, with poor lighting and grainy images, making it difficult to discern fine details.; The video is of low quality, with low resolution and poor lighting. The image is blurry and grainy, making it difficult to see details clearly.', 'Potential Anomalies': 'There are no potential anomalies detected in this video.; There are no obvious signs of abnormal events in the video.; There are no obvious signs of abnormal events such as fighting, stealing, or other crimes in these frames.; Based on the visual content, there are no obvious signs of abnormal events such as fighting, stealing, or vandalism. However, the low quality of the video makes it difficult to determine if any abnormal events have occurred.'}
2026-10-09 10:47:29,611 INFO [panda.agent] planning: retrieved 0 rules
2026-10-09 10:47:29,612 WARNING [panda.models] MLLM request failed (attempt 1): MLLM API key missing: set KIMI_API_KEY (and optionally KIMI_BASE_URL) in the environment.
2026-10-09 10:47:29,612 WARNING [panda.models] MLLM request failed (attempt 2): MLLM API key missing: set KIMI_API_KEY (and optionally KIMI_BASE_URL) in the environment.
2026-10-09 10:47:29,612 ERROR [panda.models] MLLM failed to produce parseable JSON after retries
2026-10-09 10:47:29,612 WARNING [panda.agent] planning output not parseable; using empty plan
2026-10-09 10:47:29,612 INFO [panda.agent] planning done: preprocessing=, anomalies=
2026-10-09 10:47:31,244 INFO [httpx2] HTTP Request: POST http://localhost:8000/v1/chat/completions "HTTP/1.1 200 OK"
2026-10-09 10:47:31,246 INFO [panda.agent] clip 0 reason: score=0.000 status=normal
2026-10-09 10:47:32,912 INFO [httpx2] HTTP Request: POST http://localhost:8000/v1/chat/completions "HTTP/1.1 200 OK"
2026-10-09 10:47:32,914 INFO [panda.agent] clip 1 reason: score=0.000 status=normal
2026-10-09 10:47:34,582 INFO [httpx2] HTTP Request: POST http://localhost:8000/v1/chat/completions "HTTP/1.1 200 OK"
2026-10-09 10:47:34,585 INFO [panda.agent] clip 2 reason: score=0.000 status=normal
2026-10-09 10:47:36,236 INFO [httpx2] HTTP Request: POST http://localhost:8000/v1/chat/completions "HTTP/1.1 200 OK"
2026-10-09 10:47:36,238 INFO [panda.agent] clip 3 reason: score=0.000 status=normal
2026-10-09 10:47:37,851 INFO [httpx2] HTTP Request: POST http://localhost:8000/v1/chat/completions "HTTP/1.1 200 OK"
2026-10-09 10:47:37,853 INFO [panda.agent] clip 4 reason: score=0.000 status=normal
2026-10-09 10:47:39,553 INFO [httpx2] HTTP Request: POST http://localhost:8000/v1/chat/completions "HTTP/1.1 200 OK"
2026-10-09 10:47:39,554 INFO [panda.agent] clip 5 reason: score=0.000 status=normal
2026-10-09 10:47:41,230 INFO [httpx2] HTTP Request: POST http://localhost:8000/v1/chat/completions "HTTP/1.1 200 OK"
2026-10-09 10:47:41,231 INFO [panda.agent] clip 6 reason: score=0.000 status=normal
2026-10-09 10:47:43,029 INFO [httpx2] HTTP Request: POST http://localhost:8000/v1/chat/completions "HTTP/1.1 200 OK"
2026-10-09 10:47:43,030 INFO [panda.agent] clip 7 reason: score=0.100 status=normal
2026-10-09 10:47:45,274 INFO [httpx2] HTTP Request: POST http://localhost:8000/v1/chat/completions "HTTP/1.1 200 OK"
2026-10-09 10:47:45,276 INFO [panda.agent] clip 8 reason: score=0.200 status=insufficient
2026-10-09 10:47:45,279 WARNING [panda.models] MLLM request failed (attempt 1): MLLM API key missing: set KIMI_API_KEY (and optionally KIMI_BASE_URL) in the environment.
2026-10-09 10:47:45,279 WARNING [panda.models] MLLM request failed (attempt 2): MLLM API key missing: set KIMI_API_KEY (and optionally KIMI_BASE_URL) in the environment.
2026-10-09 10:47:45,279 ERROR [panda.models] MLLM failed to produce parseable JSON after retries
2026-10-09 10:47:45,279 WARNING [panda.agent] reflection output not parseable; using empty reflection
2026-10-09 10:47:45,279 INFO [panda.agent] clip 8 reflection round 1: tools=[]
2026-10-09 10:47:45,280 INFO [panda.agent] clip 8: reflection suggested no tools
2026-10-09 10:47:47,438 INFO [httpx2] HTTP Request: POST http://localhost:8000/v1/chat/completions "HTTP/1.1 200 OK"
2026-10-09 10:47:47,439 INFO [panda.agent] clip 8 re-reason (round 1): score=0.200 status=insufficient
2026-10-09 10:47:47,441 WARNING [panda.models] MLLM request failed (attempt 1): MLLM API key missing: set KIMI_API_KEY (and optionally KIMI_BASE_URL) in the environment.
2026-10-09 10:47:47,441 WARNING [panda.models] MLLM request failed (attempt 2): MLLM API key missing: set KIMI_API_KEY (and optionally KIMI_BASE_URL) in the environment.
2026-10-09 10:47:47,441 ERROR [panda.models] MLLM failed to produce parseable JSON after retries
2026-10-09 10:47:47,441 WARNING [panda.agent] reflection output not parseable; using empty reflection
2026-10-09 10:47:47,441 INFO [panda.agent] clip 8 reflection round 2: tools=[]
2026-10-09 10:47:47,442 INFO [panda.agent] clip 8: reflection suggested no tools
2026-10-09 10:47:49,601 INFO [httpx2] HTTP Request: POST http://localhost:8000/v1/chat/completions "HTTP/1.1 200 OK"
2026-10-09 10:47:49,604 INFO [panda.agent] clip 8 re-reason (round 2): score=0.200 status=insufficient
2026-10-09 10:47:49,607 WARNING [panda.models] MLLM request failed (attempt 1): MLLM API key missing: set KIMI_API_KEY (and optionally KIMI_BASE_URL) in the environment.
2026-10-09 10:47:49,607 WARNING [panda.models] MLLM request failed (attempt 2): MLLM API key missing: set KIMI_API_KEY (and optionally KIMI_BASE_URL) in the environment.
2026-10-09 10:47:49,608 ERROR [panda.models] MLLM failed to produce parseable JSON after retries
2026-10-09 10:47:49,608 WARNING [panda.agent] reflection output not parseable; using empty reflection
2026-10-09 10:47:49,608 INFO [panda.agent] clip 8 reflection round 3: tools=[]
2026-10-09 10:47:49,610 INFO [panda.agent] clip 8: reflection suggested no tools
2026-10-09 10:47:51,766 INFO [httpx2] HTTP Request: POST http://localhost:8000/v1/chat/completions "HTTP/1.1 200 OK"
2026-10-09 10:47:51,768 INFO [panda.agent] clip 8 re-reason (round 3): score=0.200 status=insufficient
2026-10-09 10:47:51,771 INFO [panda.agent] clip 8: still insufficient after 3 rounds; fallback score 0.50
2026-10-09 10:47:53,284 INFO [httpx2] HTTP Request: POST http://localhost:8000/v1/chat/completions "HTTP/1.1 200 OK"
2026-10-09 10:47:53,286 INFO [panda.agent] clip 9 reason: score=0.100 status=normal
2026-10-09 10:47:55,382 INFO [httpx2] HTTP Request: POST http://localhost:8000/v1/chat/completions "HTTP/1.1 200 OK"
2026-10-09 10:47:55,385 INFO [panda.agent] clip 10 reason: score=0.000 status=normal
2026-10-09 10:47:57,173 INFO [httpx2] HTTP Request: POST http://localhost:8000/v1/chat/completions "HTTP/1.1 200 OK"
2026-10-09 10:47:57,176 INFO [panda.agent] clip 11 reason: score=0.200 status=insufficient
2026-10-09 10:47:57,178 WARNING [panda.models] MLLM request failed (attempt 1): MLLM API key missing: set KIMI_API_KEY (and optionally KIMI_BASE_URL) in the environment.
2026-10-09 10:47:57,178 WARNING [panda.models] MLLM request failed (attempt 2): MLLM API key missing: set KIMI_API_KEY (and optionally KIMI_BASE_URL) in the environment.
2026-10-09 10:47:57,178 ERROR [panda.models] MLLM failed to produce parseable JSON after retries
2026-10-09 10:47:57,178 WARNING [panda.agent] reflection output not parseable; using empty reflection
2026-10-09 10:47:57,179 INFO [panda.agent] clip 11 reflection round 1: tools=[]
2026-10-09 10:47:57,180 INFO [panda.agent] clip 11: reflection suggested no tools
2026-10-09 10:47:58,840 INFO [httpx2] HTTP Request: POST http://localhost:8000/v1/chat/completions "HTTP/1.1 200 OK"
2026-10-09 10:47:58,841 INFO [panda.agent] clip 11 re-reason (round 1): score=0.200 status=insufficient
2026-10-09 10:47:58,842 WARNING [panda.models] MLLM request failed (attempt 1): MLLM API key missing: set KIMI_API_KEY (and optionally KIMI_BASE_URL) in the environment.
2026-10-09 10:47:58,842 WARNING [panda.models] MLLM request failed (attempt 2): MLLM API key missing: set KIMI_API_KEY (and optionally KIMI_BASE_URL) in the environment.
2026-10-09 10:47:58,842 ERROR [panda.models] MLLM failed to produce parseable JSON after retries
2026-10-09 10:47:58,842 WARNING [panda.agent] reflection output not parseable; using empty reflection
2026-10-09 10:47:58,842 INFO [panda.agent] clip 11 reflection round 2: tools=[]
2026-10-09 10:47:58,843 INFO [panda.agent] clip 11: reflection suggested no tools
2026-10-09 10:48:00,497 INFO [httpx2] HTTP Request: POST http://localhost:8000/v1/chat/completions "HTTP/1.1 200 OK"
2026-10-09 10:48:00,498 INFO [panda.agent] clip 11 re-reason (round 2): score=0.200 status=insufficient
2026-10-09 10:48:00,500 WARNING [panda.models] MLLM request failed (attempt 1): MLLM API key missing: set KIMI_API_KEY (and optionally KIMI_BASE_URL) in the environment.
2026-10-09 10:48:00,501 WARNING [panda.models] MLLM request failed (attempt 2): MLLM API key missing: set KIMI_API_KEY (and optionally KIMI_BASE_URL) in the environment.
2026-10-09 10:48:00,501 ERROR [panda.models] MLLM failed to produce parseable JSON after retries
2026-10-09 10:48:00,501 WARNING [panda.agent] reflection output not parseable; using empty reflection
2026-10-09 10:48:00,501 INFO [panda.agent] clip 11 reflection round 3: tools=[]
2026-10-09 10:48:00,502 INFO [panda.agent] clip 11: reflection suggested no tools
2026-10-09 10:48:02,142 INFO [httpx2] HTTP Request: POST http://localhost:8000/v1/chat/completions "HTTP/1.1 200 OK"
2026-10-09 10:48:02,144 INFO [panda.agent] clip 11 re-reason (round 3): score=0.200 status=insufficient
2026-10-09 10:48:02,146 INFO [panda.agent] clip 11: still insufficient after 3 rounds; fallback score 0.50
2026-10-09 10:48:04,500 INFO [httpx2] HTTP Request: POST http://localhost:8000/v1/chat/completions "HTTP/1.1 200 OK"
2026-10-09 10:48:04,502 INFO [panda.agent] clip 12 reason: score=0.200 status=insufficient
2026-10-09 10:48:04,505 WARNING [panda.models] MLLM request failed (attempt 1): MLLM API key missing: set KIMI_API_KEY (and optionally KIMI_BASE_URL) in the environment.
2026-10-09 10:48:04,506 WARNING [panda.models] MLLM request failed (attempt 2): MLLM API key missing: set KIMI_API_KEY (and optionally KIMI_BASE_URL) in the environment.
2026-10-09 10:48:04,506 ERROR [panda.models] MLLM failed to produce parseable JSON after retries
2026-10-09 10:48:04,506 WARNING [panda.agent] reflection output not parseable; using empty reflection
2026-10-09 10:48:04,506 INFO [panda.agent] clip 12 reflection round 1: tools=[]
2026-10-09 10:48:04,508 INFO [panda.agent] clip 12: reflection suggested no tools
2026-10-09 10:48:06,736 INFO [httpx2] HTTP Request: POST http://localhost:8000/v1/chat/completions "HTTP/1.1 200 OK"
2026-10-09 10:48:06,737 INFO [panda.agent] clip 12 re-reason (round 1): score=0.200 status=insufficient
2026-10-09 10:48:06,739 WARNING [panda.models] MLLM request failed (attempt 1): MLLM API key missing: set KIMI_API_KEY (and optionally KIMI_BASE_URL) in the environment.
2026-10-09 10:48:06,739 WARNING [panda.models] MLLM request failed (attempt 2): MLLM API key missing: set KIMI_API_KEY (and optionally KIMI_BASE_URL) in the environment.
2026-10-09 10:48:06,739 ERROR [panda.models] MLLM failed to produce parseable JSON after retries
2026-10-09 10:48:06,739 WARNING [panda.agent] reflection output not parseable; using empty reflection
2026-10-09 10:48:06,739 INFO [panda.agent] clip 12 reflection round 2: tools=[]
2026-10-09 10:48:06,739 INFO [panda.agent] clip 12: reflection suggested no tools
2026-10-09 10:48:08,976 INFO [httpx2] HTTP Request: POST http://localhost:8000/v1/chat/completions "HTTP/1.1 200 OK"
2026-10-09 10:48:08,978 INFO [panda.agent] clip 12 re-reason (round 2): score=0.200 status=insufficient
2026-10-09 10:48:08,981 WARNING [panda.models] MLLM request failed (attempt 1): MLLM API key missing: set KIMI_API_KEY (and optionally KIMI_BASE_URL) in the environment.
2026-10-09 10:48:08,981 WARNING [panda.models] MLLM request failed (attempt 2): MLLM API key missing: set KIMI_API_KEY (and optionally KIMI_BASE_URL) in the environment.
2026-10-09 10:48:08,981 ERROR [panda.models] MLLM failed to produce parseable JSON after retries
2026-10-09 10:48:08,982 WARNING [panda.agent] reflection output not parseable; using empty reflection
2026-10-09 10:48:08,982 INFO [panda.agent] clip 12 reflection round 3: tools=[]
2026-10-09 10:48:08,983 INFO [panda.agent] clip 12: reflection suggested no tools
2026-10-09 10:48:11,143 INFO [httpx2] HTTP Request: POST http://localhost:8000/v1/chat/completions "HTTP/1.1 200 OK"
2026-10-09 10:48:11,144 INFO [panda.agent] clip 12 re-reason (round 3): score=0.200 status=insufficient
2026-10-09 10:48:11,145 INFO [panda.agent] clip 12: still insufficient after 3 rounds; fallback score 0.50
2026-10-09 10:48:13,089 INFO [httpx2] HTTP Request: POST http://localhost:8000/v1/chat/completions "HTTP/1.1 200 OK"
2026-10-09 10:48:13,091 INFO [panda.agent] clip 13 reason: score=0.000 status=normal
2026-10-09 10:48:14,409 INFO [httpx2] HTTP Request: POST http://localhost:8000/v1/chat/completions "HTTP/1.1 200 OK"
2026-10-09 10:48:14,411 INFO [panda.agent] clip 14 reason: score=0.000 status=normal
2026-10-09 10:48:16,011 INFO [httpx2] HTTP Request: POST http://localhost:8000/v1/chat/completions "HTTP/1.1 200 OK"
2026-10-09 10:48:16,014 INFO [panda.agent] clip 15 reason: score=0.000 status=normal
2026-10-09 10:48:17,794 INFO [httpx2] HTTP Request: POST http://localhost:8000/v1/chat/completions "HTTP/1.1 200 OK"
2026-10-09 10:48:17,796 INFO [panda.agent] clip 16 reason: score=0.000 status=normal
2026-10-09 10:48:19,446 INFO [httpx2] HTTP Request: POST http://localhost:8000/v1/chat/completions "HTTP/1.1 200 OK"
2026-10-09 10:48:19,448 INFO [panda.agent] clip 17 reason: score=0.000 status=normal
2026-10-09 10:48:21,058 INFO [httpx2] HTTP Request: POST http://localhost:8000/v1/chat/completions "HTTP/1.1 200 OK"
2026-10-09 10:48:21,060 INFO [panda.agent] clip 18 reason: score=0.000 status=normal
2026-10-09 10:48:22,895 INFO [httpx2] HTTP Request: POST http://localhost:8000/v1/chat/completions "HTTP/1.1 200 OK"
2026-10-09 10:48:22,898 INFO [panda.agent] clip 19 reason: score=0.000 status=normal
2026-10-09 10:48:24,884 INFO [httpx2] HTTP Request: POST http://localhost:8000/v1/chat/completions "HTTP/1.1 200 OK"
2026-10-09 10:48:24,887 INFO [panda.agent] clip 20 reason: score=0.000 status=normal
2026-10-09 10:48:26,580 INFO [httpx2] HTTP Request: POST http://localhost:8000/v1/chat/completions "HTTP/1.1 200 OK"
2026-10-09 10:48:26,582 INFO [panda.agent] clip 21 reason: score=0.000 status=normal
2026-10-09 10:48:28,379 INFO [httpx2] HTTP Request: POST http://localhost:8000/v1/chat/completions "HTTP/1.1 200 OK"
2026-10-09 10:48:28,381 INFO [panda.agent] clip 22 reason: score=0.000 status=normal
2026-10-09 10:48:30,064 INFO [httpx2] HTTP Request: POST http://localhost:8000/v1/chat/completions "HTTP/1.1 200 OK"
2026-10-09 10:48:30,067 INFO [panda.agent] clip 23 reason: score=0.000 status=normal
2026-10-09 10:48:31,791 INFO [httpx2] HTTP Request: POST http://localhost:8000/v1/chat/completions "HTTP/1.1 200 OK"
2026-10-09 10:48:31,794 INFO [panda.agent] clip 24 reason: score=0.000 status=normal
2026-10-09 10:48:33,523 INFO [httpx2] HTTP Request: POST http://localhost:8000/v1/chat/completions "HTTP/1.1 200 OK"
2026-10-09 10:48:33,524 INFO [panda.agent] clip 25 reason: score=0.000 status=normal
2026-10-09 10:48:35,343 INFO [httpx2] HTTP Request: POST http://localhost:8000/v1/chat/completions "HTTP/1.1 200 OK"
2026-10-09 10:48:35,344 INFO [panda.agent] clip 26 reason: score=0.000 status=normal
2026-10-09 10:48:37,204 INFO [httpx2] HTTP Request: POST http://localhost:8000/v1/chat/completions "HTTP/1.1 200 OK"
2026-10-09 10:48:37,206 INFO [panda.agent] clip 27 reason: score=0.000 status=normal
2026-10-09 10:48:38,943 INFO [httpx2] HTTP Request: POST http://localhost:8000/v1/chat/completions "HTTP/1.1 200 OK"
2026-10-09 10:48:38,944 INFO [panda.agent] clip 28 reason: score=0.000 status=normal
2026-10-09 10:48:40,987 INFO [httpx2] HTTP Request: POST http://localhost:8000/v1/chat/completions "HTTP/1.1 200 OK"
2026-10-09 10:48:40,988 INFO [panda.agent] clip 29 reason: score=0.000 status=normal
2026-10-09 10:48:42,750 INFO [httpx2] HTTP Request: POST http://localhost:8000/v1/chat/completions "HTTP/1.1 200 OK"
2026-10-09 10:48:42,752 INFO [panda.agent] clip 30 reason: score=0.000 status=normal
2026-10-09 10:48:44,191 INFO [httpx2] HTTP Request: POST http://localhost:8000/v1/chat/completions "HTTP/1.1 200 OK"
2026-10-09 10:48:44,192 INFO [panda.agent] clip 31 reason: score=0.200 status=insufficient
2026-10-09 10:48:44,194 WARNING [panda.models] MLLM request failed (attempt 1): MLLM API key missing: set KIMI_API_KEY (and optionally KIMI_BASE_URL) in the environment.
2026-10-09 10:48:44,194 WARNING [panda.models] MLLM request failed (attempt 2): MLLM API key missing: set KIMI_API_KEY (and optionally KIMI_BASE_URL) in the environment.
2026-10-09 10:48:44,194 ERROR [panda.models] MLLM failed to produce parseable JSON after retries
2026-10-09 10:48:44,194 WARNING [panda.agent] reflection output not parseable; using empty reflection
2026-10-09 10:48:44,194 INFO [panda.agent] clip 31 reflection round 1: tools=[]
2026-10-09 10:48:44,195 INFO [panda.agent] clip 31: reflection suggested no tools
2026-10-09 10:48:45,463 INFO [httpx2] HTTP Request: POST http://localhost:8000/v1/chat/completions "HTTP/1.1 200 OK"
2026-10-09 10:48:45,466 INFO [panda.agent] clip 31 re-reason (round 1): score=0.200 status=insufficient
2026-10-09 10:48:45,468 WARNING [panda.models] MLLM request failed (attempt 1): MLLM API key missing: set KIMI_API_KEY (and optionally KIMI_BASE_URL) in the environment.
2026-10-09 10:48:45,469 WARNING [panda.models] MLLM request failed (attempt 2): MLLM API key missing: set KIMI_API_KEY (and optionally KIMI_BASE_URL) in the environment.
2026-10-09 10:48:45,469 ERROR [panda.models] MLLM failed to produce parseable JSON after retries
2026-10-09 10:48:45,469 WARNING [panda.agent] reflection output not parseable; using empty reflection
2026-10-09 10:48:45,469 INFO [panda.agent] clip 31 reflection round 2: tools=[]
2026-10-09 10:48:45,471 INFO [panda.agent] clip 31: reflection suggested no tools
2026-10-09 10:48:46,744 INFO [httpx2] HTTP Request: POST http://localhost:8000/v1/chat/completions "HTTP/1.1 200 OK"
2026-10-09 10:48:46,745 INFO [panda.agent] clip 31 re-reason (round 2): score=0.200 status=insufficient
2026-10-09 10:48:46,746 WARNING [panda.models] MLLM request failed (attempt 1): MLLM API key missing: set KIMI_API_KEY (and optionally KIMI_BASE_URL) in the environment.
2026-10-09 10:48:46,746 WARNING [panda.models] MLLM request failed (attempt 2): MLLM API key missing: set KIMI_API_KEY (and optionally KIMI_BASE_URL) in the environment.
2026-10-09 10:48:46,746 ERROR [panda.models] MLLM failed to produce parseable JSON after retries
2026-10-09 10:48:46,746 WARNING [panda.agent] reflection output not parseable; using empty reflection
2026-10-09 10:48:46,746 INFO [panda.agent] clip 31 reflection round 3: tools=[]
2026-10-09 10:48:46,746 INFO [panda.agent] clip 31: reflection suggested no tools
2026-10-09 10:48:48,008 INFO [httpx2] HTTP Request: POST http://localhost:8000/v1/chat/completions "HTTP/1.1 200 OK"
2026-10-09 10:48:48,009 INFO [panda.agent] clip 31 re-reason (round 3): score=0.200 status=insufficient
2026-10-09 10:48:48,010 INFO [panda.agent] clip 31: still insufficient after 3 rounds; fallback score 0.50
2026-10-09 10:48:49,409 INFO [httpx2] HTTP Request: POST http://localhost:8000/v1/chat/completions "HTTP/1.1 200 OK"
2026-10-09 10:48:49,411 INFO [panda.agent] clip 32 reason: score=0.000 status=normal
2026-10-09 10:48:51,112 INFO [httpx2] HTTP Request: POST http://localhost:8000/v1/chat/completions "HTTP/1.1 200 OK"
2026-10-09 10:48:51,114 INFO [panda.agent] clip 33 reason: score=0.000 status=normal
2026-10-09 10:48:52,874 INFO [httpx2] HTTP Request: POST http://localhost:8000/v1/chat/completions "HTTP/1.1 200 OK"
2026-10-09 10:48:52,877 INFO [panda.agent] clip 34 reason: score=0.000 status=normal
2026-10-09 10:48:54,641 INFO [httpx2] HTTP Request: POST http://localhost:8000/v1/chat/completions "HTTP/1.1 200 OK"
2026-10-09 10:48:54,643 INFO [panda.agent] clip 35 reason: score=0.000 status=normal
2026-10-09 10:48:56,465 INFO [httpx2] HTTP Request: POST http://localhost:8000/v1/chat/completions "HTTP/1.1 200 OK"
2026-10-09 10:48:56,468 INFO [panda.agent] clip 36 reason: score=0.200 status=insufficient
2026-10-09 10:48:56,471 WARNING [panda.models] MLLM request failed (attempt 1): MLLM API key missing: set KIMI_API_KEY (and optionally KIMI_BASE_URL) in the environment.
2026-10-09 10:48:56,471 WARNING [panda.models] MLLM request failed (attempt 2): MLLM API key missing: set KIMI_API_KEY (and optionally KIMI_BASE_URL) in the environment.
2026-10-09 10:48:56,471 ERROR [panda.models] MLLM failed to produce parseable JSON after retries
2026-10-09 10:48:56,471 WARNING [panda.agent] reflection output not parseable; using empty reflection
2026-10-09 10:48:56,472 INFO [panda.agent] clip 36 reflection round 1: tools=[]
2026-10-09 10:48:56,473 INFO [panda.agent] clip 36: reflection suggested no tools
2026-10-09 10:48:58,083 INFO [httpx2] HTTP Request: POST http://localhost:8000/v1/chat/completions "HTTP/1.1 200 OK"
2026-10-09 10:48:58,086 INFO [panda.agent] clip 36 re-reason (round 1): score=0.200 status=insufficient
2026-10-09 10:48:58,088 WARNING [panda.models] MLLM request failed (attempt 1): MLLM API key missing: set KIMI_API_KEY (and optionally KIMI_BASE_URL) in the environment.
2026-10-09 10:48:58,089 WARNING [panda.models] MLLM request failed (attempt 2): MLLM API key missing: set KIMI_API_KEY (and optionally KIMI_BASE_URL) in the environment.
2026-10-09 10:48:58,089 ERROR [panda.models] MLLM failed to produce parseable JSON after retries
2026-10-09 10:48:58,089 WARNING [panda.agent] reflection output not parseable; using empty reflection
2026-10-09 10:48:58,089 INFO [panda.agent] clip 36 reflection round 2: tools=[]
2026-10-09 10:48:58,090 INFO [panda.agent] clip 36: reflection suggested no tools
2026-10-09 10:48:59,704 INFO [httpx2] HTTP Request: POST http://localhost:8000/v1/chat/completions "HTTP/1.1 200 OK"
2026-10-09 10:48:59,707 INFO [panda.agent] clip 36 re-reason (round 2): score=0.200 status=insufficient
2026-10-09 10:48:59,710 WARNING [panda.models] MLLM request failed (attempt 1): MLLM API key missing: set KIMI_API_KEY (and optionally KIMI_BASE_URL) in the environment.
2026-10-09 10:48:59,710 WARNING [panda.models] MLLM request failed (attempt 2): MLLM API key missing: set KIMI_API_KEY (and optionally KIMI_BASE_URL) in the environment.
2026-10-09 10:48:59,710 ERROR [panda.models] MLLM failed to produce parseable JSON after retries
2026-10-09 10:48:59,710 WARNING [panda.agent] reflection output not parseable; using empty reflection
2026-10-09 10:48:59,710 INFO [panda.agent] clip 36 reflection round 3: tools=[]
2026-10-09 10:48:59,712 INFO [panda.agent] clip 36: reflection suggested no tools
2026-10-09 10:49:01,316 INFO [httpx2] HTTP Request: POST http://localhost:8000/v1/chat/completions "HTTP/1.1 200 OK"
2026-10-09 10:49:01,318 INFO [panda.agent] clip 36 re-reason (round 3): score=0.200 status=insufficient
2026-10-09 10:49:01,321 INFO [panda.agent] clip 36: still insufficient after 3 rounds; fallback score 0.50
2026-10-09 10:49:03,186 INFO [httpx2] HTTP Request: POST http://localhost:8000/v1/chat/completions "HTTP/1.1 200 OK"
2026-10-09 10:49:03,188 INFO [panda.agent] clip 37 reason: score=0.000 status=normal
2026-10-09 10:49:04,646 INFO [httpx2] HTTP Request: POST http://localhost:8000/v1/chat/completions "HTTP/1.1 200 OK"
2026-10-09 10:49:04,648 INFO [panda.agent] clip 38 reason: score=0.200 status=insufficient
2026-10-09 10:49:04,649 WARNING [panda.models] MLLM request failed (attempt 1): MLLM API key missing: set KIMI_API_KEY (and optionally KIMI_BASE_URL) in the environment.
2026-10-09 10:49:04,649 WARNING [panda.models] MLLM request failed (attempt 2): MLLM API key missing: set KIMI_API_KEY (and optionally KIMI_BASE_URL) in the environment.
2026-10-09 10:49:04,649 ERROR [panda.models] MLLM failed to produce parseable JSON after retries
2026-10-09 10:49:04,650 WARNING [panda.agent] reflection output not parseable; using empty reflection
2026-10-09 10:49:04,650 INFO [panda.agent] clip 38 reflection round 1: tools=[]
2026-10-09 10:49:04,650 INFO [panda.agent] clip 38: reflection suggested no tools
2026-10-09 10:49:06,359 INFO [httpx2] HTTP Request: POST http://localhost:8000/v1/chat/completions "HTTP/1.1 200 OK"
2026-10-09 10:49:06,362 INFO [panda.agent] clip 38 re-reason (round 1): score=0.200 status=insufficient
2026-10-09 10:49:06,365 WARNING [panda.models] MLLM request failed (attempt 1): MLLM API key missing: set KIMI_API_KEY (and optionally KIMI_BASE_URL) in the environment.
2026-10-09 10:49:06,365 WARNING [panda.models] MLLM request failed (attempt 2): MLLM API key missing: set KIMI_API_KEY (and optionally KIMI_BASE_URL) in the environment.
2026-10-09 10:49:06,365 ERROR [panda.models] MLLM failed to produce parseable JSON after retries
2026-10-09 10:49:06,365 WARNING [panda.agent] reflection output not parseable; using empty reflection
2026-10-09 10:49:06,366 INFO [panda.agent] clip 38 reflection round 2: tools=[]
2026-10-09 10:49:06,367 INFO [panda.agent] clip 38: reflection suggested no tools
2026-10-09 10:49:08,077 INFO [httpx2] HTTP Request: POST http://localhost:8000/v1/chat/completions "HTTP/1.1 200 OK"
2026-10-09 10:49:08,080 INFO [panda.agent] clip 38 re-reason (round 2): score=0.200 status=insufficient
2026-10-09 10:49:08,083 WARNING [panda.models] MLLM request failed (attempt 1): MLLM API key missing: set KIMI_API_KEY (and optionally KIMI_BASE_URL) in the environment.
2026-10-09 10:49:08,083 WARNING [panda.models] MLLM request failed (attempt 2): MLLM API key missing: set KIMI_API_KEY (and optionally KIMI_BASE_URL) in the environment.
2026-10-09 10:49:08,083 ERROR [panda.models] MLLM failed to produce parseable JSON after retries
2026-10-09 10:49:08,083 WARNING [panda.agent] reflection output not parseable; using empty reflection
2026-10-09 10:49:08,083 INFO [panda.agent] clip 38 reflection round 3: tools=[]
2026-10-09 10:49:08,085 INFO [panda.agent] clip 38: reflection suggested no tools
2026-10-09 10:49:09,791 INFO [httpx2] HTTP Request: POST http://localhost:8000/v1/chat/completions "HTTP/1.1 200 OK"
2026-10-09 10:49:09,794 INFO [panda.agent] clip 38 re-reason (round 3): score=0.200 status=insufficient
2026-10-09 10:49:09,796 INFO [panda.agent] clip 38: still insufficient after 3 rounds; fallback score 0.50
2026-10-09 10:49:11,467 INFO [httpx2] HTTP Request: POST http://localhost:8000/v1/chat/completions "HTTP/1.1 200 OK"
2026-10-09 10:49:11,469 INFO [panda.agent] clip 39 reason: score=0.000 status=normal
2026-10-09 10:49:13,135 INFO [httpx2] HTTP Request: POST http://localhost:8000/v1/chat/completions "HTTP/1.1 200 OK"
2026-10-09 10:49:13,137 INFO [panda.agent] clip 40 reason: score=0.000 status=normal
2026-10-09 10:49:14,545 INFO [httpx2] HTTP Request: POST http://localhost:8000/v1/chat/completions "HTTP/1.1 200 OK"
2026-10-09 10:49:14,547 INFO [panda.agent] clip 41 reason: score=0.100 status=normal
2026-10-09 10:49:16,242 INFO [httpx2] HTTP Request: POST http://localhost:8000/v1/chat/completions "HTTP/1.1 200 OK"
2026-10-09 10:49:16,243 INFO [panda.agent] clip 42 reason: score=0.000 status=normal
2026-10-09 10:49:18,000 INFO [httpx2] HTTP Request: POST http://localhost:8000/v1/chat/completions "HTTP/1.1 200 OK"
2026-10-09 10:49:18,002 INFO [panda.agent] clip 43 reason: score=0.000 status=normal
2026-10-09 10:49:19,663 INFO [httpx2] HTTP Request: POST http://localhost:8000/v1/chat/completions "HTTP/1.1 200 OK"
2026-10-09 10:49:19,666 INFO [panda.agent] clip 44 reason: score=0.000 status=normal
2026-10-09 10:49:20,996 INFO [httpx2] HTTP Request: POST http://localhost:8000/v1/chat/completions "HTTP/1.1 200 OK"
2026-10-09 10:49:20,997 INFO [panda.agent] clip 45 reason: score=0.000 status=normal
2026-10-09 10:49:22,713 INFO [httpx2] HTTP Request: POST http://localhost:8000/v1/chat/completions "HTTP/1.1 200 OK"
2026-10-09 10:49:22,715 INFO [panda.agent] clip 46 reason: score=0.000 status=normal
2026-10-09 10:49:24,340 INFO [httpx2] HTTP Request: POST http://localhost:8000/v1/chat/completions "HTTP/1.1 200 OK"
2026-10-09 10:49:24,341 INFO [panda.agent] clip 47 reason: score=0.000 status=normal
2026-10-09 10:49:25,995 INFO [httpx2] HTTP Request: POST http://localhost:8000/v1/chat/completions "HTTP/1.1 200 OK"
2026-10-09 10:49:25,997 INFO [panda.agent] clip 48 reason: score=0.000 status=normal
2026-10-09 10:49:27,693 INFO [httpx2] HTTP Request: POST http://localhost:8000/v1/chat/completions "HTTP/1.1 200 OK"
2026-10-09 10:49:27,695 INFO [panda.agent] clip 49 reason: score=0.000 status=normal
2026-10-09 10:49:29,354 INFO [httpx2] HTTP Request: POST http://localhost:8000/v1/chat/completions "HTTP/1.1 200 OK"
2026-10-09 10:49:29,356 INFO [panda.agent] clip 50 reason: score=0.000 status=normal
2026-10-09 10:49:31,002 INFO [httpx2] HTTP Request: POST http://localhost:8000/v1/chat/completions "HTTP/1.1 200 OK"
2026-10-09 10:49:31,003 INFO [panda.agent] clip 51 reason: score=0.000 status=normal
2026-10-09 10:49:32,691 INFO [httpx2] HTTP Request: POST http://localhost:8000/v1/chat/completions "HTTP/1.1 200 OK"
2026-10-09 10:49:32,692 INFO [panda.agent] clip 52 reason: score=0.000 status=normal
2026-10-09 10:49:34,384 INFO [httpx2] HTTP Request: POST http://localhost:8000/v1/chat/completions "HTTP/1.1 200 OK"
2026-10-09 10:49:34,386 INFO [panda.agent] clip 53 reason: score=0.000 status=normal
2026-10-09 10:49:36,079 INFO [httpx2] HTTP Request: POST http://localhost:8000/v1/chat/completions "HTTP/1.1 200 OK"
2026-10-09 10:49:36,081 INFO [panda.agent] clip 54 reason: score=0.000 status=normal
2026-10-09 10:49:37,773 INFO [httpx2] HTTP Request: POST http://localhost:8000/v1/chat/completions "HTTP/1.1 200 OK"
2026-10-09 10:49:37,776 INFO [panda.agent] clip 55 reason: score=0.000 status=normal
2026-10-09 10:49:39,440 INFO [httpx2] HTTP Request: POST http://localhost:8000/v1/chat/completions "HTTP/1.1 200 OK"
2026-10-09 10:49:39,441 INFO [panda.agent] clip 56 reason: score=0.000 status=normal
2026-10-09 10:49:41,123 INFO [httpx2] HTTP Request: POST http://localhost:8000/v1/chat/completions "HTTP/1.1 200 OK"
2026-10-09 10:49:41,124 INFO [panda.agent] clip 57 reason: score=0.000 status=normal
2026-10-09 10:49:42,756 INFO [httpx2] HTTP Request: POST http://localhost:8000/v1/chat/completions "HTTP/1.1 200 OK"
2026-10-09 10:49:42,758 INFO [panda.agent] clip 58 reason: score=0.000 status=normal
2026-10-09 10:49:44,492 INFO [httpx2] HTTP Request: POST http://localhost:8000/v1/chat/completions "HTTP/1.1 200 OK"
2026-10-09 10:49:44,493 INFO [panda.agent] clip 59 reason: score=0.000 status=normal
2026-10-09 10:49:46,183 INFO [httpx2] HTTP Request: POST http://localhost:8000/v1/chat/completions "HTTP/1.1 200 OK"
2026-10-09 10:49:46,185 INFO [panda.agent] clip 60 reason: score=0.000 status=normal
2026-10-09 10:49:47,847 INFO [httpx2] HTTP Request: POST http://localhost:8000/v1/chat/completions "HTTP/1.1 200 OK"
2026-10-09 10:49:47,849 INFO [panda.agent] clip 61 reason: score=0.000 status=normal
2026-10-09 10:49:49,595 INFO [httpx2] HTTP Request: POST http://localhost:8000/v1/chat/completions "HTTP/1.1 200 OK"
2026-10-09 10:49:49,597 INFO [panda.agent] clip 62 reason: score=0.000 status=normal
2026-10-09 10:49:51,353 INFO [httpx2] HTTP Request: POST http://localhost:8000/v1/chat/completions "HTTP/1.1 200 OK"
2026-10-09 10:49:51,355 INFO [panda.agent] clip 63 reason: score=0.000 status=normal
2026-10-09 10:49:52,995 INFO [httpx2] HTTP Request: POST http://localhost:8000/v1/chat/completions "HTTP/1.1 200 OK"
2026-10-09 10:49:52,997 INFO [panda.agent] clip 64 reason: score=0.000 status=normal
2026-10-09 10:49:54,669 INFO [httpx2] HTTP Request: POST http://localhost:8000/v1/chat/completions "HTTP/1.1 200 OK"
2026-10-09 10:49:54,671 INFO [panda.agent] clip 65 reason: score=0.000 status=normal
2026-10-09 10:49:56,328 INFO [httpx2] HTTP Request: POST http://localhost:8000/v1/chat/completions "HTTP/1.1 200 OK"
2026-10-09 10:49:56,330 INFO [panda.agent] clip 66 reason: score=0.000 status=normal
2026-10-09 10:49:58,045 INFO [httpx2] HTTP Request: POST http://localhost:8000/v1/chat/completions "HTTP/1.1 200 OK"
2026-10-09 10:49:58,047 INFO [panda.agent] clip 67 reason: score=0.000 status=normal
2026-10-09 10:49:59,751 INFO [httpx2] HTTP Request: POST http://localhost:8000/v1/chat/completions "HTTP/1.1 200 OK"
2026-10-09 10:49:59,753 INFO [panda.agent] clip 68 reason: score=0.000 status=normal
2026-10-09 10:50:01,411 INFO [httpx2] HTTP Request: POST http://localhost:8000/v1/chat/completions "HTTP/1.1 200 OK"
2026-10-09 10:50:01,413 INFO [panda.agent] clip 69 reason: score=0.000 status=normal
2026-10-09 10:50:03,173 INFO [httpx2] HTTP Request: POST http://localhost:8000/v1/chat/completions "HTTP/1.1 200 OK"
2026-10-09 10:50:03,176 INFO [panda.agent] clip 70 reason: score=0.000 status=normal
2026-10-09 10:50:04,827 INFO [httpx2] HTTP Request: POST http://localhost:8000/v1/chat/completions "HTTP/1.1 200 OK"
2026-10-09 10:50:04,829 INFO [panda.agent] clip 71 reason: score=0.000 status=normal
2026-10-09 10:50:06,631 INFO [httpx2] HTTP Request: POST http://localhost:8000/v1/chat/completions "HTTP/1.1 200 OK"
2026-10-09 10:50:06,632 INFO [panda.agent] clip 72 reason: score=0.000 status=normal
2026-10-09 10:50:08,308 INFO [httpx2] HTTP Request: POST http://localhost:8000/v1/chat/completions "HTTP/1.1 200 OK"
2026-10-09 10:50:08,311 INFO [panda.agent] clip 73 reason: score=0.100 status=normal
2026-10-09 10:50:10,201 INFO [httpx2] HTTP Request: POST http://localhost:8000/v1/chat/completions "HTTP/1.1 200 OK"
2026-10-09 10:50:10,204 INFO [panda.agent] clip 74 reason: score=0.200 status=insufficient
2026-10-09 10:50:10,206 WARNING [panda.models] MLLM request failed (attempt 1): MLLM API key missing: set KIMI_API_KEY (and optionally KIMI_BASE_URL) in the environment.
2026-10-09 10:50:10,207 WARNING [panda.models] MLLM request failed (attempt 2): MLLM API key missing: set KIMI_API_KEY (and optionally KIMI_BASE_URL) in the environment.
2026-10-09 10:50:10,207 ERROR [panda.models] MLLM failed to produce parseable JSON after retries
2026-10-09 10:50:10,207 WARNING [panda.agent] reflection output not parseable; using empty reflection
2026-10-09 10:50:10,207 INFO [panda.agent] clip 74 reflection round 1: tools=[]
2026-10-09 10:50:10,209 INFO [panda.agent] clip 74: reflection suggested no tools
2026-10-09 10:50:11,939 INFO [httpx2] HTTP Request: POST http://localhost:8000/v1/chat/completions "HTTP/1.1 200 OK"
2026-10-09 10:50:11,941 INFO [panda.agent] clip 74 re-reason (round 1): score=0.200 status=insufficient
2026-10-09 10:50:11,943 WARNING [panda.models] MLLM request failed (attempt 1): MLLM API key missing: set KIMI_API_KEY (and optionally KIMI_BASE_URL) in the environment.
2026-10-09 10:50:11,944 WARNING [panda.models] MLLM request failed (attempt 2): MLLM API key missing: set KIMI_API_KEY (and optionally KIMI_BASE_URL) in the environment.
2026-10-09 10:50:11,944 ERROR [panda.models] MLLM failed to produce parseable JSON after retries
2026-10-09 10:50:11,944 WARNING [panda.agent] reflection output not parseable; using empty reflection
2026-10-09 10:50:11,944 INFO [panda.agent] clip 74 reflection round 2: tools=[]
2026-10-09 10:50:11,946 INFO [panda.agent] clip 74: reflection suggested no tools
2026-10-09 10:50:13,689 INFO [httpx2] HTTP Request: POST http://localhost:8000/v1/chat/completions "HTTP/1.1 200 OK"
2026-10-09 10:50:13,694 INFO [panda.agent] clip 74 re-reason (round 2): score=0.200 status=insufficient
2026-10-09 10:50:13,701 WARNING [panda.models] MLLM request failed (attempt 1): MLLM API key missing: set KIMI_API_KEY (and optionally KIMI_BASE_URL) in the environment.
2026-10-09 10:50:13,701 WARNING [panda.models] MLLM request failed (attempt 2): MLLM API key missing: set KIMI_API_KEY (and optionally KIMI_BASE_URL) in the environment.
2026-10-09 10:50:13,702 ERROR [panda.models] MLLM failed to produce parseable JSON after retries
2026-10-09 10:50:13,702 WARNING [panda.agent] reflection output not parseable; using empty reflection
2026-10-09 10:50:13,702 INFO [panda.agent] clip 74 reflection round 3: tools=[]
2026-10-09 10:50:13,704 INFO [panda.agent] clip 74: reflection suggested no tools
2026-10-09 10:50:15,420 INFO [httpx2] HTTP Request: POST http://localhost:8000/v1/chat/completions "HTTP/1.1 200 OK"
2026-10-09 10:50:15,422 INFO [panda.agent] clip 74 re-reason (round 3): score=0.200 status=insufficient
2026-10-09 10:50:15,423 INFO [panda.agent] clip 74: still insufficient after 3 rounds; fallback score 0.50
2026-10-09 10:50:16,529 INFO [httpx2] HTTP Request: POST http://localhost:8000/v1/chat/completions "HTTP/1.1 200 OK"
2026-10-09 10:50:16,531 INFO [panda.agent] clip 75 reason: score=0.200 status=insufficient
2026-10-09 10:50:16,532 WARNING [panda.models] MLLM request failed (attempt 1): MLLM API key missing: set KIMI_API_KEY (and optionally KIMI_BASE_URL) in the environment.
2026-10-09 10:50:16,532 WARNING [panda.models] MLLM request failed (attempt 2): MLLM API key missing: set KIMI_API_KEY (and optionally KIMI_BASE_URL) in the environment.
2026-10-09 10:50:16,532 ERROR [panda.models] MLLM failed to produce parseable JSON after retries
2026-10-09 10:50:16,532 WARNING [panda.agent] reflection output not parseable; using empty reflection
2026-10-09 10:50:16,532 INFO [panda.agent] clip 75 reflection round 1: tools=[]
2026-10-09 10:50:16,532 INFO [panda.agent] clip 75: reflection suggested no tools
2026-10-09 10:50:17,464 INFO [httpx2] HTTP Request: POST http://localhost:8000/v1/chat/completions "HTTP/1.1 200 OK"
2026-10-09 10:50:17,466 INFO [panda.agent] clip 75 re-reason (round 1): score=0.200 status=insufficient
2026-10-09 10:50:17,469 WARNING [panda.models] MLLM request failed (attempt 1): MLLM API key missing: set KIMI_API_KEY (and optionally KIMI_BASE_URL) in the environment.
2026-10-09 10:50:17,470 WARNING [panda.models] MLLM request failed (attempt 2): MLLM API key missing: set KIMI_API_KEY (and optionally KIMI_BASE_URL) in the environment.
2026-10-09 10:50:17,470 ERROR [panda.models] MLLM failed to produce parseable JSON after retries
2026-10-09 10:50:17,470 WARNING [panda.agent] reflection output not parseable; using empty reflection
2026-10-09 10:50:17,470 INFO [panda.agent] clip 75 reflection round 2: tools=[]
2026-10-09 10:50:17,472 INFO [panda.agent] clip 75: reflection suggested no tools
2026-10-09 10:50:18,416 INFO [httpx2] HTTP Request: POST http://localhost:8000/v1/chat/completions "HTTP/1.1 200 OK"
2026-10-09 10:50:18,418 INFO [panda.agent] clip 75 re-reason (round 2): score=0.200 status=insufficient
2026-10-09 10:50:18,421 WARNING [panda.models] MLLM request failed (attempt 1): MLLM API key missing: set KIMI_API_KEY (and optionally KIMI_BASE_URL) in the environment.
2026-10-09 10:50:18,421 WARNING [panda.models] MLLM request failed (attempt 2): MLLM API key missing: set KIMI_API_KEY (and optionally KIMI_BASE_URL) in the environment.
2026-10-09 10:50:18,421 ERROR [panda.models] MLLM failed to produce parseable JSON after retries
2026-10-09 10:50:18,422 WARNING [panda.agent] reflection output not parseable; using empty reflection
2026-10-09 10:50:18,422 INFO [panda.agent] clip 75 reflection round 3: tools=[]
2026-10-09 10:50:18,423 INFO [panda.agent] clip 75: reflection suggested no tools
2026-10-09 10:50:19,353 INFO [httpx2] HTTP Request: POST http://localhost:8000/v1/chat/completions "HTTP/1.1 200 OK"
2026-10-09 10:50:19,355 INFO [panda.agent] clip 75 re-reason (round 3): score=0.200 status=insufficient
2026-10-09 10:50:19,357 INFO [panda.agent] clip 75: still insufficient after 3 rounds; fallback score 0.50
2026-10-09 10:50:21,116 INFO [httpx2] HTTP Request: POST http://localhost:8000/v1/chat/completions "HTTP/1.1 200 OK"
2026-10-09 10:50:21,119 INFO [panda.agent] clip 76 reason: score=0.000 status=normal
2026-10-09 10:50:22,518 INFO [httpx2] HTTP Request: POST http://localhost:8000/v1/chat/completions "HTTP/1.1 200 OK"
2026-10-09 10:50:22,520 INFO [panda.agent] clip 77 reason: score=0.200 status=insufficient
2026-10-09 10:50:22,523 WARNING [panda.models] MLLM request failed (attempt 1): MLLM API key missing: set KIMI_API_KEY (and optionally KIMI_BASE_URL) in the environment.
2026-10-09 10:50:22,523 WARNING [panda.models] MLLM request failed (attempt 2): MLLM API key missing: set KIMI_API_KEY (and optionally KIMI_BASE_URL) in the environment.
2026-10-09 10:50:22,523 ERROR [panda.models] MLLM failed to produce parseable JSON after retries
2026-10-09 10:50:22,523 WARNING [panda.agent] reflection output not parseable; using empty reflection
2026-10-09 10:50:22,523 INFO [panda.agent] clip 77 reflection round 1: tools=[]
2026-10-09 10:50:22,525 INFO [panda.agent] clip 77: reflection suggested no tools
2026-10-09 10:50:24,383 INFO [httpx2] HTTP Request: POST http://localhost:8000/v1/chat/completions "HTTP/1.1 200 OK"
2026-10-09 10:50:24,385 INFO [panda.agent] clip 77 re-reason (round 1): score=0.200 status=insufficient
2026-10-09 10:50:24,389 WARNING [panda.models] MLLM request failed (attempt 1): MLLM API key missing: set KIMI_API_KEY (and optionally KIMI_BASE_URL) in the environment.
2026-10-09 10:50:24,389 WARNING [panda.models] MLLM request failed (attempt 2): MLLM API key missing: set KIMI_API_KEY (and optionally KIMI_BASE_URL) in the environment.
2026-10-09 10:50:24,389 ERROR [panda.models] MLLM failed to produce parseable JSON after retries
2026-10-09 10:50:24,389 WARNING [panda.agent] reflection output not parseable; using empty reflection
2026-10-09 10:50:24,389 INFO [panda.agent] clip 77 reflection round 2: tools=[]
2026-10-09 10:50:24,391 INFO [panda.agent] clip 77: reflection suggested no tools
2026-10-09 10:50:26,243 INFO [httpx2] HTTP Request: POST http://localhost:8000/v1/chat/completions "HTTP/1.1 200 OK"
2026-10-09 10:50:26,245 INFO [panda.agent] clip 77 re-reason (round 2): score=0.200 status=insufficient
2026-10-09 10:50:26,248 WARNING [panda.models] MLLM request failed (attempt 1): MLLM API key missing: set KIMI_API_KEY (and optionally KIMI_BASE_URL) in the environment.
2026-10-09 10:50:26,248 WARNING [panda.models] MLLM request failed (attempt 2): MLLM API key missing: set KIMI_API_KEY (and optionally KIMI_BASE_URL) in the environment.
2026-10-09 10:50:26,248 ERROR [panda.models] MLLM failed to produce parseable JSON after retries
2026-10-09 10:50:26,248 WARNING [panda.agent] reflection output not parseable; using empty reflection
2026-10-09 10:50:26,248 INFO [panda.agent] clip 77 reflection round 3: tools=[]
2026-10-09 10:50:26,250 INFO [panda.agent] clip 77: reflection suggested no tools
2026-10-09 10:50:28,120 INFO [httpx2] HTTP Request: POST http://localhost:8000/v1/chat/completions "HTTP/1.1 200 OK"
2026-10-09 10:50:28,121 INFO [panda.agent] clip 77 re-reason (round 3): score=0.200 status=insufficient
2026-10-09 10:50:28,121 INFO [panda.agent] clip 77: still insufficient after 3 rounds; fallback score 0.50
2026-10-09 10:50:29,845 INFO [httpx2] HTTP Request: POST http://localhost:8000/v1/chat/completions "HTTP/1.1 200 OK"
2026-10-09 10:50:29,846 INFO [panda.agent] clip 78 reason: score=0.000 status=normal
2026-10-09 10:50:31,501 INFO [httpx2] HTTP Request: POST http://localhost:8000/v1/chat/completions "HTTP/1.1 200 OK"
2026-10-09 10:50:31,503 INFO [panda.agent] clip 79 reason: score=0.000 status=normal
2026-10-09 10:50:33,195 INFO [httpx2] HTTP Request: POST http://localhost:8000/v1/chat/completions "HTTP/1.1 200 OK"
2026-10-09 10:50:33,197 INFO [panda.agent] clip 80 reason: score=0.000 status=normal
2026-10-09 10:50:35,202 INFO [httpx2] HTTP Request: POST http://localhost:8000/v1/chat/completions "HTTP/1.1 200 OK"
2026-10-09 10:50:35,204 INFO [panda.agent] clip 81 reason: score=0.000 status=normal
2026-10-09 10:50:36,885 INFO [httpx2] HTTP Request: POST http://localhost:8000/v1/chat/completions "HTTP/1.1 200 OK"
2026-10-09 10:50:36,887 INFO [panda.agent] clip 82 reason: score=0.000 status=normal
2026-10-09 10:50:38,996 INFO [httpx2] HTTP Request: POST http://localhost:8000/v1/chat/completions "HTTP/1.1 200 OK"
2026-10-09 10:50:38,999 INFO [panda.agent] clip 83 reason: score=0.200 status=insufficient
2026-10-09 10:50:39,002 WARNING [panda.models] MLLM request failed (attempt 1): MLLM API key missing: set KIMI_API_KEY (and optionally KIMI_BASE_URL) in the environment.
2026-10-09 10:50:39,002 WARNING [panda.models] MLLM request failed (attempt 2): MLLM API key missing: set KIMI_API_KEY (and optionally KIMI_BASE_URL) in the environment.
2026-10-09 10:50:39,002 ERROR [panda.models] MLLM failed to produce parseable JSON after retries
2026-10-09 10:50:39,002 WARNING [panda.agent] reflection output not parseable; using empty reflection
2026-10-09 10:50:39,002 INFO [panda.agent] clip 83 reflection round 1: tools=[]
2026-10-09 10:50:39,004 INFO [panda.agent] clip 83: reflection suggested no tools
2026-10-09 10:50:40,957 INFO [httpx2] HTTP Request: POST http://localhost:8000/v1/chat/completions "HTTP/1.1 200 OK"
2026-10-09 10:50:40,958 INFO [panda.agent] clip 83 re-reason (round 1): score=0.200 status=insufficient
2026-10-09 10:50:40,961 WARNING [panda.models] MLLM request failed (attempt 1): MLLM API key missing: set KIMI_API_KEY (and optionally KIMI_BASE_URL) in the environment.
2026-10-09 10:50:40,961 WARNING [panda.models] MLLM request failed (attempt 2): MLLM API key missing: set KIMI_API_KEY (and optionally KIMI_BASE_URL) in the environment.
2026-10-09 10:50:40,961 ERROR [panda.models] MLLM failed to produce parseable JSON after retries
2026-10-09 10:50:40,961 WARNING [panda.agent] reflection output not parseable; using empty reflection
2026-10-09 10:50:40,961 INFO [panda.agent] clip 83 reflection round 2: tools=[]
2026-10-09 10:50:40,962 INFO [panda.agent] clip 83: reflection suggested no tools
2026-10-09 10:50:42,929 INFO [httpx2] HTTP Request: POST http://localhost:8000/v1/chat/completions "HTTP/1.1 200 OK"
2026-10-09 10:50:42,930 INFO [panda.agent] clip 83 re-reason (round 2): score=0.200 status=insufficient
2026-10-09 10:50:42,931 WARNING [panda.models] MLLM request failed (attempt 1): MLLM API key missing: set KIMI_API_KEY (and optionally KIMI_BASE_URL) in the environment.
2026-10-09 10:50:42,931 WARNING [panda.models] MLLM request failed (attempt 2): MLLM API key missing: set KIMI_API_KEY (and optionally KIMI_BASE_URL) in the environment.
2026-10-09 10:50:42,931 ERROR [panda.models] MLLM failed to produce parseable JSON after retries
2026-10-09 10:50:42,931 WARNING [panda.agent] reflection output not parseable; using empty reflection
2026-10-09 10:50:42,931 INFO [panda.agent] clip 83 reflection round 3: tools=[]
2026-10-09 10:50:42,931 INFO [panda.agent] clip 83: reflection suggested no tools
2026-10-09 10:50:44,890 INFO [httpx2] HTTP Request: POST http://localhost:8000/v1/chat/completions "HTTP/1.1 200 OK"
2026-10-09 10:50:44,892 INFO [panda.agent] clip 83 re-reason (round 3): score=0.200 status=insufficient
2026-10-09 10:50:44,893 INFO [panda.agent] clip 83: still insufficient after 3 rounds; fallback score 0.50
2026-10-09 10:50:45,989 INFO [httpx2] HTTP Request: POST http://localhost:8000/v1/chat/completions "HTTP/1.1 200 OK"
2026-10-09 10:50:45,991 INFO [panda.agent] clip 84 reason: score=0.200 status=insufficient
2026-10-09 10:50:45,992 WARNING [panda.models] MLLM request failed (attempt 1): MLLM API key missing: set KIMI_API_KEY (and optionally KIMI_BASE_URL) in the environment.
2026-10-09 10:50:45,992 WARNING [panda.models] MLLM request failed (attempt 2): MLLM API key missing: set KIMI_API_KEY (and optionally KIMI_BASE_URL) in the environment.
2026-10-09 10:50:45,992 ERROR [panda.models] MLLM failed to produce parseable JSON after retries
2026-10-09 10:50:45,992 WARNING [panda.agent] reflection output not parseable; using empty reflection
2026-10-09 10:50:45,992 INFO [panda.agent] clip 84 reflection round 1: tools=[]
2026-10-09 10:50:45,993 INFO [panda.agent] clip 84: reflection suggested no tools
2026-10-09 10:50:46,949 INFO [httpx2] HTTP Request: POST http://localhost:8000/v1/chat/completions "HTTP/1.1 200 OK"
2026-10-09 10:50:46,951 INFO [panda.agent] clip 84 re-reason (round 1): score=0.200 status=insufficient
2026-10-09 10:50:46,952 WARNING [panda.models] MLLM request failed (attempt 1): MLLM API key missing: set KIMI_API_KEY (and optionally KIMI_BASE_URL) in the environment.
2026-10-09 10:50:46,952 WARNING [panda.models] MLLM request failed (attempt 2): MLLM API key missing: set KIMI_API_KEY (and optionally KIMI_BASE_URL) in the environment.
2026-10-09 10:50:46,953 ERROR [panda.models] MLLM failed to produce parseable JSON after retries
2026-10-09 10:50:46,953 WARNING [panda.agent] reflection output not parseable; using empty reflection
2026-10-09 10:50:46,953 INFO [panda.agent] clip 84 reflection round 2: tools=[]
2026-10-09 10:50:46,954 INFO [panda.agent] clip 84: reflection suggested no tools
2026-10-09 10:50:47,923 INFO [httpx2] HTTP Request: POST http://localhost:8000/v1/chat/completions "HTTP/1.1 200 OK"
2026-10-09 10:50:47,923 INFO [panda.agent] clip 84 re-reason (round 2): score=0.200 status=insufficient
2026-10-09 10:50:47,924 WARNING [panda.models] MLLM request failed (attempt 1): MLLM API key missing: set KIMI_API_KEY (and optionally KIMI_BASE_URL) in the environment.
2026-10-09 10:50:47,924 WARNING [panda.models] MLLM request failed (attempt 2): MLLM API key missing: set KIMI_API_KEY (and optionally KIMI_BASE_URL) in the environment.
2026-10-09 10:50:47,924 ERROR [panda.models] MLLM failed to produce parseable JSON after retries
2026-10-09 10:50:47,924 WARNING [panda.agent] reflection output not parseable; using empty reflection
2026-10-09 10:50:47,924 INFO [panda.agent] clip 84 reflection round 3: tools=[]
2026-10-09 10:50:47,925 INFO [panda.agent] clip 84: reflection suggested no tools
2026-10-09 10:50:48,880 INFO [httpx2] HTTP Request: POST http://localhost:8000/v1/chat/completions "HTTP/1.1 200 OK"
2026-10-09 10:50:48,882 INFO [panda.agent] clip 84 re-reason (round 3): score=0.200 status=insufficient
2026-10-09 10:50:48,885 INFO [panda.agent] clip 84: still insufficient after 3 rounds; fallback score 0.50
2026-10-09 10:50:50,586 INFO [httpx2] HTTP Request: POST http://localhost:8000/v1/chat/completions "HTTP/1.1 200 OK"
2026-10-09 10:50:50,588 INFO [panda.agent] clip 85 reason: score=0.000 status=normal
2026-10-09 10:50:52,659 INFO [httpx2] HTTP Request: POST http://localhost:8000/v1/chat/completions "HTTP/1.1 200 OK"
2026-10-09 10:50:52,661 INFO [panda.agent] clip 86 reason: score=0.000 status=normal
2026-10-09 10:50:54,330 INFO [httpx2] HTTP Request: POST http://localhost:8000/v1/chat/completions "HTTP/1.1 200 OK"
2026-10-09 10:50:54,331 INFO [panda.agent] clip 87 reason: score=0.000 status=normal
2026-10-09 10:50:55,965 INFO [httpx2] HTTP Request: POST http://localhost:8000/v1/chat/completions "HTTP/1.1 200 OK"
2026-10-09 10:50:55,968 INFO [panda.agent] clip 88 reason: score=0.000 status=normal
2026-10-09 10:50:57,675 INFO [httpx2] HTTP Request: POST http://localhost:8000/v1/chat/completions "HTTP/1.1 200 OK"
2026-10-09 10:50:57,678 INFO [panda.agent] clip 89 reason: score=0.000 status=normal
2026-10-09 10:50:59,315 INFO [httpx2] HTTP Request: POST http://localhost:8000/v1/chat/completions "HTTP/1.1 200 OK"
2026-10-09 10:50:59,316 INFO [panda.agent] clip 90 reason: score=0.000 status=normal
2026-10-09 10:51:00,942 INFO [httpx2] HTTP Request: POST http://localhost:8000/v1/chat/completions "HTTP/1.1 200 OK"
2026-10-09 10:51:00,944 INFO [panda.agent] clip 91 reason: score=0.000 status=normal
2026-10-09 10:51:02,571 INFO [httpx2] HTTP Request: POST http://localhost:8000/v1/chat/completions "HTTP/1.1 200 OK"
2026-10-09 10:51:02,574 INFO [panda.agent] clip 92 reason: score=0.000 status=normal
2026-10-09 10:51:04,319 INFO [httpx2] HTTP Request: POST http://localhost:8000/v1/chat/completions "HTTP/1.1 200 OK"
2026-10-09 10:51:04,320 INFO [panda.agent] clip 93 reason: score=0.000 status=normal
2026-10-09 10:51:05,954 INFO [httpx2] HTTP Request: POST http://localhost:8000/v1/chat/completions "HTTP/1.1 200 OK"
2026-10-09 10:51:05,956 INFO [panda.agent] clip 94 reason: score=0.000 status=normal
2026-10-09 10:51:07,649 INFO [httpx2] HTTP Request: POST http://localhost:8000/v1/chat/completions "HTTP/1.1 200 OK"
2026-10-09 10:51:07,652 INFO [panda.agent] clip 95 reason: score=0.000 status=normal
2026-10-09 10:51:09,322 INFO [httpx2] HTTP Request: POST http://localhost:8000/v1/chat/completions "HTTP/1.1 200 OK"
2026-10-09 10:51:09,325 INFO [panda.agent] clip 96 reason: score=0.000 status=normal
2026-10-09 10:51:11,026 INFO [httpx2] HTTP Request: POST http://localhost:8000/v1/chat/completions "HTTP/1.1 200 OK"
2026-10-09 10:51:11,028 INFO [panda.agent] clip 97 reason: score=0.000 status=normal
2026-10-09 10:51:12,998 INFO [httpx2] HTTP Request: POST http://localhost:8000/v1/chat/completions "HTTP/1.1 200 OK"
2026-10-09 10:51:13,000 INFO [panda.agent] clip 98 reason: score=0.000 status=normal
2026-10-09 10:51:14,696 INFO [httpx2] HTTP Request: POST http://localhost:8000/v1/chat/completions "HTTP/1.1 200 OK"
2026-10-09 10:51:14,698 INFO [panda.agent] clip 99 reason: score=0.000 status=normal
2026-10-09 10:51:16,342 INFO [httpx2] HTTP Request: POST http://localhost:8000/v1/chat/completions "HTTP/1.1 200 OK"
2026-10-09 10:51:16,346 INFO [panda.agent] clip 100 reason: score=0.000 status=normal
2026-10-09 10:51:18,037 INFO [httpx2] HTTP Request: POST http://localhost:8000/v1/chat/completions "HTTP/1.1 200 OK"
2026-10-09 10:51:18,038 INFO [panda.agent] clip 101 reason: score=0.000 status=normal
2026-10-09 10:51:19,757 INFO [httpx2] HTTP Request: POST http://localhost:8000/v1/chat/completions "HTTP/1.1 200 OK"
2026-10-09 10:51:19,760 INFO [panda.agent] clip 102 reason: score=0.000 status=normal
2026-10-09 10:51:21,442 INFO [httpx2] HTTP Request: POST http://localhost:8000/v1/chat/completions "HTTP/1.1 200 OK"
2026-10-09 10:51:21,444 INFO [panda.agent] clip 103 reason: score=0.000 status=normal
2026-10-09 10:51:23,119 INFO [httpx2] HTTP Request: POST http://localhost:8000/v1/chat/completions "HTTP/1.1 200 OK"
2026-10-09 10:51:23,120 INFO [panda.agent] clip 104 reason: score=0.000 status=normal
2026-10-09 10:51:24,728 INFO [httpx2] HTTP Request: POST http://localhost:8000/v1/chat/completions "HTTP/1.1 200 OK"
2026-10-09 10:51:24,728 INFO [panda.agent] clip 105 reason: score=0.000 status=normal
2026-10-09 10:51:24,730 INFO [panda.agent] === video Burglary032_x264 done: 106 clips ===
2026-10-09 10:51:24,742 INFO [run_eval] video Burglary032_x264 done in 244.5s: auc raw=54.70 smoothed=55.62
2026-10-09 10:51:24,743 INFO [run_eval] video Burglary033_x264 (abnormal): 42 frames, fps=30.00
2026-10-09 10:51:24,744 INFO [panda.agent] === video Burglary033_x264: 42 frames, 9 clips ===
2026-10-09 10:51:24,745 INFO [panda.agent] perception: sampled 42 frames, sending 32 (token budget)
2026-10-09 10:51:26,609 INFO [httpx2] HTTP Request: POST http://localhost:8000/v1/chat/completions "HTTP/1.1 200 OK"
